pcn,item,onhandqty,last_event,last_dest,last_event_time,suggested_review
1247,7686-43,9000,PTWY,1204138,06/11/25 13:17:43,moved off floor -> location may be stale (real available stock)
38264,5684L-7,8277,PICK,MFG Floor,06/02/25 11:22:53,likely consumed/staged on floor -> verify if on-hand should be 0
798,8291-160,8200,PTWY,1205615,11/18/20 08:50:37,moved off floor -> location may be stale (real available stock)
38438,6970L-G1-20,5000,PTWY,1305707,11/17/25 10:08:12,moved off floor -> location may be stale (real available stock)
524,6198-23,4900,PTWY,1305711,11/17/25 10:30:17,moved off floor -> location may be stale (real available stock)
523,6198-22,4750,PTWY,1201510,08/23/17 10:24:43,moved off floor -> location may be stale (real available stock)
11315,8008-180,4700,PTWY,1304612,10/02/25 09:00:58,moved off floor -> location may be stale (real available stock)
312,8192-375,4700,PTWY,1406303,12/18/25 12:21:19,moved off floor -> location may be stale (real available stock)
982,6198-24,4700,PTWY,1204407,08/24/17 08:10:04,moved off floor -> location may be stale (real available stock)
649,6198-20,4600,PTWY,1505708,08/24/17 15:08:47,moved off floor -> location may be stale (real available stock)
4854,6753L-59,4600,PTWY,1303612,08/26/25 10:08:59,moved off floor -> location may be stale (real available stock)
310,8522l-85,4500,PTWY,1303604,08/26/25 09:39:07,moved off floor -> location may be stale (real available stock)
837,7958-12,4300,PTWY,1505506,05/11/18 15:14:25,moved off floor -> location may be stale (real available stock)
14799,ACI-7252,4000,PICK,MFG Floor,04/10/25 14:32:56,likely consumed/staged on floor -> verify if on-hand should be 0
1268,8176-155,4000,PTWY,1304703,10/09/25 14:26:18,moved off floor -> location may be stale (real available stock)
14840,8500-200,4000,PICK,MFG Floor,01/28/26 09:32:23,likely consumed/staged on floor -> verify if on-hand should be 0
43274,8119L-5,4000,PICK,MFG Floor,10/24/25 12:51:50,likely consumed/staged on floor -> verify if on-hand should be 0
1881,8452-215,3800,PTWY,1304307,02/22/22 12:15:10,moved off floor -> location may be stale (real available stock)
2600,7839L-50,3750,PTWY,1402405,11/24/25 12:36:19,moved off floor -> location may be stale (real available stock)
733,6802-120,3700,PTWY,1304410,08/25/25 12:36:09,moved off floor -> location may be stale (real available stock)
36973,6273ML-21,3500,PICK,MFG Floor,09/09/25 10:11:57,likely consumed/staged on floor -> verify if on-hand should be 0
30434,8417L-15,3500,PICK,MFG Floor,05/21/24 15:02:54,likely consumed/staged on floor -> verify if on-hand should be 0
12588,8764L-180,3040,PTWY,1406407,12/16/25 08:44:02,moved off floor -> location may be stale (real available stock)
1743,7605-9,3000,PTWY,1406105,11/25/25 11:45:20,moved off floor -> location may be stale (real available stock)
8742,ACI-5187,3000,PICK,MFG Floor,10/08/25 13:05:25,likely consumed/staged on floor -> verify if on-hand should be 0
667,8291-265,2800,PTWY,1406308,12/19/25 07:25:20,moved off floor -> location may be stale (real available stock)
1678,8747L-5,2700,PTWY,1304514,10/01/25 15:19:06,moved off floor -> location may be stale (real available stock)
35231,8119L-50,2500,PICK,MFG Floor,10/30/25 09:05:40,likely consumed/staged on floor -> verify if on-hand should be 0
43336,8119L-50,2500,PICK,MFG Floor,10/30/25 10:08:47,likely consumed/staged on floor -> verify if on-hand should be 0
17657,6225L-15,2500,PTWY,1303709,09/30/25 10:21:37,moved off floor -> location may be stale (real available stock)
35230,8119L-50,2500,PICK,MFG Floor,10/30/25 09:02:43,likely consumed/staged on floor -> verify if on-hand should be 0
20096,7946L-340,2218,PTWY,1502304,06/06/25 10:28:17,moved off floor -> location may be stale (real available stock)
29987,8119L-50,2170,PICK,MFG Floor,10/30/25 09:10:15,likely consumed/staged on floor -> verify if on-hand should be 0
38266,5684L-3,2130,PICK,MFG Floor,06/02/25 11:22:37,likely consumed/staged on floor -> verify if on-hand should be 0
35322,8520L-145,2000,PICK,MFG Floor,01/08/26 07:10:45,likely consumed/staged on floor -> verify if on-hand should be 0
8736,ACI-5195,2000,PICK,MFG Floor,11/04/25 09:12:24,likely consumed/staged on floor -> verify if on-hand should be 0
917,7946L-320,1800,PTWY,1502305,09/05/25 12:19:52,moved off floor -> location may be stale (real available stock)
37591,7453-4,1710,PICK,MFG Floor,05/19/25 13:52:07,likely consumed/staged on floor -> verify if on-hand should be 0
35228,8119L-50,1500,PICK,MFG Floor,10/30/25 09:04:14,likely consumed/staged on floor -> verify if on-hand should be 0
16886,ACI-7315,1500,PICK,MFG Floor,11/04/25 09:27:14,likely consumed/staged on floor -> verify if on-hand should be 0
30829,8119L-50,1450,PICK,MFG Floor,10/30/25 09:09:31,likely consumed/staged on floor -> verify if on-hand should be 0
8755,7848-7,1400,PICK,MFG Floor,10/23/25 08:14:44,likely consumed/staged on floor -> verify if on-hand should be 0
4690,ACI-3839,1220,PICK,MFG Floor,12/12/25 12:38:30,likely consumed/staged on floor -> verify if on-hand should be 0
30142,8721L-250,1100,PICK,MFG Floor,12/12/25 12:53:06,likely consumed/staged on floor -> verify if on-hand should be 0
1425,8477l-30,1100,PTWY,1402508,01/09/26 12:03:50,moved off floor -> location may be stale (real available stock)
7618,8343ML-220,1000,PTWY,1303303,08/15/25 07:10:23,moved off floor -> location may be stale (real available stock)
43852,8755L-15,1000,PICK,MFG Floor,12/02/25 08:36:50,likely consumed/staged on floor -> verify if on-hand should be 0
44841,6846-66,1000,PICK,MFG Floor,02/17/26 12:02:02,likely consumed/staged on floor -> verify if on-hand should be 0
13434,5189-108,1000,PICK,MFG Floor,05/29/25 14:35:24,likely consumed/staged on floor -> verify if on-hand should be 0
35154,6970L-G1-3,980,PTWY,1406405,12/16/25 08:41:52,moved off floor -> location may be stale (real available stock)
6135,7595-28,950,PTWY,1406109,11/26/25 11:31:48,moved off floor -> location may be stale (real available stock)
20095,8080L-420,900,PTWY,1303411,08/15/25 09:55:43,moved off floor -> location may be stale (real available stock)
16153,8245L-275,800,PTWY,1204406,07/28/20 11:29:41,moved off floor -> location may be stale (real available stock)
1626,5189-1,700,PICK,MFG Floor,05/29/25 14:32:26,likely consumed/staged on floor -> verify if on-hand should be 0
1871,8192-130,680,PTWY,1505709,01/26/21 09:57:36,moved off floor -> location may be stale (real available stock)
35212,8016L-2,680,PTWY,1602006,03/24/26 09:58:20,moved off floor -> location may be stale (real available stock)
40775,8756L-40,600,PICK,MFG Floor,06/06/25 12:04:57,likely consumed/staged on floor -> verify if on-hand should be 0
771,6932L-25,550,PTWY,1304807,10/14/25 08:13:40,moved off floor -> location may be stale (real available stock)
38265,5684L-7,540,PICK,MFG Floor,06/02/25 11:23:00,likely consumed/staged on floor -> verify if on-hand should be 0
4232,7700-11,510,PICK,MFG Floor,02/26/26 08:41:45,likely consumed/staged on floor -> verify if on-hand should be 0
1752,7104-9,500,PICK,MFG Floor,05/21/24 14:49:04,likely consumed/staged on floor -> verify if on-hand should be 0
237,6134-35,500,PTWY,1304101,08/15/25 13:14:57,moved off floor -> location may be stale (real available stock)
14266,8271-10,500,PTWY,1303812,10/01/25 09:02:59,moved off floor -> location may be stale (real available stock)
43918,6846-62,500,PICK,MFG Floor,12/02/25 13:37:12,likely consumed/staged on floor -> verify if on-hand should be 0
37196,6248-4,470,PICK,MFG Floor,10/22/25 14:36:03,likely consumed/staged on floor -> verify if on-hand should be 0
37927,7395-80,450,PICK,MFG Floor,12/09/25 12:25:50,likely consumed/staged on floor -> verify if on-hand should be 0
21247,7584-69,440,PTWY,15051415,05/14/24 10:21:25,moved off floor -> location may be stale (real available stock)
330,ACI-293,425,PICK,MFG Floor,02/26/26 08:16:20,likely consumed/staged on floor -> verify if on-hand should be 0
18148,ACI-7344,425,PICK,MFG Floor,06/02/25 11:22:25,likely consumed/staged on floor -> verify if on-hand should be 0
34404,8764l-480,400,PTWY,1301704,09/15/25 13:54:48,moved off floor -> location may be stale (real available stock)
43095,8778L-85,400,PICK,MFG Floor,10/27/25 10:49:55,likely consumed/staged on floor -> verify if on-hand should be 0
34384,8764L-495,400,PTWY,1604003,09/12/25 14:17:11,moved off floor -> location may be stale (real available stock)
42898,8721L-340,380,PICK,MFG Floor,12/12/25 12:52:43,likely consumed/staged on floor -> verify if on-hand should be 0
42879,8721L-335,370,PICK,MFG Floor,12/12/25 12:53:01,likely consumed/staged on floor -> verify if on-hand should be 0
36491,8606ml-390,360,PTWY,2201503,09/24/25 13:28:10,moved off floor -> location may be stale (real available stock)
40056,8730L-15,350,PICK,MFG Floor,05/14/25 12:25:53,likely consumed/staged on floor -> verify if on-hand should be 0
15473,8135L-130,350,PTWY,1503011,08/07/24 10:33:45,moved off floor -> location may be stale (real available stock)
2720,ACI-945,335,PICK,MFG Floor,02/26/26 08:14:08,likely consumed/staged on floor -> verify if on-hand should be 0
23191,8202L-135,325,PTWY,1503010,10/20/25 13:14:11,moved off floor -> location may be stale (real available stock)
37815,7394-80,310,PICK,MFG Floor,12/03/25 11:33:47,likely consumed/staged on floor -> verify if on-hand should be 0
21474,ACI-7622,310,PICK,MFG Floor,12/03/25 11:31:58,likely consumed/staged on floor -> verify if on-hand should be 0
39761,7801L-F-17,302,PICK,MFG Floor,11/12/25 09:31:37,likely consumed/staged on floor -> verify if on-hand should be 0
26537,8413L-45,300,PICK,MFG Floor,03/03/26 09:44:09,likely consumed/staged on floor -> verify if on-hand should be 0
41909,8766LF-2-15,300,PICK,MFG Floor,02/18/26 07:46:25,likely consumed/staged on floor -> verify if on-hand should be 0
26994,6519l-2-5,300,PTWY,1503003,09/15/25 12:51:51,moved off floor -> location may be stale (real available stock)
28642,7343-195,300,PTWY,1503014,03/16/26 09:17:20,moved off floor -> location may be stale (real available stock)
26564,6796-25,300,PTWY,1204336,10/27/23 14:50:50,moved off floor -> location may be stale (real available stock)
28764,8033-2,295,PTWY,1301503,09/21/22 08:14:12,moved off floor -> location may be stale (real available stock)
26646,8080L-1-515,290,PTWY,1103407,08/13/25 10:10:54,moved off floor -> location may be stale (real available stock)
28761,8499l-5,262,PTWY,1502107,09/21/22 08:13:10,moved off floor -> location may be stale (real available stock)
28544,8119L-50,250,PICK,MFG Floor,10/30/25 09:06:27,likely consumed/staged on floor -> verify if on-hand should be 0
33909,8119L-50,250,PICK,MFG Floor,10/30/25 09:23:45,likely consumed/staged on floor -> verify if on-hand should be 0
33910,8119L-50,250,PICK,MFG Floor,10/30/25 09:23:01,likely consumed/staged on floor -> verify if on-hand should be 0
33911,8119L-50,250,PICK,MFG Floor,10/30/25 09:11:20,likely consumed/staged on floor -> verify if on-hand should be 0
33912,8119L-50,250,PICK,MFG Floor,10/30/25 09:24:50,likely consumed/staged on floor -> verify if on-hand should be 0
33913,8119L-50,250,PICK,MFG Floor,10/30/25 09:25:36,likely consumed/staged on floor -> verify if on-hand should be 0
33914,8119L-50,250,PICK,MFG Floor,10/30/25 09:26:24,likely consumed/staged on floor -> verify if on-hand should be 0
33915,8119L-50,250,PICK,MFG Floor,10/30/25 09:12:27,likely consumed/staged on floor -> verify if on-hand should be 0
33916,8119L-50,250,PICK,MFG Floor,10/30/25 09:13:37,likely consumed/staged on floor -> verify if on-hand should be 0
33917,8119L-50,250,PICK,MFG Floor,10/30/25 09:08:36,likely consumed/staged on floor -> verify if on-hand should be 0
33918,8119L-50,250,PICK,MFG Floor,10/30/25 09:07:51,likely consumed/staged on floor -> verify if on-hand should be 0
527,ACI-153,250,PICK,MFG Floor,02/25/26 12:11:06,likely consumed/staged on floor -> verify if on-hand should be 0
28546,8119L-50,250,PICK,MFG Floor,10/30/25 09:07:13,likely consumed/staged on floor -> verify if on-hand should be 0
18739,8173-1-65,230,PTWY,1403014,01/09/26 09:46:14,moved off floor -> location may be stale (real available stock)
4094,ACI-3399,225,PICK,MFG Floor,01/15/26 09:10:55,likely consumed/staged on floor -> verify if on-hand should be 0
240,7993M-110,220,PICK,MFG Floor,02/26/26 09:30:46,likely consumed/staged on floor -> verify if on-hand should be 0
11548,8037-33,220,PICK,MFG Floor,08/13/19 11:51:53,likely consumed/staged on floor -> verify if on-hand should be 0
8019,8192-370,220,PTWY,1504011,12/18/25 14:47:24,moved off floor -> location may be stale (real available stock)
41457,1557-2-16,213,PICK,MFG Floor,12/11/25 09:38:32,likely consumed/staged on floor -> verify if on-hand should be 0
18784,7944-40,212,PTWY,1504001,12/17/25 11:33:33,moved off floor -> location may be stale (real available stock)
885,ACI-1142,210,PICK,MFG Floor,02/25/26 09:12:48,likely consumed/staged on floor -> verify if on-hand should be 0
637,ACI-426,210,PICK,MFG Floor,02/25/26 12:12:03,likely consumed/staged on floor -> verify if on-hand should be 0
12195,8141M-445,210,PTWY,1606205,03/06/26 12:00:39,moved off floor -> location may be stale (real available stock)
455,ACI-113,208,PICK,MFG Floor,02/25/26 12:09:26,likely consumed/staged on floor -> verify if on-hand should be 0
38676,6732LF-150,205,PICK,MFG Floor,11/12/25 12:33:56,likely consumed/staged on floor -> verify if on-hand should be 0
41294,1557-1-3,200,PICK,MFG Floor,06/30/25 12:56:51,likely consumed/staged on floor -> verify if on-hand should be 0
1543,8477L-25,200,PTWY,1403013,01/09/26 12:21:15,moved off floor -> location may be stale (real available stock)
37443,8606M-100,200,PTWY,1503008,10/06/25 12:17:21,moved off floor -> location may be stale (real available stock)
36081,8619ML-50,200,PICK,MFG Floor,09/29/25 12:44:04,likely consumed/staged on floor -> verify if on-hand should be 0
22390,8080L-275,200,PTWY,1504010,12/16/25 12:03:48,moved off floor -> location may be stale (real available stock)
33465,8576ML-75,200,PTWY,1603002,03/27/26 10:10:15,moved off floor -> location may be stale (real available stock)
39062,6138L-35,200,PICK,MFG Floor,08/21/25 08:07:53,likely consumed/staged on floor -> verify if on-hand should be 0
43266,6274-80,200,PICK,MFG Floor,10/24/25 08:43:35,likely consumed/staged on floor -> verify if on-hand should be 0
8836,ACI-5231,200,PICK,MFG Floor,11/04/25 09:28:06,likely consumed/staged on floor -> verify if on-hand should be 0
37852,7394-70,195,PICK,MFG Floor,12/03/25 11:33:38,likely consumed/staged on floor -> verify if on-hand should be 0
30078,8765-20,190,PTWY,1203101,08/19/25 13:38:12,moved off floor -> location may be stale (real available stock)
16651,8245L-75,190,PTWY,1503004,09/17/25 07:38:53,moved off floor -> location may be stale (real available stock)
37471,8572ML-40,190,PTWY,2203404,10/08/25 08:25:20,moved off floor -> location may be stale (real available stock)
452,ACI-100,187,PICK,MFG Floor,02/26/26 07:32:21,likely consumed/staged on floor -> verify if on-hand should be 0
27154,8080L-1-195,185,PTWY,1503007,01/14/26 08:03:26,moved off floor -> location may be stale (real available stock)
27166,8080L-1-485,180,PTWY,1506305,01/19/26 12:14:49,moved off floor -> location may be stale (real available stock)
17679,8466L-135,180,PTWY,1303204,08/14/25 13:34:18,moved off floor -> location may be stale (real available stock)
324,ACI-278,175,PICK,MFG Floor,02/26/26 08:44:08,likely consumed/staged on floor -> verify if on-hand should be 0
2747,ACI-970,175,PICK,MFG Floor,12/15/25 15:10:27,likely consumed/staged on floor -> verify if on-hand should be 0
10773,8256L-50,172,PICK,MFG Floor,03/02/26 15:19:57,likely consumed/staged on floor -> verify if on-hand should be 0
2740,ACI-963,170,PICK,MFG Floor,11/24/25 08:03:02,likely consumed/staged on floor -> verify if on-hand should be 0
36520,8606ML-430,170,PTWY,2201503,01/06/26 10:46:28,moved off floor -> location may be stale (real available stock)
29145,8417L-20,165,PICK,MFG Floor,05/29/25 09:07:02,likely consumed/staged on floor -> verify if on-hand should be 0
2888,ACI-2296,165,PICK,MFG Floor,02/26/26 09:17:50,likely consumed/staged on floor -> verify if on-hand should be 0
5289,7548-7,162,PTWY,1101318,08/05/25 10:45:28,moved off floor -> location may be stale (real available stock)
27150,7004-115,160,PTWY,1401802,01/14/26 09:02:55,moved off floor -> location may be stale (real available stock)
3240,ACI-2545,154,PICK,MFG Floor,11/07/25 10:28:38,likely consumed/staged on floor -> verify if on-hand should be 0
1796,8192-60,150,PTWY,1304212,11/12/24 11:00:42,moved off floor -> location may be stale (real available stock)
33158,8562F-30,150,PTWY,1506105,10/01/25 10:36:20,moved off floor -> location may be stale (real available stock)
2739,8024L-66,150,PICK,MFG Floor,02/27/26 10:57:34,likely consumed/staged on floor -> verify if on-hand should be 0
12557,8080L-1-345,150,PTWY,1504001,12/17/25 10:15:28,moved off floor -> location may be stale (real available stock)
34390,8594l-1160,140,PTWY,2201502,07/09/25 14:54:13,moved off floor -> location may be stale (real available stock)
16991,8260L-50,136,PTWY,1403013,09/03/25 08:59:08,moved off floor -> location may be stale (real available stock)
22876,7249-62,135,PTWY,1603003,03/30/26 10:34:08,moved off floor -> location may be stale (real available stock)
2900,ACI-2297,130,PICK,MFG Floor,02/26/26 09:16:53,likely consumed/staged on floor -> verify if on-hand should be 0
8187,8411-65,125,PTWY,1503013,11/24/25 14:11:40,moved off floor -> location may be stale (real available stock)
18785,7915-3,120,PTWY,1403008,08/29/25 11:14:03,moved off floor -> location may be stale (real available stock)
34403,8594l-1180,120,PTWY,2201502,07/09/25 15:17:36,moved off floor -> location may be stale (real available stock)
2014,8433L-10,120,PTWY,1303509,07/17/24 08:23:03,moved off floor -> location may be stale (real available stock)
13561,8766L-35,120,PTWY,1504012,02/19/26 09:14:55,moved off floor -> location may be stale (real available stock)
4638,7393-25,120,PTWY,1403013,01/09/26 11:47:23,moved off floor -> location may be stale (real available stock)
19006,8266L-40,120,PTWY,1301601,09/03/25 12:26:24,moved off floor -> location may be stale (real available stock)
2745,ACI-981,120,PICK,MFG Floor,11/24/25 08:03:06,likely consumed/staged on floor -> verify if on-hand should be 0
2768,ACI-973,110,PICK,MFG Floor,12/15/25 15:10:19,likely consumed/staged on floor -> verify if on-hand should be 0
2701,ACI-928,105,PICK,MFG Floor,02/25/26 14:59:38,likely consumed/staged on floor -> verify if on-hand should be 0
27080,ACI-8291,104,PICK,MFG Floor,12/03/25 14:25:34,likely consumed/staged on floor -> verify if on-hand should be 0
17006,ACI-4598,100,PTWY,1606407,03/30/26 09:08:49,moved off floor -> location may be stale (real available stock)
12537,ACI-7002,100,PICK,MFG Floor,10/27/25 14:04:17,likely consumed/staged on floor -> verify if on-hand should be 0
22564,8033-11,100,PTWY,1403001,03/03/26 14:09:43,moved off floor -> location may be stale (real available stock)
15434,ACI-4577,100,PICK,MFG Floor,02/11/26 13:58:16,likely consumed/staged on floor -> verify if on-hand should be 0
37997,7395-325,100,PICK,MFG Floor,02/16/26 08:42:21,likely consumed/staged on floor -> verify if on-hand should be 0
1867,8302L-5,100,PTWY,1605010,08/21/25 11:51:30,moved off floor -> location may be stale (real available stock)
37818,7394-130,100,PICK,MFG Floor,05/19/25 13:52:21,likely consumed/staged on floor -> verify if on-hand should be 0
3145,6970-G1-17,100,PTWY,1605007,08/25/25 14:22:19,moved off floor -> location may be stale (real available stock)
2879,ACI-2295,100,PICK,MFG Floor,01/15/26 09:58:25,likely consumed/staged on floor -> verify if on-hand should be 0
38659,6707L-2,100,PTWY,1603003,02/12/26 09:30:29,moved off floor -> location may be stale (real available stock)
5684,7104-4,100,PTWY,1202343,10/26/23 13:26:03,moved off floor -> location may be stale (real available stock)
36616,8621ML-30,95,PICK,MFG Floor,09/10/25 09:06:36,likely consumed/staged on floor -> verify if on-hand should be 0
7680,8055-69,95,PICK,MFG Floor,02/26/26 09:12:19,likely consumed/staged on floor -> verify if on-hand should be 0
37820,7394-90,95,PICK,MFG Floor,12/03/25 11:34:01,likely consumed/staged on floor -> verify if on-hand should be 0
37821,7394-10,90,PICK,MFG Floor,10/08/25 12:04:30,likely consumed/staged on floor -> verify if on-hand should be 0
2789,ACI-2210,88,PICK,MFG Floor,02/26/26 08:44:04,likely consumed/staged on floor -> verify if on-hand should be 0
2818,ACI-2232,88,PICK,MFG Floor,12/15/25 15:10:53,likely consumed/staged on floor -> verify if on-hand should be 0
2686,ACI-924,87,PICK,MFG Floor,10/20/25 10:09:38,likely consumed/staged on floor -> verify if on-hand should be 0
2909,ACI-2294,85,PICK,MFG Floor,02/26/26 09:13:30,likely consumed/staged on floor -> verify if on-hand should be 0
17113,8142M-220,85,PICK,MFG Floor,02/26/26 08:50:17,likely consumed/staged on floor -> verify if on-hand should be 0
2746,ACI-969,85,PICK,MFG Floor,12/15/25 15:10:47,likely consumed/staged on floor -> verify if on-hand should be 0
21389,8291-85,85,PICK,MFG Floor,02/20/26 10:32:53,likely consumed/staged on floor -> verify if on-hand should be 0
2724,ACI-955,85,PICK,MFG Floor,12/15/25 15:11:16,likely consumed/staged on floor -> verify if on-hand should be 0
2567,ACI-839,84,PICK,MFG Floor,09/30/25 14:20:29,likely consumed/staged on floor -> verify if on-hand should be 0
42750,8721L-85,80,PICK,MFG Floor,12/12/25 12:52:45,likely consumed/staged on floor -> verify if on-hand should be 0
2689,7210-16,80,PICK,MFG Floor,02/09/26 09:28:52,likely consumed/staged on floor -> verify if on-hand should be 0
31329,8500-270,80,PICK,MFG Floor,01/28/26 12:11:18,likely consumed/staged on floor -> verify if on-hand should be 0
30227,6796-270,80,PICK,MFG Floor,09/03/25 08:41:10,likely consumed/staged on floor -> verify if on-hand should be 0
44016,8777L-25,80,PTWY,1602002,12/11/25 14:35:23,moved off floor -> location may be stale (real available stock)
6182,8002M-135,80,PICK,MFG Floor,02/26/26 09:08:06,likely consumed/staged on floor -> verify if on-hand should be 0
6046,8024L-46,72,PICK,MFG Floor,02/27/26 13:03:22,likely consumed/staged on floor -> verify if on-hand should be 0
3860,7750L-65,70,PTWY,1503006,10/10/25 13:36:28,moved off floor -> location may be stale (real available stock)
2904,ACI-2302,70,PICK,MFG Floor,02/26/26 08:46:16,likely consumed/staged on floor -> verify if on-hand should be 0
14994,8033-8,70,PTWY,1403011,09/02/25 11:42:28,moved off floor -> location may be stale (real available stock)
13398,ACI-4553,70,PICK,MFG Floor,02/26/26 08:11:25,likely consumed/staged on floor -> verify if on-hand should be 0
42775,8721L-80,70,PICK,MFG Floor,12/12/25 12:52:38,likely consumed/staged on floor -> verify if on-hand should be 0
16220,8413L-20,70,PICK,MFG Floor,03/03/26 09:44:03,likely consumed/staged on floor -> verify if on-hand should be 0
4930,8328-210,70,PTWY,1503013,05/07/24 15:29:05,moved off floor -> location may be stale (real available stock)
3444,ACI-2725,66,PICK,MFG Floor,02/26/26 08:53:10,likely consumed/staged on floor -> verify if on-hand should be 0
2732,ACI-959,65,PICK,MFG Floor,11/24/25 09:00:59,likely consumed/staged on floor -> verify if on-hand should be 0
39187,8594ml-840,65,PTWY,1604003,09/12/25 14:15:56,moved off floor -> location may be stale (real available stock)
6034,8024L-15,65,PICK,MFG Floor,02/11/26 10:21:27,likely consumed/staged on floor -> verify if on-hand should be 0
45205,5477-22,65,RESTOCK,1603003,04/10/26 13:00:12,moved off floor -> location may be stale (real available stock)
17214,8764L-490,65,PTWY,1604003,09/12/25 14:17:15,moved off floor -> location may be stale (real available stock)
3202,7694L-24,65,PTWY,1503010,10/20/25 09:43:19,moved off floor -> location may be stale (real available stock)
1558,ACI-1692,62,PICK,MFG Floor,01/09/26 08:14:22,likely consumed/staged on floor -> verify if on-hand should be 0
2911,8063L-10,61,PICK,MFG Floor,02/26/26 08:59:16,likely consumed/staged on floor -> verify if on-hand should be 0
19210,7860-29,60,PTWY,1506702,02/11/26 10:48:46,moved off floor -> location may be stale (real available stock)
42979,8603-30,60,RESTOCK,"",04/03/26 10:18:24,moved off floor -> location may be stale (real available stock)
17014,8279L-195,60,PICK,MFG Floor,06/14/24 07:53:48,likely consumed/staged on floor -> verify if on-hand should be 0
7642,8070-20,60,PICK,MFG Floor,02/26/26 07:08:49,likely consumed/staged on floor -> verify if on-hand should be 0
28732,8448L-270,60,PICK,MFG Floor,02/26/26 08:17:17,likely consumed/staged on floor -> verify if on-hand should be 0
23169,8080L-1-70,60,PTWY,1406707,01/15/26 08:21:55,moved off floor -> location may be stale (real available stock)
482,6588l-43,60,PTWY,1503010,10/21/25 14:05:27,moved off floor -> location may be stale (real available stock)
2857,7393-10,60,PICK,MFG Floor,02/26/26 10:55:57,likely consumed/staged on floor -> verify if on-hand should be 0
39405,8739L-5,60,PICK,MFG Floor,06/05/25 14:41:16,likely consumed/staged on floor -> verify if on-hand should be 0
31137,ACI-8487,60,PICK,MFG Floor,10/27/25 08:00:00,likely consumed/staged on floor -> verify if on-hand should be 0
5380,7995-33,60,PTWY,1403002,03/03/26 08:27:46,moved off floor -> location may be stale (real available stock)
5410,7995-36,60,PICK,MFG Floor,03/03/26 08:51:01,likely consumed/staged on floor -> verify if on-hand should be 0
32663,8764L-10,60,PTWY,1604003,09/12/25 14:01:13,moved off floor -> location may be stale (real available stock)
38014,7395-85,60,PICK,MFG Floor,12/09/25 12:26:01,likely consumed/staged on floor -> verify if on-hand should be 0
34396,8764L-5,59,PTWY,1301705,09/17/25 11:13:56,moved off floor -> location may be stale (real available stock)
23537,8342ML-325,58,PICK,MFG Floor,10/07/25 14:45:27,likely consumed/staged on floor -> verify if on-hand should be 0
6048,8024L-23,55,PICK,MFG Floor,02/27/26 13:03:31,likely consumed/staged on floor -> verify if on-hand should be 0
4064,6765-35,52,PICK,MFG Floor,03/03/26 09:17:30,likely consumed/staged on floor -> verify if on-hand should be 0
11865,8141M-215,50,PICK,MFG Floor,03/03/26 09:33:23,likely consumed/staged on floor -> verify if on-hand should be 0
29070,8452-155,50,PICK,MFG Floor,02/02/26 09:03:11,likely consumed/staged on floor -> verify if on-hand should be 0
1438,6519L-8,50,PICK,MFG Floor,12/19/25 09:25:49,likely consumed/staged on floor -> verify if on-hand should be 0
44678,8725L-2,50,PICK,MFG Floor,02/06/26 13:02:34,likely consumed/staged on floor -> verify if on-hand should be 0
27764,8443L-125,50,PICK,MFG Floor,03/03/26 12:38:37,likely consumed/staged on floor -> verify if on-hand should be 0
41248,8606M-145,50,PICK,MFG Floor,11/19/25 10:37:21,likely consumed/staged on floor -> verify if on-hand should be 0
2543,7944L-40,50,PTWY,1503009,10/17/25 11:54:16,moved off floor -> location may be stale (real available stock)
10883,6753L-70,50,PTWY,1503007,10/06/25 11:05:08,moved off floor -> location may be stale (real available stock)
42292,8243-95,50,PICK,MFG Floor,03/03/26 07:53:04,likely consumed/staged on floor -> verify if on-hand should be 0
27530,7946L-285,50,PTWY,1502302,06/05/25 13:56:07,moved off floor -> location may be stale (real available stock)
13352,8181-135,50,PICK,MFG Floor,10/21/25 14:50:59,likely consumed/staged on floor -> verify if on-hand should be 0
34367,8594l-1070,50,PTWY,2201502,07/09/25 14:21:31,moved off floor -> location may be stale (real available stock)
34375,8594l-970,50,PTWY,2201502,07/09/25 15:25:19,moved off floor -> location may be stale (real available stock)
4931,7734-15,50,PICK,MFG Floor,02/26/26 09:15:04,likely consumed/staged on floor -> verify if on-hand should be 0
5122,ACI-3880,50,PICK,MFG Floor,02/26/26 08:53:03,likely consumed/staged on floor -> verify if on-hand should be 0
6002,ACI-1764,49,PICK,MFG Floor,02/27/26 11:30:49,likely consumed/staged on floor -> verify if on-hand should be 0
2863,ACI-2276,48,PICK,MFG Floor,01/15/26 09:58:29,likely consumed/staged on floor -> verify if on-hand should be 0
17509,7944-7,46,PTWY,1401103,08/28/25 13:51:00,moved off floor -> location may be stale (real available stock)
29149,8417l-95,45,PICK,MFG Floor,05/21/24 14:50:03,likely consumed/staged on floor -> verify if on-hand should be 0
37760,7594-14,45,PICK,MFG Floor,05/19/25 13:52:14,likely consumed/staged on floor -> verify if on-hand should be 0
33836,8594l-1060,45,PTWY,2201502,07/09/25 15:17:22,moved off floor -> location may be stale (real available stock)
34386,8594l-1020,45,PTWY,2201502,07/09/25 15:17:15,moved off floor -> location may be stale (real available stock)
7748,8055-84,45,PICK,MFG Floor,02/02/26 10:12:17,likely consumed/staged on floor -> verify if on-hand should be 0
2920,ACI-2307,45,PICK,MFG Floor,02/26/26 08:52:57,likely consumed/staged on floor -> verify if on-hand should be 0
7681,3824-15,45,PICK,MFG Floor,03/03/26 09:23:31,likely consumed/staged on floor -> verify if on-hand should be 0
6899,ACI-3918,45,PICK,MFG Floor,02/11/26 10:52:37,likely consumed/staged on floor -> verify if on-hand should be 0
2052,7311-2,45,PTWY,1505622,08/07/17 15:29:58,moved off floor -> location may be stale (real available stock)
8174,7221L-23,44,PICK,MFG Floor,02/13/26 11:06:13,likely consumed/staged on floor -> verify if on-hand should be 0
15694,8228l-15,40,PTWY,1503006,10/01/25 13:45:51,moved off floor -> location may be stale (real available stock)
35246,8520L-50,40,PICK,MFG Floor,12/01/25 12:37:17,likely consumed/staged on floor -> verify if on-hand should be 0
33937,8294M-3-55,40,PICK,MFG Floor,05/30/25 10:48:53,likely consumed/staged on floor -> verify if on-hand should be 0
27666,8594l-400,40,PTWY,1503011,07/10/25 10:15:53,moved off floor -> location may be stale (real available stock)
4713,ACI-3791,40,PICK,MFG Floor,10/28/25 12:49:50,likely consumed/staged on floor -> verify if on-hand should be 0
2942,ACI-2070,40,PICK,MFG Floor,02/20/26 11:37:42,likely consumed/staged on floor -> verify if on-hand should be 0
34359,8461l-55,40,PICK,MFG Floor,02/16/26 10:42:57,likely consumed/staged on floor -> verify if on-hand should be 0
36328,8620ML-100,40,PTWY,2201403,09/22/25 11:38:04,moved off floor -> location may be stale (real available stock)
27337,8080L-1-15,40,PICK,MFG Floor,10/22/25 08:14:32,likely consumed/staged on floor -> verify if on-hand should be 0
11793,8103-5,40,PICK,MFG Floor,02/12/26 10:35:31,likely consumed/staged on floor -> verify if on-hand should be 0
2722,ACI-953,38,PICK,MFG Floor,10/20/25 10:30:12,likely consumed/staged on floor -> verify if on-hand should be 0
11675,ACI-4518,37,PICK,MFG Floor,03/03/26 09:17:35,likely consumed/staged on floor -> verify if on-hand should be 0
37771,7594-16,36,PICK,MFG Floor,12/03/25 11:34:44,likely consumed/staged on floor -> verify if on-hand should be 0
6781,8183L-200,36,PICK,MFG Floor,02/25/26 10:13:06,likely consumed/staged on floor -> verify if on-hand should be 0
11866,8141M-215,36,PICK,MFG Floor,03/03/26 09:33:31,likely consumed/staged on floor -> verify if on-hand should be 0
3170,ACI-2493,35,PICK,MFG Floor,11/20/25 12:23:56,likely consumed/staged on floor -> verify if on-hand should be 0
27968,8443L-150,35,PICK,MFG Floor,03/03/26 11:40:54,likely consumed/staged on floor -> verify if on-hand should be 0
12908,6948L-18,35,PICK,MFG Floor,10/15/25 12:13:12,likely consumed/staged on floor -> verify if on-hand should be 0
5405,7995-31,35,PICK,MFG Floor,03/03/26 08:42:02,likely consumed/staged on floor -> verify if on-hand should be 0
2820,ACI-2229,35,PICK,MFG Floor,02/25/26 12:19:57,likely consumed/staged on floor -> verify if on-hand should be 0
6302,7595-47,35,PICK,MFG Floor,02/27/26 11:26:30,likely consumed/staged on floor -> verify if on-hand should be 0
23158,8223l-35,34,PTWY,1503005,09/17/25 11:25:50,moved off floor -> location may be stale (real available stock)
2702,ACI-935,34,PICK,MFG Floor,11/24/25 09:00:54,likely consumed/staged on floor -> verify if on-hand should be 0
11762,3815-14,33,PICK,MFG Floor,03/03/26 09:12:48,likely consumed/staged on floor -> verify if on-hand should be 0
3985,8448L-80,32,PICK,MFG Floor,02/26/26 07:36:21,likely consumed/staged on floor -> verify if on-hand should be 0
41721,8003-17,30,RESTOCK,"",04/03/26 10:15:14,moved off floor -> location may be stale (real available stock)
37673,7778-22,30,PICK,MFG Floor,12/03/25 11:26:30,likely consumed/staged on floor -> verify if on-hand should be 0
2751,ACI-980,30,PICK,MFG Floor,10/20/25 09:56:25,likely consumed/staged on floor -> verify if on-hand should be 0
20322,6948l-10,30,PICK,MFG Floor,02/09/26 08:20:19,likely consumed/staged on floor -> verify if on-hand should be 0
6632,ACI-1961,30,PICK,MFG Floor,05/27/25 10:42:19,likely consumed/staged on floor -> verify if on-hand should be 0
37887,7395-65,30,PICK,MFG Floor,12/09/25 12:25:55,likely consumed/staged on floor -> verify if on-hand should be 0
33428,ACI-10040,30,PICK,MFG Floor,01/28/26 12:12:15,likely consumed/staged on floor -> verify if on-hand should be 0
2359,ACI-695,30,PICK,MFG Floor,09/18/25 09:08:40,likely consumed/staged on floor -> verify if on-hand should be 0
22722,8384L-25,30,PICK,MFG Floor,03/03/26 10:04:48,likely consumed/staged on floor -> verify if on-hand should be 0
2872,6458-3,30,PICK,MFG Floor,08/15/25 13:36:13,likely consumed/staged on floor -> verify if on-hand should be 0
45285,8197-40,30,RESTOCK,1603003,04/09/26 09:04:18,moved off floor -> location may be stale (real available stock)
27849,8443L-10,30,PICK,MFG Floor,03/03/26 09:56:32,likely consumed/staged on floor -> verify if on-hand should be 0
42905,8721L-225,30,PICK,MFG Floor,12/12/25 12:52:49,likely consumed/staged on floor -> verify if on-hand should be 0
11864,7159-38,30,PICK,MFG Floor,03/03/26 09:33:09,likely consumed/staged on floor -> verify if on-hand should be 0
18788,6463-70,30,PTWY,1406607,01/12/26 12:44:31,moved off floor -> location may be stale (real available stock)
3317,ACI-2604,30,PICK,MFG Floor,01/30/26 10:52:43,likely consumed/staged on floor -> verify if on-hand should be 0
5823,8262-95,30,PICK,MFG Floor,10/01/25 11:16:05,likely consumed/staged on floor -> verify if on-hand should be 0
28267,8446l-75,30,PTWY,1504006,02/05/26 11:31:38,moved off floor -> location may be stale (real available stock)
2915,ACI-2292,30,PICK,MFG Floor,02/25/26 09:59:26,likely consumed/staged on floor -> verify if on-hand should be 0
4475,ACI-3589,30,PICK,MFG Floor,02/20/26 07:22:28,likely consumed/staged on floor -> verify if on-hand should be 0
2826,6441-7,29,PICK,MFG Floor,02/27/26 09:50:47,likely consumed/staged on floor -> verify if on-hand should be 0
2864,ACI-2265,29,PICK,MFG Floor,02/25/26 09:29:29,likely consumed/staged on floor -> verify if on-hand should be 0
2953,ACI-2063,29,PICK,MFG Floor,01/20/26 11:25:22,likely consumed/staged on floor -> verify if on-hand should be 0
7205,8138M-280,28,PICK,MFG Floor,02/27/26 11:30:36,likely consumed/staged on floor -> verify if on-hand should be 0
18341,7595-32,28,PICK,MFG Floor,02/26/26 07:47:04,likely consumed/staged on floor -> verify if on-hand should be 0
25101,8080L-1-250,28,PICK,MFG Floor,01/15/26 08:12:49,likely consumed/staged on floor -> verify if on-hand should be 0
27765,8433L-180,28,PICK,MFG Floor,03/03/26 13:04:56,likely consumed/staged on floor -> verify if on-hand should be 0
6851,7957ML-12,27,PICK,MFG Floor,02/11/26 11:09:01,likely consumed/staged on floor -> verify if on-hand should be 0
3287,ACI-2590,27,PICK,MFG Floor,02/04/26 14:40:38,likely consumed/staged on floor -> verify if on-hand should be 0
7670,7582l-3,26,PICK,MFG Floor,03/02/26 15:21:38,likely consumed/staged on floor -> verify if on-hand should be 0
38918,6519L-1-7,26,PICK,MFG Floor,05/22/25 14:43:32,likely consumed/staged on floor -> verify if on-hand should be 0
4479,ACI-3644,26,PICK,MFG Floor,02/25/26 13:10:19,likely consumed/staged on floor -> verify if on-hand should be 0
6841,7210-32,26,PICK,MFG Floor,02/25/26 10:32:10,likely consumed/staged on floor -> verify if on-hand should be 0
13335,8181-475,25,PICK,MFG Floor,10/21/25 14:51:04,likely consumed/staged on floor -> verify if on-hand should be 0
27915,8433L-270,25,PICK,MFG Floor,03/03/26 12:07:55,likely consumed/staged on floor -> verify if on-hand should be 0
27048,6209-93,25,PICK,MFG Floor,02/26/26 07:59:18,likely consumed/staged on floor -> verify if on-hand should be 0
6300,8024L-89,25,PICK,MFG Floor,02/11/26 10:48:29,likely consumed/staged on floor -> verify if on-hand should be 0
6699,8041-53,25,PICK,MFG Floor,02/27/26 09:50:54,likely consumed/staged on floor -> verify if on-hand should be 0
13338,8181-470,25,PICK,MFG Floor,10/21/25 14:50:49,likely consumed/staged on floor -> verify if on-hand should be 0
4059,ACI-3363,25,PICK,MFG Floor,02/10/26 08:40:19,likely consumed/staged on floor -> verify if on-hand should be 0
11860,8141M-270,25,PICK,MFG Floor,03/03/26 10:04:26,likely consumed/staged on floor -> verify if on-hand should be 0
13339,8181-480,25,PICK,MFG Floor,10/21/25 14:51:11,likely consumed/staged on floor -> verify if on-hand should be 0
9603,ACI-5731,25,PICK,MFG Floor,12/09/25 12:26:11,likely consumed/staged on floor -> verify if on-hand should be 0
2364,8089L-150,25,PICK,MFG Floor,02/27/26 13:03:27,likely consumed/staged on floor -> verify if on-hand should be 0
38849,8603-55,25,RESTOCK,"",04/03/26 10:18:46,moved off floor -> location may be stale (real available stock)
27669,8433L-375,25,PICK,MFG Floor,03/03/26 12:38:45,likely consumed/staged on floor -> verify if on-hand should be 0
2741,ACI-961,25,PICK,MFG Floor,10/20/25 10:30:34,likely consumed/staged on floor -> verify if on-hand should be 0
11670,ACI-4517,25,PICK,MFG Floor,03/03/26 09:23:04,likely consumed/staged on floor -> verify if on-hand should be 0
37766,7594-23,25,PICK,MFG Floor,08/18/25 09:21:37,likely consumed/staged on floor -> verify if on-hand should be 0
11070,8135-110,25,PICK,MFG Floor,03/03/26 09:12:59,likely consumed/staged on floor -> verify if on-hand should be 0
7308,7984-70,25,PICK,MFG Floor,01/14/26 07:25:35,likely consumed/staged on floor -> verify if on-hand should be 0
11621,8142M-240,24,PICK,MFG Floor,03/03/26 09:23:25,likely consumed/staged on floor -> verify if on-hand should be 0
12576,6542-7,24,PICK,MFG Floor,02/25/26 14:02:58,likely consumed/staged on floor -> verify if on-hand should be 0
15860,8249-15,24,PICK,MFG Floor,01/14/26 07:25:25,likely consumed/staged on floor -> verify if on-hand should be 0
7076,7860-54,24,PICK,MFG Floor,02/02/26 08:57:55,likely consumed/staged on floor -> verify if on-hand should be 0
37754,7594-37,23,PICK,MFG Floor,10/08/25 14:33:22,likely consumed/staged on floor -> verify if on-hand should be 0
12282,7880-14,23,PICK,MFG Floor,02/27/26 12:13:38,likely consumed/staged on floor -> verify if on-hand should be 0
18769,6463-230,22,PICK,MFG Floor,06/14/24 09:28:45,likely consumed/staged on floor -> verify if on-hand should be 0
40668,8733L-10,22,PICK,MFG Floor,09/24/25 10:18:05,likely consumed/staged on floor -> verify if on-hand should be 0
6374,7916M-14,22,PICK,MFG Floor,02/27/26 10:52:11,likely consumed/staged on floor -> verify if on-hand should be 0
11765,3824-6,22,PICK,MFG Floor,03/03/26 09:17:26,likely consumed/staged on floor -> verify if on-hand should be 0
3384,ACI-2671,22,PICK,MFG Floor,02/04/26 14:41:08,likely consumed/staged on floor -> verify if on-hand should be 0
2869,ACI-2262,22,PICK,MFG Floor,01/15/26 09:58:17,likely consumed/staged on floor -> verify if on-hand should be 0
16071,8142M-285,22,PICK,MFG Floor,02/02/26 13:00:24,likely consumed/staged on floor -> verify if on-hand should be 0
2569,ACI-836,22,PICK,MFG Floor,09/30/25 14:20:32,likely consumed/staged on floor -> verify if on-hand should be 0
3318,ACI-2606,22,PICK,MFG Floor,02/05/26 10:02:24,likely consumed/staged on floor -> verify if on-hand should be 0
11671,8562-15,22,PICK,MFG Floor,11/07/25 11:57:11,likely consumed/staged on floor -> verify if on-hand should be 0
2448,8392M-65,21,PICK,MFG Floor,09/30/25 14:21:13,likely consumed/staged on floor -> verify if on-hand should be 0
18643,8252M-3-175,21,PICK,MFG Floor,02/26/26 10:01:57,likely consumed/staged on floor -> verify if on-hand should be 0
25574,6252-70,21,PTWY,1603003,03/30/26 10:35:48,moved off floor -> location may be stale (real available stock)
2894,ACI-2282,21,PICK,MFG Floor,01/15/26 09:58:34,likely consumed/staged on floor -> verify if on-hand should be 0
11847,8066-5,21,PICK,MFG Floor,05/27/25 11:06:53,likely consumed/staged on floor -> verify if on-hand should be 0
4668,ACI-3814,20,PICK,MFG Floor,12/12/25 12:39:19,likely consumed/staged on floor -> verify if on-hand should be 0
27930,8433L-420,20,PICK,MFG Floor,03/03/26 12:07:39,likely consumed/staged on floor -> verify if on-hand should be 0
28131,8443L-105,20,PICK,MFG Floor,03/03/26 12:07:05,likely consumed/staged on floor -> verify if on-hand should be 0
4499,ACI-3674,20,PICK,MFG Floor,02/02/26 08:36:50,likely consumed/staged on floor -> verify if on-hand should be 0
45098,8197-10,20,RESTOCK,MFG Floor,04/08/26 07:44:39,moved off floor -> location may be stale (real available stock)
4513,ACI-3705,20,PICK,MFG Floor,01/30/26 11:08:57,likely consumed/staged on floor -> verify if on-hand should be 0
1344,8302L-120,20,PICK,MFG Floor,11/17/25 12:48:57,likely consumed/staged on floor -> verify if on-hand should be 0
26759,8446l-45,20,PTWY,1506206,07/01/25 11:35:40,moved off floor -> location may be stale (real available stock)
2662,ACI-909,20,PICK,MFG Floor,01/15/26 08:35:31,likely consumed/staged on floor -> verify if on-hand should be 0
2660,ACI-900,20,PICK,MFG Floor,01/15/26 08:35:45,likely consumed/staged on floor -> verify if on-hand should be 0
2652,ACI-893,20,PICK,MFG Floor,01/15/26 08:35:56,likely consumed/staged on floor -> verify if on-hand should be 0
13317,8181-330,20,PICK,MFG Floor,10/20/25 09:38:08,likely consumed/staged on floor -> verify if on-hand should be 0
13087,8141M-260,20,PICK,MFG Floor,12/12/25 12:39:22,likely consumed/staged on floor -> verify if on-hand should be 0
41732,8603-40,20,PICK,MFG Floor,10/08/25 08:32:32,likely consumed/staged on floor -> verify if on-hand should be 0
2939,ACI-2067,20,PICK,MFG Floor,01/19/26 10:44:23,likely consumed/staged on floor -> verify if on-hand should be 0
4616,ACI-3758,20,PICK,MFG Floor,02/02/26 10:24:09,likely consumed/staged on floor -> verify if on-hand should be 0
4622,ACI-3717,20,PICK,MFG Floor,02/02/26 10:12:13,likely consumed/staged on floor -> verify if on-hand should be 0
4625,7688-15,20,PTWY,1503003,09/30/25 13:03:47,moved off floor -> location may be stale (real available stock)
2761,8207M -5,20,PICK,MFG Floor,02/10/26 08:39:19,likely consumed/staged on floor -> verify if on-hand should be 0
24457,8119L-70,20,PTWY,1301202,08/29/25 09:28:03,moved off floor -> location may be stale (real available stock)
2433,ACI-767,20,PICK,MFG Floor,09/18/25 09:45:29,likely consumed/staged on floor -> verify if on-hand should be 0
4681,ACI-3811,20,PICK,MFG Floor,01/30/26 10:09:58,likely consumed/staged on floor -> verify if on-hand should be 0
4703,ACI-3789,20,PICK,MFG Floor,12/12/25 12:38:35,likely consumed/staged on floor -> verify if on-hand should be 0
4098,8258L-145,20,PICK,MFG Floor,09/04/25 15:19:34,likely consumed/staged on floor -> verify if on-hand should be 0
2356,7157-34,20,PICK,MFG Floor,02/27/26 10:34:01,likely consumed/staged on floor -> verify if on-hand should be 0
11137,8136L-5,20,PICK,MFG Floor,02/27/26 07:31:35,likely consumed/staged on floor -> verify if on-hand should be 0
34772,7143L-22,20,PTWY,2302001,03/02/26 08:57:51,moved off floor -> location may be stale (real available stock)
30338,8439L-15,20,PICK,MFG Floor,09/03/25 14:23:21,likely consumed/staged on floor -> verify if on-hand should be 0
4070,ACI-126,20,PICK,MFG Floor,02/10/26 08:38:24,likely consumed/staged on floor -> verify if on-hand should be 0
34357,8764L-400,20,PTWY,1301705,09/12/25 14:26:57,moved off floor -> location may be stale (real available stock)
18342,7595-22,20,PICK,MFG Floor,02/25/26 14:19:56,likely consumed/staged on floor -> verify if on-hand should be 0
31360,8594L-1010,20,PICK,MFG Floor,02/04/26 14:47:35,likely consumed/staged on floor -> verify if on-hand should be 0
38803,8733L-20,20,PICK,MFG Floor,11/10/25 09:03:59,likely consumed/staged on floor -> verify if on-hand should be 0
3328,ACI-2615,20,PICK,MFG Floor,02/05/26 10:11:18,likely consumed/staged on floor -> verify if on-hand should be 0
36181,8622ml-45,20,PTWY,2202501,01/27/26 10:56:09,moved off floor -> location may be stale (real available stock)
31541,6519l-2-11,20,PICK,MFG Floor,11/24/25 07:57:47,likely consumed/staged on floor -> verify if on-hand should be 0
33244,7944L-90,20,PICK,MFG Floor,02/25/26 13:03:03,likely consumed/staged on floor -> verify if on-hand should be 0
36409,8294M-3-40,20,PICK,MFG Floor,05/30/25 10:48:45,likely consumed/staged on floor -> verify if on-hand should be 0
11162,8594l-610,20,PICK,MFG Floor,02/16/26 10:43:07,likely consumed/staged on floor -> verify if on-hand should be 0
38247,5684L-9,20,PICK,MFG Floor,10/28/25 09:32:02,likely consumed/staged on floor -> verify if on-hand should be 0
21381,6163L-8,20,PICK,MFG Floor,02/16/26 10:43:02,likely consumed/staged on floor -> verify if on-hand should be 0
11965,8137L-245,20,PICK,MFG Floor,03/03/26 09:33:18,likely consumed/staged on floor -> verify if on-hand should be 0
9607,ACI-5740,20,PICK,MFG Floor,12/09/25 12:25:35,likely consumed/staged on floor -> verify if on-hand should be 0
11486,7686-25,19,PICK,MFG Floor,02/27/26 10:30:58,likely consumed/staged on floor -> verify if on-hand should be 0
6871,7860-20,19,PICK,MFG Floor,02/02/26 08:42:02,likely consumed/staged on floor -> verify if on-hand should be 0
13960,8095-260,19,PICK,MFG Floor,02/27/26 13:09:01,likely consumed/staged on floor -> verify if on-hand should be 0
13007,8183L-100,19,PICK,MFG Floor,01/27/26 10:28:23,likely consumed/staged on floor -> verify if on-hand should be 0
2641,8008-95,19,PICK,MFG Floor,02/26/26 10:29:54,likely consumed/staged on floor -> verify if on-hand should be 0
11687,6765-25,19,PICK,MFG Floor,03/03/26 09:23:36,likely consumed/staged on floor -> verify if on-hand should be 0
7778,7363L-68,19,PICK,MFG Floor,02/27/26 13:32:40,likely consumed/staged on floor -> verify if on-hand should be 0
21365,8291-90,19,PICK,MFG Floor,02/20/26 10:11:26,likely consumed/staged on floor -> verify if on-hand should be 0
2659,ACI-899,19,PICK,MFG Floor,01/15/26 08:36:06,likely consumed/staged on floor -> verify if on-hand should be 0
6328,8037-5,19,PICK,MFG Floor,02/11/26 10:46:04,likely consumed/staged on floor -> verify if on-hand should be 0
7288,6657-16,18,PICK,MFG Floor,02/04/26 14:24:57,likely consumed/staged on floor -> verify if on-hand should be 0
8274,7762-6,18,PICK,MFG Floor,11/24/25 08:32:43,likely consumed/staged on floor -> verify if on-hand should be 0
29146,8417l-105,18,PICK,MFG Floor,01/27/26 10:28:38,likely consumed/staged on floor -> verify if on-hand should be 0
2575,ACI-843,18,PICK,MFG Floor,09/30/25 14:20:44,likely consumed/staged on floor -> verify if on-hand should be 0
2577,ACI-854,18,PICK,MFG Floor,09/30/25 14:20:56,likely consumed/staged on floor -> verify if on-hand should be 0
2584,ACI-851,18,PICK,MFG Floor,10/01/25 11:14:55,likely consumed/staged on floor -> verify if on-hand should be 0
2651,ACI-892,18,PICK,MFG Floor,01/15/26 08:36:02,likely consumed/staged on floor -> verify if on-hand should be 0
2656,ACI-896,18,PICK,MFG Floor,10/20/25 10:09:48,likely consumed/staged on floor -> verify if on-hand should be 0
19947,8119L-70,18,PTWY,1301105,08/13/25 12:46:24,moved off floor -> location may be stale (real available stock)
3348,ACI-2642,18,PICK,MFG Floor,02/02/26 08:36:42,likely consumed/staged on floor -> verify if on-hand should be 0
23168,8080L-85,18,PICK,MFG Floor,02/25/26 13:30:55,likely consumed/staged on floor -> verify if on-hand should be 0
7755,7363L-2,18,PICK,MFG Floor,02/02/26 10:12:20,likely consumed/staged on floor -> verify if on-hand should be 0
3342,ACI-2658,18,PICK,MFG Floor,02/04/26 14:40:31,likely consumed/staged on floor -> verify if on-hand should be 0
23912,8037-245,18,PICK,MFG Floor,12/16/25 10:09:36,likely consumed/staged on floor -> verify if on-hand should be 0
27931,8433L-410,18,PICK,MFG Floor,03/03/26 12:07:51,likely consumed/staged on floor -> verify if on-hand should be 0
41698,7703ML-3-43,18,PICK,MFG Floor,10/22/25 11:34:07,likely consumed/staged on floor -> verify if on-hand should be 0
6668,8012L-30,18,PICK,MFG Floor,03/03/26 08:27:35,likely consumed/staged on floor -> verify if on-hand should be 0
27971,8433L-160,17,PICK,MFG Floor,03/03/26 11:41:16,likely consumed/staged on floor -> verify if on-hand should be 0
3218,8024L-9,17,PICK,MFG Floor,02/27/26 11:28:31,likely consumed/staged on floor -> verify if on-hand should be 0
13949,8095-385,17,PICK,MFG Floor,02/11/26 11:11:43,likely consumed/staged on floor -> verify if on-hand should be 0
2574,8228L-15,17,PICK,MFG Floor,09/04/25 13:02:40,likely consumed/staged on floor -> verify if on-hand should be 0
6329,7763-8,17,PICK,MFG Floor,02/11/26 10:21:35,likely consumed/staged on floor -> verify if on-hand should be 0
41412,7703ML-3-40,17,PICK,MFG Floor,10/23/25 10:42:47,likely consumed/staged on floor -> verify if on-hand should be 0
38735,6224L-1,17,PTWY,2104503,10/28/25 07:29:25,moved off floor -> location may be stale (real available stock)
29653,8384L-95,17,PICK,MFG Floor,02/27/26 08:30:41,likely consumed/staged on floor -> verify if on-hand should be 0
12286,7880-13,16,PICK,MFG Floor,02/27/26 12:13:28,likely consumed/staged on floor -> verify if on-hand should be 0
3434,7860-29,16,PICK,MFG Floor,02/02/26 08:54:42,likely consumed/staged on floor -> verify if on-hand should be 0
7387,7785-23,16,PICK,MFG Floor,01/19/26 13:45:10,likely consumed/staged on floor -> verify if on-hand should be 0
7075,7860-53,16,PICK,MFG Floor,02/02/26 08:36:53,likely consumed/staged on floor -> verify if on-hand should be 0
6790,8183L-10,16,PICK,MFG Floor,02/25/26 09:01:35,likely consumed/staged on floor -> verify if on-hand should be 0
16578,6753-90,16,PICK,MFG Floor,03/03/26 09:46:18,likely consumed/staged on floor -> verify if on-hand should be 0
17637,7694L-1,16,PICK,MFG Floor,08/13/25 14:55:25,likely consumed/staged on floor -> verify if on-hand should be 0
2704,ACI-931,16,PICK,MFG Floor,10/20/25 09:56:30,likely consumed/staged on floor -> verify if on-hand should be 0
2840,ACI-2242,16,PICK,MFG Floor,12/15/25 15:10:39,likely consumed/staged on floor -> verify if on-hand should be 0
28994,8415M-280,16,PICK,MFG Floor,11/21/25 09:05:21,likely consumed/staged on floor -> verify if on-hand should be 0
2951,ACI-2075,16,PICK,MFG Floor,01/19/26 10:44:06,likely consumed/staged on floor -> verify if on-hand should be 0
11761,3815-12,16,PICK,MFG Floor,03/03/26 09:12:38,likely consumed/staged on floor -> verify if on-hand should be 0
6666,ACI-3915,15,PICK,MFG Floor,03/03/26 08:34:34,likely consumed/staged on floor -> verify if on-hand should be 0
27957,8433L-155,15,PICK,MFG Floor,03/03/26 11:55:28,likely consumed/staged on floor -> verify if on-hand should be 0
27946,8433L-560,15,PICK,MFG Floor,03/03/26 12:07:15,likely consumed/staged on floor -> verify if on-hand should be 0
16988,8249L-160,15,PICK,MFG Floor,02/25/26 13:03:07,likely consumed/staged on floor -> verify if on-hand should be 0
14315,8033-14,15,PTWY,1406602,01/09/26 09:55:34,moved off floor -> location may be stale (real available stock)
16969,8249L-15,15,PICK,MFG Floor,02/26/26 08:44:11,likely consumed/staged on floor -> verify if on-hand should be 0
14942,7996-38,15,PICK,MFG Floor,02/11/26 15:09:00,likely consumed/staged on floor -> verify if on-hand should be 0
16916,8126L-205,15,PICK,MFG Floor,01/09/26 09:59:39,likely consumed/staged on floor -> verify if on-hand should be 0
34343,8594L-1080,15,PICK,MFG Floor,02/04/26 13:57:09,likely consumed/staged on floor -> verify if on-hand should be 0
27570,8446l-70,15,PTWY,1501203,02/05/26 10:32:59,moved off floor -> location may be stale (real available stock)
2735,ACI-965,15,PICK,MFG Floor,10/20/25 10:09:42,likely consumed/staged on floor -> verify if on-hand should be 0
27248,8112L-625,15,PICK,MFG Floor,02/12/26 13:04:34,likely consumed/staged on floor -> verify if on-hand should be 0
11101,8137L-220,15,PICK,MFG Floor,02/26/26 10:50:45,likely consumed/staged on floor -> verify if on-hand should be 0
2709,7582l-3,15,PTWY,1403008,08/29/25 11:16:14,moved off floor -> location may be stale (real available stock)
15944,8138M-70,15,PICK,MFG Floor,02/02/26 13:00:20,likely consumed/staged on floor -> verify if on-hand should be 0
30797,7595-2,15,PTWY,1301401,08/20/25 14:19:25,moved off floor -> location may be stale (real available stock)
4012,8025-62,15,PICK,MFG Floor,02/27/26 10:30:44,likely consumed/staged on floor -> verify if on-hand should be 0
12188,8141M-255,15,PICK,MFG Floor,03/03/26 09:17:44,likely consumed/staged on floor -> verify if on-hand should be 0
6305,8001-35,15,PICK,MFG Floor,02/11/26 11:19:45,likely consumed/staged on floor -> verify if on-hand should be 0
4227,7700-2,15,PICK,MFG Floor,02/09/26 09:28:57,likely consumed/staged on floor -> verify if on-hand should be 0
29157,8417l-110,15,PICK,MFG Floor,01/27/26 10:28:35,likely consumed/staged on floor -> verify if on-hand should be 0
29095,8452-100,15,PICK,MFG Floor,02/02/26 09:04:46,likely consumed/staged on floor -> verify if on-hand should be 0
13048,8207M -250,15,PICK,MFG Floor,02/09/26 11:45:01,likely consumed/staged on floor -> verify if on-hand should be 0
13344,8181-230,15,PICK,MFG Floor,10/28/25 13:16:14,likely consumed/staged on floor -> verify if on-hand should be 0
8586,8594ML-60,15,PTWY,2205102,06/10/25 13:58:38,moved off floor -> location may be stale (real available stock)
19660,6753-3,15,PICK,MFG Floor,10/28/25 12:49:57,likely consumed/staged on floor -> verify if on-hand should be 0
6516,8764L-280,15,PTWY,1301704,09/15/25 08:46:06,moved off floor -> location may be stale (real available stock)
4760,7691-15,15,PICK,MFG Floor,09/16/25 15:20:09,likely consumed/staged on floor -> verify if on-hand should be 0
9609,ACI-5737,15,PICK,MFG Floor,12/09/25 12:26:15,likely consumed/staged on floor -> verify if on-hand should be 0
20309,8228L-15,15,PICK,MFG Floor,09/04/25 14:05:01,likely consumed/staged on floor -> verify if on-hand should be 0
23442,8342ML-130,15,PICK,MFG Floor,10/07/25 14:45:31,likely consumed/staged on floor -> verify if on-hand should be 0
38162,7396-395,15,PICK,MFG Floor,02/16/26 08:20:20,likely consumed/staged on floor -> verify if on-hand should be 0
2878,ACI-2293,15,PICK,MFG Floor,02/25/26 10:02:35,likely consumed/staged on floor -> verify if on-hand should be 0
38763,8119L-130,15,PICK,MFG Floor,10/01/25 11:16:10,likely consumed/staged on floor -> verify if on-hand should be 0
39189,8764L-310,15,PTWY,1604003,09/15/25 08:52:54,moved off floor -> location may be stale (real available stock)
43574,8766L-50,15,PTWY,1406507,01/09/26 08:58:00,moved off floor -> location may be stale (real available stock)
4677,ACI-3831,15,PICK,MFG Floor,10/28/25 12:50:11,likely consumed/staged on floor -> verify if on-hand should be 0
6259,8200-50,15,PICK,MFG Floor,10/20/25 09:38:33,likely consumed/staged on floor -> verify if on-hand should be 0
19674,8199-500,15,PICK,MFG Floor,12/17/25 11:58:39,likely consumed/staged on floor -> verify if on-hand should be 0
28199,8169M-475,14,PICK,MFG Floor,02/17/26 10:01:14,likely consumed/staged on floor -> verify if on-hand should be 0
15914,ACI-4589,14,PICK,MFG Floor,02/26/26 10:29:58,likely consumed/staged on floor -> verify if on-hand should be 0
23470,8342ML-35,14,PICK,MFG Floor,02/25/26 12:00:46,likely consumed/staged on floor -> verify if on-hand should be 0
11181,7932L-8,14,PICK,MFG Floor,02/27/26 07:32:24,likely consumed/staged on floor -> verify if on-hand should be 0
18779,6463-65,14,PTWY,1403012,09/02/25 13:38:26,moved off floor -> location may be stale (real available stock)
17438,8167M-100,14,PICK,MFG Floor,01/15/26 09:59:06,likely consumed/staged on floor -> verify if on-hand should be 0
28680,7343-135,14,PICK,MFG Floor,02/25/26 11:36:57,likely consumed/staged on floor -> verify if on-hand should be 0
3312,ACI-2599,14,PICK,MFG Floor,01/30/26 11:09:06,likely consumed/staged on floor -> verify if on-hand should be 0
2957,ACI-2322,14,PICK,MFG Floor,01/20/26 11:25:26,likely consumed/staged on floor -> verify if on-hand should be 0
2950,ACI-2066,14,PICK,MFG Floor,01/19/26 10:43:46,likely consumed/staged on floor -> verify if on-hand should be 0
12690,7734-110,14,PICK,MFG Floor,01/15/26 07:58:42,likely consumed/staged on floor -> verify if on-hand should be 0
12691,8141M-280,14,PICK,MFG Floor,01/15/26 08:49:02,likely consumed/staged on floor -> verify if on-hand should be 0
4660,ACI-3836,14,PICK,MFG Floor,02/02/26 08:56:24,likely consumed/staged on floor -> verify if on-hand should be 0
4362,8095-290,14,PICK,MFG Floor,02/27/26 13:28:17,likely consumed/staged on floor -> verify if on-hand should be 0
6612,7682-28,14,PICK,MFG Floor,10/01/25 12:01:32,likely consumed/staged on floor -> verify if on-hand should be 0
7293,6655-3,14,PICK,MFG Floor,02/04/26 14:41:33,likely consumed/staged on floor -> verify if on-hand should be 0
27649,8433L-150,14,PICK,MFG Floor,03/03/26 12:38:29,likely consumed/staged on floor -> verify if on-hand should be 0
7074,7860-29,14,PICK,MFG Floor,02/02/26 08:44:10,likely consumed/staged on floor -> verify if on-hand should be 0
36932,7703ML-1-27,13,PTWY,1403002,02/27/26 09:54:31,moved off floor -> location may be stale (real available stock)
8440,7183L-2,13,PICK,MFG Floor,10/01/25 13:47:58,likely consumed/staged on floor -> verify if on-hand should be 0
30774,7996-43,13,PICK,MFG Floor,12/17/25 10:08:21,likely consumed/staged on floor -> verify if on-hand should be 0
11760,3815-11,13,PICK,MFG Floor,03/03/26 09:17:19,likely consumed/staged on floor -> verify if on-hand should be 0
8504,7734-10,13,PICK,MFG Floor,02/09/26 08:27:05,likely consumed/staged on floor -> verify if on-hand should be 0
6709,8041-12,13,PICK,MFG Floor,02/27/26 09:51:25,likely consumed/staged on floor -> verify if on-hand should be 0
27802,8433L-145,13,PICK,MFG Floor,03/03/26 09:56:43,likely consumed/staged on floor -> verify if on-hand should be 0
7362,7158-13,13,PICK,MFG Floor,09/25/25 09:27:58,likely consumed/staged on floor -> verify if on-hand should be 0
18794,6463-195,13,PTWY,1301505,09/02/25 13:38:58,moved off floor -> location may be stale (real available stock)
2585,ACI-846,12,PICK,MFG Floor,09/30/25 14:20:23,likely consumed/staged on floor -> verify if on-hand should be 0
4579,ACI-3735,12,PICK,MFG Floor,12/12/25 12:37:48,likely consumed/staged on floor -> verify if on-hand should be 0
6736,8054-9,12,PICK,MFG Floor,02/27/26 10:30:54,likely consumed/staged on floor -> verify if on-hand should be 0
28132,8433L-135,12,PICK,MFG Floor,03/03/26 11:55:09,likely consumed/staged on floor -> verify if on-hand should be 0
27243,8112L-705,12,PICK,MFG Floor,02/12/26 11:31:00,likely consumed/staged on floor -> verify if on-hand should be 0
7059,7084-6,12,PICK,MFG Floor,01/15/26 12:19:43,likely consumed/staged on floor -> verify if on-hand should be 0
5651,7605-5,12,PICK,MFG Floor,03/03/26 13:09:34,likely consumed/staged on floor -> verify if on-hand should be 0
6700,8041-5,12,PICK,MFG Floor,02/27/26 09:51:21,likely consumed/staged on floor -> verify if on-hand should be 0
13996,7785-69,12,PICK,MFG Floor,01/20/26 11:24:16,likely consumed/staged on floor -> verify if on-hand should be 0
32565,8210-10,12,PICK,MFG Floor,02/04/26 13:57:02,likely consumed/staged on floor -> verify if on-hand should be 0
27284,8112L-45,12,PICK,MFG Floor,02/12/26 11:31:07,likely consumed/staged on floor -> verify if on-hand should be 0
3250,ACI-2563,12,PICK,MFG Floor,02/04/26 14:40:21,likely consumed/staged on floor -> verify if on-hand should be 0
28717,8448L-110,12,PICK,MFG Floor,02/26/26 07:34:27,likely consumed/staged on floor -> verify if on-hand should be 0
12331,8148L-50,12,PICK,MFG Floor,12/17/25 10:08:29,likely consumed/staged on floor -> verify if on-hand should be 0
3306,7880-14,12,PICK,MFG Floor,02/27/26 12:13:43,likely consumed/staged on floor -> verify if on-hand should be 0
11696,8123M-270,12,PICK,MFG Floor,03/03/26 09:12:54,likely consumed/staged on floor -> verify if on-hand should be 0
41003,7396-110,12,PICK,MFG Floor,12/03/25 11:30:32,likely consumed/staged on floor -> verify if on-hand should be 0
5013,8054-16,12,PICK,MFG Floor,02/27/26 09:50:42,likely consumed/staged on floor -> verify if on-hand should be 0
2963,ACI-2061,12,PICK,MFG Floor,01/20/26 11:25:17,likely consumed/staged on floor -> verify if on-hand should be 0
27092,7124-5,12,PICK,MFG Floor,02/25/26 14:20:00,likely consumed/staged on floor -> verify if on-hand should be 0
2787,ACI-855,12,PICK,MFG Floor,10/20/25 10:09:33,likely consumed/staged on floor -> verify if on-hand should be 0
19700,8199-510,12,PICK,MFG Floor,12/17/25 11:58:27,likely consumed/staged on floor -> verify if on-hand should be 0
31038,6932L-13,12,PICK,MFG Floor,02/11/26 13:09:22,likely consumed/staged on floor -> verify if on-hand should be 0
15275,7848-11,12,PICK,MFG Floor,01/20/26 11:25:00,likely consumed/staged on floor -> verify if on-hand should be 0
4415,8148L-115,12,PICK,MFG Floor,10/09/25 13:03:26,likely consumed/staged on floor -> verify if on-hand should be 0
23972,8415M-310,12,PICK,MFG Floor,11/21/25 09:05:06,likely consumed/staged on floor -> verify if on-hand should be 0
15825,8138M-145,12,PICK,MFG Floor,02/26/26 11:12:36,likely consumed/staged on floor -> verify if on-hand should be 0
6778,8142M-260,12,PICK,MFG Floor,01/14/26 07:25:22,likely consumed/staged on floor -> verify if on-hand should be 0
6640,8024L-28,12,PICK,MFG Floor,10/06/25 12:27:36,likely consumed/staged on floor -> verify if on-hand should be 0
21966,8325-5,12,PICK,MFG Floor,01/20/26 11:24:33,likely consumed/staged on floor -> verify if on-hand should be 0
11739,7547-50,11,PICK,MFG Floor,03/03/26 09:23:46,likely consumed/staged on floor -> verify if on-hand should be 0
17188,8258L-240,11,PICK,MFG Floor,10/01/25 13:47:54,likely consumed/staged on floor -> verify if on-hand should be 0
12189,7734-120,11,PICK,MFG Floor,03/03/26 09:23:52,likely consumed/staged on floor -> verify if on-hand should be 0
6872,7860-46,11,PICK,MFG Floor,02/11/26 11:13:41,likely consumed/staged on floor -> verify if on-hand should be 0
18795,6463-240,11,PTWY,1406504,12/19/25 13:34:26,moved off floor -> location may be stale (real available stock)
12085,7451-26,11,PICK,MFG Floor,02/17/26 10:10:07,likely consumed/staged on floor -> verify if on-hand should be 0
6808,7157-32,11,PICK,MFG Floor,02/11/26 10:21:44,likely consumed/staged on floor -> verify if on-hand should be 0
7382,8063L-31,11,PICK,MFG Floor,09/25/25 09:25:28,likely consumed/staged on floor -> verify if on-hand should be 0
7757,7393-35,11,PICK,MFG Floor,02/26/26 10:45:47,likely consumed/staged on floor -> verify if on-hand should be 0
3125,7694L-8,11,PICK,MFG Floor,10/20/25 09:01:37,likely consumed/staged on floor -> verify if on-hand should be 0
3429,7157-29,11,PICK,MFG Floor,02/11/26 10:21:31,likely consumed/staged on floor -> verify if on-hand should be 0
6787,8183L-150,11,PICK,MFG Floor,01/27/26 10:28:19,likely consumed/staged on floor -> verify if on-hand should be 0
2711,ACI-914,11,PICK,MFG Floor,02/26/26 08:19:12,likely consumed/staged on floor -> verify if on-hand should be 0
15476,8177M-160,11,PICK,MFG Floor,01/20/26 11:24:42,likely consumed/staged on floor -> verify if on-hand should be 0
12614,8171L-335,11,PICK,MFG Floor,03/03/26 09:48:33,likely consumed/staged on floor -> verify if on-hand should be 0
8519,7984-115,11,PICK,MFG Floor,01/15/26 09:59:21,likely consumed/staged on floor -> verify if on-hand should be 0
15095,8266L-35,11,PICK,MFG Floor,12/17/25 14:17:01,likely consumed/staged on floor -> verify if on-hand should be 0
3338,ACI-2634,11,PICK,MFG Floor,01/30/26 10:27:05,likely consumed/staged on floor -> verify if on-hand should be 0
12401,7734-150,11,PICK,MFG Floor,09/04/25 13:45:29,likely consumed/staged on floor -> verify if on-hand should be 0
3739,7860-10,11,PICK,MFG Floor,01/15/26 12:20:06,likely consumed/staged on floor -> verify if on-hand should be 0
2954,ACI-2074,10,PICK,MFG Floor,01/23/26 14:13:43,likely consumed/staged on floor -> verify if on-hand should be 0
19676,8304-125,10,PICK,MFG Floor,12/17/25 11:57:55,likely consumed/staged on floor -> verify if on-hand should be 0
19647,8295-80,10,PICK,MFG Floor,09/04/25 14:04:57,likely consumed/staged on floor -> verify if on-hand should be 0
19643,8199-40,10,PICK,MFG Floor,12/17/25 11:58:12,likely consumed/staged on floor -> verify if on-hand should be 0
20396,6753-99,10,PICK,MFG Floor,10/28/25 14:19:32,likely consumed/staged on floor -> verify if on-hand should be 0
20402,6753L-1,10,PICK,MFG Floor,09/02/25 09:26:05,likely consumed/staged on floor -> verify if on-hand should be 0
19236,8261L-20,10,PICK,MFG Floor,02/25/26 13:02:57,likely consumed/staged on floor -> verify if on-hand should be 0
21358,8291-230,10,PICK,MFG Floor,02/20/26 11:23:52,likely consumed/staged on floor -> verify if on-hand should be 0
21360,8291-55,10,PICK,MFG Floor,02/20/26 11:06:22,likely consumed/staged on floor -> verify if on-hand should be 0
21362,8291-330,10,PICK,MFG Floor,02/20/26 10:28:04,likely consumed/staged on floor -> verify if on-hand should be 0
21363,7996-51,10,PICK,MFG Floor,10/06/25 14:21:15,likely consumed/staged on floor -> verify if on-hand should be 0
21372,8291-155,10,PICK,MFG Floor,02/20/26 10:15:18,likely consumed/staged on floor -> verify if on-hand should be 0
21374,8291-195,10,PICK,MFG Floor,02/20/26 10:15:25,likely consumed/staged on floor -> verify if on-hand should be 0
21375,8291-150,10,PICK,MFG Floor,02/20/26 08:12:27,likely consumed/staged on floor -> verify if on-hand should be 0
21376,8291-95,10,PICK,MFG Floor,02/20/26 10:33:01,likely consumed/staged on floor -> verify if on-hand should be 0
5717,8012L-41,10,PICK,MFG Floor,09/16/25 15:20:17,likely consumed/staged on floor -> verify if on-hand should be 0
21378,8291-145,10,PICK,MFG Floor,02/20/26 10:12:15,likely consumed/staged on floor -> verify if on-hand should be 0
21380,8291-250,10,PICK,MFG Floor,02/20/26 10:33:05,likely consumed/staged on floor -> verify if on-hand should be 0
19014,8266L-170,10,PICK,MFG Floor,12/17/25 12:09:07,likely consumed/staged on floor -> verify if on-hand should be 0
18888,8249L-145,10,PICK,MFG Floor,09/15/25 15:14:28,likely consumed/staged on floor -> verify if on-hand should be 0
21391,8291-115,10,PICK,MFG Floor,02/20/26 07:56:59,likely consumed/staged on floor -> verify if on-hand should be 0
21393,8291-225,10,PICK,MFG Floor,02/20/26 11:24:02,likely consumed/staged on floor -> verify if on-hand should be 0
21539,8291-235,10,PICK,MFG Floor,02/20/26 07:57:55,likely consumed/staged on floor -> verify if on-hand should be 0
11180,7932L-2,10,PICK,MFG Floor,02/26/26 10:45:39,likely consumed/staged on floor -> verify if on-hand should be 0
21551,8291-110,10,PICK,MFG Floor,02/20/26 11:06:17,likely consumed/staged on floor -> verify if on-hand should be 0
21620,8292-105,10,PICK,MFG Floor,09/04/25 13:45:06,likely consumed/staged on floor -> verify if on-hand should be 0
10427,8060M-14,10,PICK,MFG Floor,09/30/25 12:20:28,likely consumed/staged on floor -> verify if on-hand should be 0
22038,7984-70,10,PICK,MFG Floor,09/25/25 09:30:48,likely consumed/staged on floor -> verify if on-hand should be 0
22141,7984-55,10,PICK,MFG Floor,09/25/25 09:31:17,likely consumed/staged on floor -> verify if on-hand should be 0
8083,7907LB-9,10,PICK,MFG Floor,08/15/25 12:38:41,likely consumed/staged on floor -> verify if on-hand should be 0
5148,7839L-29,10,PICK,MFG Floor,01/14/26 08:56:51,likely consumed/staged on floor -> verify if on-hand should be 0
6317,8024L-80,10,PICK,MFG Floor,02/11/26 10:45:11,likely consumed/staged on floor -> verify if on-hand should be 0
22937,7092-30,10,PICK,MFG Floor,02/02/26 13:00:00,likely consumed/staged on floor -> verify if on-hand should be 0
9598,ACI-5741,10,PICK,MFG Floor,12/09/25 12:26:19,likely consumed/staged on floor -> verify if on-hand should be 0
6517,8012L-13,10,PICK,MFG Floor,02/09/26 10:26:22,likely consumed/staged on floor -> verify if on-hand should be 0
23455,7848-12,10,PICK,MFG Floor,10/10/25 13:44:40,likely consumed/staged on floor -> verify if on-hand should be 0
2376,ACI-723,10,PICK,MFG Floor,09/18/25 09:29:03,likely consumed/staged on floor -> verify if on-hand should be 0
2378,ACI-692,10,PICK,MFG Floor,09/18/25 09:08:35,likely consumed/staged on floor -> verify if on-hand should be 0
6618,8024L-86,10,PICK,MFG Floor,01/15/26 12:24:33,likely consumed/staged on floor -> verify if on-hand should be 0
2412,ACI-724,10,PICK,MFG Floor,09/18/25 09:28:50,likely consumed/staged on floor -> verify if on-hand should be 0
24300,6590L-27,10,PICK,MFG Floor,09/15/25 14:30:55,likely consumed/staged on floor -> verify if on-hand should be 0
24423,8328-160,10,PICK,MFG Floor,10/20/25 10:30:27,likely consumed/staged on floor -> verify if on-hand should be 0
6655,8012L-38,10,PICK,MFG Floor,10/06/25 12:27:18,likely consumed/staged on floor -> verify if on-hand should be 0
4667,ACI-3820,10,PICK,MFG Floor,10/28/25 12:50:05,likely consumed/staged on floor -> verify if on-hand should be 0
17001,8266L-100,10,PICK,MFG Floor,12/17/25 12:09:02,likely consumed/staged on floor -> verify if on-hand should be 0
2565,ACI-838,10,PICK,MFG Floor,01/14/26 14:20:50,likely consumed/staged on floor -> verify if on-hand should be 0
6691,8012L-7,10,PICK,MFG Floor,01/15/26 12:24:41,likely consumed/staged on floor -> verify if on-hand should be 0
4540,ACI-3671,10,PICK,MFG Floor,01/30/26 10:27:29,likely consumed/staged on floor -> verify if on-hand should be 0
4538,ACI-3669,10,PICK,MFG Floor,12/12/25 12:39:09,likely consumed/staged on floor -> verify if on-hand should be 0
15814,8262-135,10,PICK,MFG Floor,10/01/25 11:16:01,likely consumed/staged on floor -> verify if on-hand should be 0
2692,8054-3,10,PICK,MFG Floor,02/27/26 09:50:51,likely consumed/staged on floor -> verify if on-hand should be 0
9597,ACI-5728,10,PICK,MFG Floor,12/09/25 12:25:39,likely consumed/staged on floor -> verify if on-hand should be 0
15796,8262-125,10,PICK,MFG Floor,10/01/25 11:15:23,likely consumed/staged on floor -> verify if on-hand should be 0
9252,7907LB-12,10,PICK,MFG Floor,02/05/26 09:46:56,likely consumed/staged on floor -> verify if on-hand should be 0
6845,7957ML-35,10,PICK,MFG Floor,02/25/26 10:28:21,likely consumed/staged on floor -> verify if on-hand should be 0
8422,NASA-8,10,PICK,MFG Floor,03/03/26 08:33:35,likely consumed/staged on floor -> verify if on-hand should be 0
15735,8230ML-190,10,PICK,MFG Floor,09/17/25 07:13:47,likely consumed/staged on floor -> verify if on-hand should be 0
4496,ACI-3703,10,PICK,MFG Floor,01/30/26 10:27:38,likely consumed/staged on floor -> verify if on-hand should be 0
27402,8148L-130,10,PICK,MFG Floor,12/17/25 10:08:08,likely consumed/staged on floor -> verify if on-hand should be 0
27638,8443L-180,10,PICK,MFG Floor,03/03/26 13:05:13,likely consumed/staged on floor -> verify if on-hand should be 0
27920,8433L-190,10,PICK,MFG Floor,03/03/26 12:07:22,likely consumed/staged on floor -> verify if on-hand should be 0
27921,8433L-330,10,PICK,MFG Floor,03/03/26 11:41:06,likely consumed/staged on floor -> verify if on-hand should be 0
11492,7686-36,10,PICK,MFG Floor,02/11/26 11:09:48,likely consumed/staged on floor -> verify if on-hand should be 0
7767,7363L-18,10,PICK,MFG Floor,08/27/25 11:34:34,likely consumed/staged on floor -> verify if on-hand should be 0
4346,ACI-3551,10,PICK,MFG Floor,09/04/25 14:50:58,likely consumed/staged on floor -> verify if on-hand should be 0
28127,8433L-140,10,PICK,MFG Floor,03/03/26 11:40:49,likely consumed/staged on floor -> verify if on-hand should be 0
13835,7681L-85,10,PICK,MFG Floor,02/09/26 11:19:23,likely consumed/staged on floor -> verify if on-hand should be 0
2859,ACI-2267,10,PICK,MFG Floor,01/15/26 09:58:53,likely consumed/staged on floor -> verify if on-hand should be 0
2862,ACI-2275,10,PICK,MFG Floor,02/25/26 09:22:38,likely consumed/staged on floor -> verify if on-hand should be 0
2873,ACI-2263,10,PICK,MFG Floor,02/25/26 10:02:42,likely consumed/staged on floor -> verify if on-hand should be 0
13803,8208M-20,10,PICK,MFG Floor,02/09/26 11:46:38,likely consumed/staged on floor -> verify if on-hand should be 0
13783,8208M-280,10,PICK,MFG Floor,11/07/25 11:57:16,likely consumed/staged on floor -> verify if on-hand should be 0
9595,ACI-5739,10,PICK,MFG Floor,12/09/25 12:25:46,likely consumed/staged on floor -> verify if on-hand should be 0
8534,7984-65,10,PICK,MFG Floor,01/14/26 07:25:31,likely consumed/staged on floor -> verify if on-hand should be 0
13342,8181-460,10,PICK,MFG Floor,10/28/25 13:16:08,likely consumed/staged on floor -> verify if on-hand should be 0
13316,8181-215,10,PICK,MFG Floor,10/20/25 09:38:03,likely consumed/staged on floor -> verify if on-hand should be 0
13314,8181-265,10,PICK,MFG Floor,10/20/25 09:37:59,likely consumed/staged on floor -> verify if on-hand should be 0
13310,8181-430,10,PICK,MFG Floor,10/20/25 09:37:56,likely consumed/staged on floor -> verify if on-hand should be 0
13308,8181-255,10,PICK,MFG Floor,10/20/25 09:37:52,likely consumed/staged on floor -> verify if on-hand should be 0
29024,7848-9,10,PICK,MFG Floor,11/26/25 11:02:03,likely consumed/staged on floor -> verify if on-hand should be 0
29090,8452-125,10,PICK,MFG Floor,01/30/26 10:59:46,likely consumed/staged on floor -> verify if on-hand should be 0
29133,8418L-35,10,PICK,MFG Floor,10/10/25 15:13:28,likely consumed/staged on floor -> verify if on-hand should be 0
4223,7700-14,10,PICK,MFG Floor,02/09/26 09:28:41,likely consumed/staged on floor -> verify if on-hand should be 0
12685,8112L-390,10,PICK,MFG Floor,09/04/25 13:44:33,likely consumed/staged on floor -> verify if on-hand should be 0
12669,7734-160,10,PICK,MFG Floor,09/04/25 13:44:10,likely consumed/staged on floor -> verify if on-hand should be 0
12603,8443L-105,10,PICK,MFG Floor,03/03/26 09:56:48,likely consumed/staged on floor -> verify if on-hand should be 0
12144,8520L-250,10,PICK,MFG Floor,01/12/26 12:12:59,likely consumed/staged on floor -> verify if on-hand should be 0
12511,8181-210,10,PICK,MFG Floor,01/14/26 14:21:13,likely consumed/staged on floor -> verify if on-hand should be 0
12491,8181-345,10,PICK,MFG Floor,01/14/26 14:21:17,likely consumed/staged on floor -> verify if on-hand should be 0
2955,ACI-2074,10,PICK,MFG Floor,01/20/26 11:25:30,likely consumed/staged on floor -> verify if on-hand should be 0
12477,8181-220,10,PICK,MFG Floor,10/20/25 08:02:12,likely consumed/staged on floor -> verify if on-hand should be 0
12476,8181-225,10,PICK,MFG Floor,10/20/25 08:02:16,likely consumed/staged on floor -> verify if on-hand should be 0
29702,8343ML-40,10,PICK,MFG Floor,10/20/25 14:16:37,likely consumed/staged on floor -> verify if on-hand should be 0
12467,8181-285,10,PICK,MFG Floor,10/20/25 08:02:25,likely consumed/staged on floor -> verify if on-hand should be 0
12464,8181-275,10,PICK,MFG Floor,10/20/25 08:02:19,likely consumed/staged on floor -> verify if on-hand should be 0
12448,7734-20,10,PICK,MFG Floor,01/14/26 14:21:06,likely consumed/staged on floor -> verify if on-hand should be 0
12410,8066-5,10,PICK,MFG Floor,05/27/25 10:46:24,likely consumed/staged on floor -> verify if on-hand should be 0
12409,8066-5,10,PICK,MFG Floor,05/27/25 10:46:33,likely consumed/staged on floor -> verify if on-hand should be 0
12408,8024L-52,10,PICK,MFG Floor,09/04/25 15:06:17,likely consumed/staged on floor -> verify if on-hand should be 0
30005,6948L-19,10,PICK,MFG Floor,02/12/26 11:30:57,likely consumed/staged on floor -> verify if on-hand should be 0
12325,7734-160,10,PICK,MFG Floor,10/06/25 12:27:40,likely consumed/staged on floor -> verify if on-hand should be 0
4090,ACI-3386,10,PICK,MFG Floor,02/09/26 11:43:46,likely consumed/staged on floor -> verify if on-hand should be 0
3035,ACI-2385,10,PICK,MFG Floor,01/15/26 12:19:30,likely consumed/staged on floor -> verify if on-hand should be 0
32510,7221L-20,10,PICK,MFG Floor,08/14/25 13:08:33,likely consumed/staged on floor -> verify if on-hand should be 0
34402,8764L-485,10,PTWY,1604003,09/12/25 14:16:28,moved off floor -> location may be stale (real available stock)
34385,8594L-910,10,PICK,MFG Floor,02/04/26 13:57:14,likely consumed/staged on floor -> verify if on-hand should be 0
34369,8594L-930,10,PICK,MFG Floor,02/04/26 12:52:34,likely consumed/staged on floor -> verify if on-hand should be 0
34362,8594L-1050,10,PICK,MFG Floor,02/04/26 14:10:25,likely consumed/staged on floor -> verify if on-hand should be 0
40000,6970L-1A-3,10,PICK,MFG Floor,02/27/26 08:31:06,likely consumed/staged on floor -> verify if on-hand should be 0
34360,8764L-80,10,PTWY,1604003,09/15/25 08:51:21,moved off floor -> location may be stale (real available stock)
34351,8764L-130,10,PTWY,1604003,09/15/25 07:53:00,moved off floor -> location may be stale (real available stock)
34347,8764L-145,10,PTWY,1604003,09/15/25 07:52:53,moved off floor -> location may be stale (real available stock)
34345,8594L-1090,10,PICK,MFG Floor,02/04/26 14:10:21,likely consumed/staged on floor -> verify if on-hand should be 0
34335,8594L-220,10,PICK,MFG Floor,02/04/26 14:10:29,likely consumed/staged on floor -> verify if on-hand should be 0
34196,6753L-86,10,PICK,MFG Floor,02/26/26 09:58:02,likely consumed/staged on floor -> verify if on-hand should be 0
3351,ACI-2633,10,PICK,MFG Floor,02/05/26 10:02:28,likely consumed/staged on floor -> verify if on-hand should be 0
31308,8202L-25,10,PICK,MFG Floor,10/20/25 13:12:54,likely consumed/staged on floor -> verify if on-hand should be 0
33247,7944L-280,10,PICK,MFG Floor,08/28/25 08:29:25,likely consumed/staged on floor -> verify if on-hand should be 0
33239,7144l-115,10,PICK,MFG Floor,03/31/26 11:40:24,likely consumed/staged on floor -> verify if on-hand should be 0
3313,ACI-2608,10,PICK,MFG Floor,02/05/26 10:04:30,likely consumed/staged on floor -> verify if on-hand should be 0
3309,ACI-2580,10,PICK,MFG Floor,01/30/26 11:09:25,likely consumed/staged on floor -> verify if on-hand should be 0
3193,ACI-2480,10,PICK,MFG Floor,11/20/25 12:24:07,likely consumed/staged on floor -> verify if on-hand should be 0
11858,8141M-270,10,PICK,MFG Floor,03/03/26 10:04:21,likely consumed/staged on floor -> verify if on-hand should be 0
3228,ACI-2539,10,PICK,MFG Floor,11/07/25 11:58:03,likely consumed/staged on floor -> verify if on-hand should be 0
36529,8606ML-230,10,PTWY,2201503,10/06/25 14:03:43,moved off floor -> location may be stale (real available stock)
32478,8091L-35,10,PICK,MFG Floor,08/13/25 15:13:16,likely consumed/staged on floor -> verify if on-hand should be 0
9605,ACI-5733,10,PICK,MFG Floor,12/09/25 12:26:07,likely consumed/staged on floor -> verify if on-hand should be 0
25779,8343ML-90,9,PICK,MFG Floor,10/02/25 09:52:10,likely consumed/staged on floor -> verify if on-hand should be 0
29147,8417L-150,9,PICK,MFG Floor,01/30/26 10:59:43,likely consumed/staged on floor -> verify if on-hand should be 0
28500,6753L-98,9,PICK,MFG Floor,02/27/26 11:02:58,likely consumed/staged on floor -> verify if on-hand should be 0
23915,8037-140,9,PICK,MFG Floor,05/21/24 14:49:34,likely consumed/staged on floor -> verify if on-hand should be 0
29093,8452-260,9,PICK,MFG Floor,02/02/26 08:48:04,likely consumed/staged on floor -> verify if on-hand should be 0
2907,ACI-1751,9,PICK,MFG Floor,02/25/26 10:02:40,likely consumed/staged on floor -> verify if on-hand should be 0
33439,ACI-10048,9,PICK,MFG Floor,01/20/26 09:38:23,likely consumed/staged on floor -> verify if on-hand should be 0
3349,ACI-2643,9,PICK,MFG Floor,02/04/26 14:47:31,likely consumed/staged on floor -> verify if on-hand should be 0
6433,8024L-97,9,PICK,MFG Floor,08/26/25 09:02:49,likely consumed/staged on floor -> verify if on-hand should be 0
16747,8271-50,9,PICK,MFG Floor,09/05/25 08:30:18,likely consumed/staged on floor -> verify if on-hand should be 0
13353,8138M-320,9,PICK,MFG Floor,08/06/25 10:59:27,likely consumed/staged on floor -> verify if on-hand should be 0
27247,8112L-565,9,PICK,MFG Floor,02/12/26 13:03:01,likely consumed/staged on floor -> verify if on-hand should be 0
27246,8112L-35,9,PICK,MFG Floor,02/12/26 11:31:04,likely consumed/staged on floor -> verify if on-hand should be 0
26293,8033-13,9,PICK,MFG Floor,12/17/25 12:08:46,likely consumed/staged on floor -> verify if on-hand should be 0
15757,8230ML-160,9,PICK,MFG Floor,09/17/25 07:14:06,likely consumed/staged on floor -> verify if on-hand should be 0
16746,8271-85,9,PICK,MFG Floor,09/04/25 15:19:46,likely consumed/staged on floor -> verify if on-hand should be 0
6717,7907L-21,9,PICK,MFG Floor,02/27/26 10:30:34,likely consumed/staged on floor -> verify if on-hand should be 0
27639,8433L-645,9,PICK,MFG Floor,03/03/26 13:09:37,likely consumed/staged on floor -> verify if on-hand should be 0
3279,ACI-2553,9,PICK,MFG Floor,01/30/26 11:09:02,likely consumed/staged on floor -> verify if on-hand should be 0
15395,8142M-270,9,PICK,MFG Floor,02/02/26 13:00:36,likely consumed/staged on floor -> verify if on-hand should be 0
15799,8262-130,9,PICK,MFG Floor,10/01/25 11:15:10,likely consumed/staged on floor -> verify if on-hand should be 0
15800,8262-50,9,PICK,MFG Floor,10/01/25 11:15:14,likely consumed/staged on floor -> verify if on-hand should be 0
15808,8262-35,9,PICK,MFG Floor,10/01/25 11:15:57,likely consumed/staged on floor -> verify if on-hand should be 0
3438,ACI-2712,9,PICK,MFG Floor,11/24/25 09:11:44,likely consumed/staged on floor -> verify if on-hand should be 0
26545,8444-110,9,PICK,MFG Floor,09/04/25 15:19:49,likely consumed/staged on floor -> verify if on-hand should be 0
6829,7157-47,9,PICK,MFG Floor,02/27/26 10:30:39,likely consumed/staged on floor -> verify if on-hand should be 0
26835,8291-235,9,PICK,MFG Floor,09/02/25 09:25:54,likely consumed/staged on floor -> verify if on-hand should be 0
17065,8276-160,9,PICK,MFG Floor,09/02/25 09:27:41,likely consumed/staged on floor -> verify if on-hand should be 0
11759,3815-10,9,PICK,MFG Floor,03/03/26 09:12:44,likely consumed/staged on floor -> verify if on-hand should be 0
20101,8080L-287,9,PICK,MFG Floor,01/19/26 10:43:34,likely consumed/staged on floor -> verify if on-hand should be 0
3446,7157-6,9,PICK,MFG Floor,02/27/26 09:51:29,likely consumed/staged on floor -> verify if on-hand should be 0
30286,6590L-28,9,PICK,MFG Floor,09/15/25 15:14:22,likely consumed/staged on floor -> verify if on-hand should be 0
27824,8343ML-405,9,PICK,MFG Floor,03/03/26 11:54:59,likely consumed/staged on floor -> verify if on-hand should be 0
22388,7946L-45,9,PICK,MFG Floor,05/27/25 11:26:05,likely consumed/staged on floor -> verify if on-hand should be 0
30038,8223L-25,9,PICK,MFG Floor,09/17/25 10:11:43,likely consumed/staged on floor -> verify if on-hand should be 0
36408,8294M-3-5,9,PICK,MFG Floor,05/30/25 10:48:23,likely consumed/staged on floor -> verify if on-hand should be 0
19901,8202L-55,9,PICK,MFG Floor,01/12/26 15:12:00,likely consumed/staged on floor -> verify if on-hand should be 0
11945,8161-45,9,PICK,MFG Floor,03/03/26 09:32:57,likely consumed/staged on floor -> verify if on-hand should be 0
4341,8055-21,9,PICK,MFG Floor,09/02/25 09:24:45,likely consumed/staged on floor -> verify if on-hand should be 0
19055,7124-2,9,PICK,MFG Floor,02/26/26 08:18:22,likely consumed/staged on floor -> verify if on-hand should be 0
29362,8430L-290,9,PICK,MFG Floor,02/27/26 11:54:39,likely consumed/staged on floor -> verify if on-hand should be 0
35756,8520L-210,9,PICK,MFG Floor,09/16/25 07:18:05,likely consumed/staged on floor -> verify if on-hand should be 0
35473,8243-1-30,9,PICK,MFG Floor,09/17/25 10:36:45,likely consumed/staged on floor -> verify if on-hand should be 0
18015,8292-155,9,PICK,MFG Floor,09/04/25 13:44:43,likely consumed/staged on floor -> verify if on-hand should be 0
15090,8266L-110,9,PICK,MFG Floor,09/03/25 08:42:39,likely consumed/staged on floor -> verify if on-hand should be 0
10854,8052-15,9,PICK,MFG Floor,02/27/26 09:21:36,likely consumed/staged on floor -> verify if on-hand should be 0
13959,8095-195,9,PICK,MFG Floor,02/27/26 13:08:52,likely consumed/staged on floor -> verify if on-hand should be 0
12764,8152L-45,9,PICK,MFG Floor,12/17/25 12:08:25,likely consumed/staged on floor -> verify if on-hand should be 0
13814,7681L-45,8,PICK,MFG Floor,02/09/26 11:46:08,likely consumed/staged on floor -> verify if on-hand should be 0
4405,ACI-3555,8,PICK,MFG Floor,09/04/25 14:05:38,likely consumed/staged on floor -> verify if on-hand should be 0
4603,ACI-3776,8,PICK,MFG Floor,08/27/25 11:34:44,likely consumed/staged on floor -> verify if on-hand should be 0
27918,8433L-340,8,PICK,MFG Floor,03/03/26 11:41:11,likely consumed/staged on floor -> verify if on-hand should be 0
11031,8122-20,8,PICK,MFG Floor,02/12/26 08:03:30,likely consumed/staged on floor -> verify if on-hand should be 0
2793,ACI-2202,8,PICK,MFG Floor,10/20/25 10:30:23,likely consumed/staged on floor -> verify if on-hand should be 0
27964,8433L-210,8,PICK,MFG Floor,03/03/26 11:40:58,likely consumed/staged on floor -> verify if on-hand should be 0
17068,8276-60,8,PICK,MFG Floor,09/02/25 09:27:29,likely consumed/staged on floor -> verify if on-hand should be 0
11089,8136L-80,8,PICK,MFG Floor,02/12/26 08:15:12,likely consumed/staged on floor -> verify if on-hand should be 0
4339,ACI-3254,8,PICK,MFG Floor,09/04/25 15:06:01,likely consumed/staged on floor -> verify if on-hand should be 0
17278,8266L-170,8,PICK,MFG Floor,12/17/25 14:17:07,likely consumed/staged on floor -> verify if on-hand should be 0
28721,8448L-160,8,PICK,MFG Floor,02/19/26 10:23:55,likely consumed/staged on floor -> verify if on-hand should be 0
28730,8448L-190,8,PICK,MFG Floor,02/26/26 08:03:32,likely consumed/staged on floor -> verify if on-hand should be 0
19240,8267L-15,8,PICK,MFG Floor,09/02/25 09:26:53,likely consumed/staged on floor -> verify if on-hand should be 0
2876,ACI-2294,8,PICK,MFG Floor,01/15/26 09:58:50,likely consumed/staged on floor -> verify if on-hand should be 0
13770,8208M-95,8,PICK,MFG Floor,11/07/25 11:59:28,likely consumed/staged on floor -> verify if on-hand should be 0
13749,8208M-90,8,PICK,MFG Floor,11/10/25 13:45:23,likely consumed/staged on floor -> verify if on-hand should be 0
7678,3815-17,8,PICK,MFG Floor,01/09/26 08:07:22,likely consumed/staged on floor -> verify if on-hand should be 0
6544,7958-12,8,PICK,MFG Floor,09/17/25 09:33:43,likely consumed/staged on floor -> verify if on-hand should be 0
28948,8415M-265,8,PICK,MFG Floor,11/21/25 09:04:26,likely consumed/staged on floor -> verify if on-hand should be 0
3905,7546-3,8,PICK,MFG Floor,02/25/26 12:46:02,likely consumed/staged on floor -> verify if on-hand should be 0
28968,8415M-20,8,PICK,MFG Floor,11/20/25 15:11:21,likely consumed/staged on floor -> verify if on-hand should be 0
2898,ACI-2285,8,PICK,MFG Floor,02/25/26 09:22:11,likely consumed/staged on floor -> verify if on-hand should be 0
32511,7909M-45,8,PICK,MFG Floor,08/14/25 13:08:38,likely consumed/staged on floor -> verify if on-hand should be 0
35350,8608ML-5,8,PICK,MFG Floor,09/19/25 12:56:01,likely consumed/staged on floor -> verify if on-hand should be 0
13284,8095-205,8,PICK,MFG Floor,02/27/26 13:28:24,likely consumed/staged on floor -> verify if on-hand should be 0
13009,8183L-235,8,PICK,MFG Floor,07/01/25 13:04:38,likely consumed/staged on floor -> verify if on-hand should be 0
6327,8037-175,8,PICK,MFG Floor,12/16/25 12:14:20,likely consumed/staged on floor -> verify if on-hand should be 0
6325,8047-1,8,PICK,MFG Floor,02/11/26 10:50:55,likely consumed/staged on floor -> verify if on-hand should be 0
12609,8126L-205,8,PICK,MFG Floor,09/05/25 08:30:58,likely consumed/staged on floor -> verify if on-hand should be 0
22563,8033-10,8,PICK,MFG Floor,09/05/25 08:31:03,likely consumed/staged on floor -> verify if on-hand should be 0
29520,6463-110,8,PICK,MFG Floor,01/12/26 12:13:17,likely consumed/staged on floor -> verify if on-hand should be 0
2956,ACI-2323,8,PICK,MFG Floor,01/20/26 11:25:09,likely consumed/staged on floor -> verify if on-hand should be 0
22553,8320L-10,8,PICK,MFG Floor,01/14/26 14:30:33,likely consumed/staged on floor -> verify if on-hand should be 0
32552,7984-50,8,PICK,MFG Floor,02/04/26 14:41:20,likely consumed/staged on floor -> verify if on-hand should be 0
3192,ACI-2480,8,PICK,MFG Floor,11/20/25 12:24:11,likely consumed/staged on floor -> verify if on-hand should be 0
10994,8522l-45,8,PICK,MFG Floor,01/23/26 13:19:20,likely consumed/staged on floor -> verify if on-hand should be 0
18286,7393-50,8,PICK,MFG Floor,02/26/26 11:12:41,likely consumed/staged on floor -> verify if on-hand should be 0
12227,8167M-120,8,PICK,MFG Floor,02/19/26 15:17:33,likely consumed/staged on floor -> verify if on-hand should be 0
32963,6463-75,8,PICK,MFG Floor,01/12/26 12:13:10,likely consumed/staged on floor -> verify if on-hand should be 0
3480,ACI-2681,8,PICK,MFG Floor,09/25/25 09:30:24,likely consumed/staged on floor -> verify if on-hand should be 0
32027,8522L-195,8,PICK,MFG Floor,02/05/26 09:58:04,likely consumed/staged on floor -> verify if on-hand should be 0
11944,3824-1,8,PICK,MFG Floor,03/03/26 09:33:28,likely consumed/staged on floor -> verify if on-hand should be 0
6295,8024L-11,8,PICK,MFG Floor,02/27/26 12:13:52,likely consumed/staged on floor -> verify if on-hand should be 0
16106,ACI-4590,8,PICK,MFG Floor,02/05/26 12:30:37,likely consumed/staged on floor -> verify if on-hand should be 0
6796,8183L-90,8,PICK,MFG Floor,02/27/26 11:02:54,likely consumed/staged on floor -> verify if on-hand should be 0
26887,8448-415,8,PICK,MFG Floor,02/27/26 08:31:12,likely consumed/staged on floor -> verify if on-hand should be 0
7749,8055-19,8,PICK,MFG Floor,08/27/25 08:20:37,likely consumed/staged on floor -> verify if on-hand should be 0
6012,7685-2,8,PICK,MFG Floor,02/27/26 11:28:21,likely consumed/staged on floor -> verify if on-hand should be 0
27162,8080L-1-447,8,PICK,MFG Floor,09/18/25 08:43:53,likely consumed/staged on floor -> verify if on-hand should be 0
7774,7363L-5,8,PICK,MFG Floor,02/27/26 11:30:44,likely consumed/staged on floor -> verify if on-hand should be 0
3276,ACI-2554,8,PICK,MFG Floor,02/04/26 14:40:49,likely consumed/staged on floor -> verify if on-hand should be 0
26292,8033-10,8,PICK,MFG Floor,12/17/25 12:08:38,likely consumed/staged on floor -> verify if on-hand should be 0
11319,8154-15,8,PICK,MFG Floor,01/14/26 14:30:29,likely consumed/staged on floor -> verify if on-hand should be 0
7188,8055-32,8,PICK,MFG Floor,01/19/26 09:34:36,likely consumed/staged on floor -> verify if on-hand should be 0
15398,8142M-275,8,PICK,MFG Floor,02/02/26 13:00:43,likely consumed/staged on floor -> verify if on-hand should be 0
7221,7158-14,8,PICK,MFG Floor,01/19/26 10:43:53,likely consumed/staged on floor -> verify if on-hand should be 0
7233,8055-58,8,PICK,MFG Floor,01/19/26 09:34:21,likely consumed/staged on floor -> verify if on-hand should be 0
27664,8433L-720,8,PICK,MFG Floor,03/03/26 13:09:26,likely consumed/staged on floor -> verify if on-hand should be 0
7240,8055-81,8,PICK,MFG Floor,01/19/26 10:45:21,likely consumed/staged on floor -> verify if on-hand should be 0
7753,7363L-7,7,PICK,MFG Floor,08/27/25 11:34:28,likely consumed/staged on floor -> verify if on-hand should be 0
17229,8302L-110,7,PICK,MFG Floor,08/28/25 08:29:16,likely consumed/staged on floor -> verify if on-hand should be 0
4702,ACI-3801,7,PICK,MFG Floor,12/12/25 10:59:22,likely consumed/staged on floor -> verify if on-hand should be 0
7167,8066-9,7,PICK,MFG Floor,01/19/26 09:34:40,likely consumed/staged on floor -> verify if on-hand should be 0
2432,ACI-769,7,PICK,MFG Floor,09/18/25 09:12:58,likely consumed/staged on floor -> verify if on-hand should be 0
7324,7996-43,7,PICK,MFG Floor,10/06/25 12:26:25,likely consumed/staged on floor -> verify if on-hand should be 0
7318,8291-230,7,PICK,MFG Floor,09/03/25 08:41:21,likely consumed/staged on floor -> verify if on-hand should be 0
7172,8055-30,7,PICK,MFG Floor,09/02/25 09:25:23,likely consumed/staged on floor -> verify if on-hand should be 0
29448,8223L-98,7,PICK,MFG Floor,09/16/25 15:18:54,likely consumed/staged on floor -> verify if on-hand should be 0
29449,8223L-70,7,PICK,MFG Floor,12/16/25 12:14:25,likely consumed/staged on floor -> verify if on-hand should be 0
29460,8173-1-65,7,PICK,MFG Floor,01/09/26 09:40:57,likely consumed/staged on floor -> verify if on-hand should be 0
29464,8173-1-135,7,PICK,MFG Floor,02/09/26 11:43:38,likely consumed/staged on floor -> verify if on-hand should be 0
20176,8080L-478,7,PTWY,1502504,07/08/21 11:57:55,moved off floor -> location may be stale (real available stock)
4345,ACI-3549,7,PICK,MFG Floor,09/04/25 14:05:25,likely consumed/staged on floor -> verify if on-hand should be 0
4419,ACI-3576,7,PICK,MFG Floor,09/04/25 14:50:23,likely consumed/staged on floor -> verify if on-hand should be 0
20624,8258L-250,7,PICK,MFG Floor,09/04/25 15:19:30,likely consumed/staged on floor -> verify if on-hand should be 0
27804,8443L-165,7,PICK,MFG Floor,03/03/26 11:49:13,likely consumed/staged on floor -> verify if on-hand should be 0
15419,8083-1-120,7,PICK,MFG Floor,02/11/26 14:41:54,likely consumed/staged on floor -> verify if on-hand should be 0
22469,8345-80,7,PICK,MFG Floor,09/04/25 14:05:15,likely consumed/staged on floor -> verify if on-hand should be 0
4429,ACI-3656,7,PICK,MFG Floor,09/04/25 15:05:36,likely consumed/staged on floor -> verify if on-hand should be 0
12182,8522l-40,7,PICK,MFG Floor,01/27/26 10:28:30,likely consumed/staged on floor -> verify if on-hand should be 0
15418,8256L-90,7,PICK,MFG Floor,02/02/26 13:00:56,likely consumed/staged on floor -> verify if on-hand should be 0
10908,8133-305,7,PICK,MFG Floor,08/18/25 10:20:15,likely consumed/staged on floor -> verify if on-hand should be 0
29713,8343ML-460,7,PICK,MFG Floor,10/20/25 14:20:54,likely consumed/staged on floor -> verify if on-hand should be 0
25613,8037-120,7,PICK,MFG Floor,12/16/25 12:13:59,likely consumed/staged on floor -> verify if on-hand should be 0
22463,8345-95,7,PICK,MFG Floor,09/04/25 14:04:53,likely consumed/staged on floor -> verify if on-hand should be 0
12387,8024L-52,7,PICK,MFG Floor,09/04/25 15:06:10,likely consumed/staged on floor -> verify if on-hand should be 0
6297,8024L-31,7,PICK,MFG Floor,02/27/26 12:13:23,likely consumed/staged on floor -> verify if on-hand should be 0
3461,ACI-2745,7,PICK,MFG Floor,09/25/25 09:28:20,likely consumed/staged on floor -> verify if on-hand should be 0
30329,8439L-130,7,PICK,MFG Floor,09/04/25 13:01:24,likely consumed/staged on floor -> verify if on-hand should be 0
15261,8329-35,7,PICK,MFG Floor,09/02/25 09:25:40,likely consumed/staged on floor -> verify if on-hand should be 0
7777,7363L-73,7,PICK,MFG Floor,02/27/26 12:13:58,likely consumed/staged on floor -> verify if on-hand should be 0
30420,8037-180,7,PICK,MFG Floor,12/16/25 12:27:05,likely consumed/staged on floor -> verify if on-hand should be 0
3445,7584-75,7,PICK,MFG Floor,02/25/26 11:23:18,likely consumed/staged on floor -> verify if on-hand should be 0
4546,ACI-3693,7,PICK,MFG Floor,12/12/25 09:23:00,likely consumed/staged on floor -> verify if on-hand should be 0
6740,7686-3,7,PICK,MFG Floor,02/27/26 10:31:11,likely consumed/staged on floor -> verify if on-hand should be 0
16245,8169M-460,7,PICK,MFG Floor,03/03/26 10:04:31,likely consumed/staged on floor -> verify if on-hand should be 0
26549,8444-120,7,PICK,MFG Floor,02/19/26 10:11:12,likely consumed/staged on floor -> verify if on-hand should be 0
17062,8276-170,7,PICK,MFG Floor,09/02/25 09:27:53,likely consumed/staged on floor -> verify if on-hand should be 0
2564,ACI-725,7,PICK,MFG Floor,01/14/26 14:21:00,likely consumed/staged on floor -> verify if on-hand should be 0
27933,8433L-245,7,PICK,MFG Floor,03/03/26 12:07:46,likely consumed/staged on floor -> verify if on-hand should be 0
27642,8433L-325,7,PICK,MFG Floor,03/03/26 13:05:01,likely consumed/staged on floor -> verify if on-hand should be 0
22085,8340-30,7,PICK,MFG Floor,09/16/25 13:56:46,likely consumed/staged on floor -> verify if on-hand should be 0
25001,8399M-175,7,PICK,MFG Floor,01/09/26 07:49:35,likely consumed/staged on floor -> verify if on-hand should be 0
15789,8230ML-300,7,PICK,MFG Floor,10/01/25 11:14:48,likely consumed/staged on floor -> verify if on-hand should be 0
4548,ACI-3625,7,PICK,MFG Floor,12/12/25 09:22:54,likely consumed/staged on floor -> verify if on-hand should be 0
26538,8413L-325,7,PICK,MFG Floor,03/03/26 09:33:01,likely consumed/staged on floor -> verify if on-hand should be 0
11448,7686-61,7,PICK,MFG Floor,02/11/26 10:21:48,likely consumed/staged on floor -> verify if on-hand should be 0
6895,ACI-3917,7,PICK,MFG Floor,09/17/25 10:36:49,likely consumed/staged on floor -> verify if on-hand should be 0
18838,7143L-10,7,PICK,MFG Floor,05/21/24 14:49:12,likely consumed/staged on floor -> verify if on-hand should be 0
15204,7682-14,7,PICK,MFG Floor,02/02/26 13:01:00,likely consumed/staged on floor -> verify if on-hand should be 0
11805,8188L-5,7,PICK,MFG Floor,01/12/26 07:46:58,likely consumed/staged on floor -> verify if on-hand should be 0
6294,8024L-7,7,PICK,MFG Floor,02/11/26 10:21:18,likely consumed/staged on floor -> verify if on-hand should be 0
2723,ACI-956,7,PICK,MFG Floor,12/15/25 15:11:01,likely consumed/staged on floor -> verify if on-hand should be 0
27650,8433L-240,7,PICK,MFG Floor,03/03/26 13:05:05,likely consumed/staged on floor -> verify if on-hand should be 0
27651,8433L-215,7,PICK,MFG Floor,03/03/26 13:09:30,likely consumed/staged on floor -> verify if on-hand should be 0
13704,8115-280,7,PICK,MFG Floor,02/12/26 08:14:35,likely consumed/staged on floor -> verify if on-hand should be 0
38062,8606M-185,7,PTWY,2201503,01/06/26 08:19:47,moved off floor -> location may be stale (real available stock)
23292,7754L-10,7,PTWY,1504012,02/19/26 10:25:32,moved off floor -> location may be stale (real available stock)
13819,8222-10,7,PICK,MFG Floor,01/30/26 10:46:49,likely consumed/staged on floor -> verify if on-hand should be 0
14587,7495M-55,7,PICK,MFG Floor,09/02/25 09:25:45,likely consumed/staged on floor -> verify if on-hand should be 0
2788,ACI-999,7,PICK,MFG Floor,12/15/25 15:10:35,likely consumed/staged on floor -> verify if on-hand should be 0
19702,8199-290,7,PICK,MFG Floor,12/17/25 11:58:20,likely consumed/staged on floor -> verify if on-hand should be 0
5633,7393-180,7,PICK,MFG Floor,02/26/26 10:33:44,likely consumed/staged on floor -> verify if on-hand should be 0
13064,8183L-55,7,PICK,MFG Floor,01/27/26 10:28:13,likely consumed/staged on floor -> verify if on-hand should be 0
18993,8256L-80,7,PICK,MFG Floor,02/19/26 10:19:40,likely consumed/staged on floor -> verify if on-hand should be 0
2313,ACI-629,7,PICK,MFG Floor,09/04/25 13:45:38,likely consumed/staged on floor -> verify if on-hand should be 0
3337,ACI-2654,7,PICK,MFG Floor,02/04/26 14:41:24,likely consumed/staged on floor -> verify if on-hand should be 0
12820,8188L-15,7,PICK,MFG Floor,09/04/25 15:06:06,likely consumed/staged on floor -> verify if on-hand should be 0
11483,7686-35,6,PICK,MFG Floor,02/27/26 10:26:29,likely consumed/staged on floor -> verify if on-hand should be 0
3054,ACI-2393,6,PICK,MFG Floor,01/19/26 10:43:40,likely consumed/staged on floor -> verify if on-hand should be 0
3059,ACI-2421,6,PICK,MFG Floor,12/12/25 11:34:10,likely consumed/staged on floor -> verify if on-hand should be 0
11100,8136L-165,6,PICK,MFG Floor,02/26/26 10:33:50,likely consumed/staged on floor -> verify if on-hand should be 0
27636,8433L-650,6,PICK,MFG Floor,03/03/26 13:08:29,likely consumed/staged on floor -> verify if on-hand should be 0
7067,7084-32,6,PICK,MFG Floor,11/07/25 11:57:51,likely consumed/staged on floor -> verify if on-hand should be 0
6693,8012L-60,6,PICK,MFG Floor,02/27/26 10:58:34,likely consumed/staged on floor -> verify if on-hand should be 0
38531,8730L-15,6,PICK,MFG Floor,09/24/25 09:53:34,likely consumed/staged on floor -> verify if on-hand should be 0
32208,5189-23,6,PICK,MFG Floor,01/09/26 09:41:09,likely consumed/staged on floor -> verify if on-hand should be 0
32677,8080L-2-390,6,PICK,MFG Floor,09/16/25 07:22:42,likely consumed/staged on floor -> verify if on-hand should be 0
27948,8433L-765,6,PICK,MFG Floor,03/03/26 12:07:09,likely consumed/staged on floor -> verify if on-hand should be 0
15617,ACI-4581,6,PICK,MFG Floor,09/16/25 13:47:36,likely consumed/staged on floor -> verify if on-hand should be 0
13875,8200-195,6,PICK,MFG Floor,10/20/25 09:38:17,likely consumed/staged on floor -> verify if on-hand should be 0
28807,7946L-280,6,PICK,MFG Floor,06/05/25 13:36:34,likely consumed/staged on floor -> verify if on-hand should be 0
26859,8202L-55,6,PICK,MFG Floor,02/19/26 10:35:14,likely consumed/staged on floor -> verify if on-hand should be 0
7746,8055-33,6,PICK,MFG Floor,08/27/25 11:34:16,likely consumed/staged on floor -> verify if on-hand should be 0
5428,8183L-60,6,PICK,MFG Floor,01/27/26 10:28:41,likely consumed/staged on floor -> verify if on-hand should be 0
11069,8135-15,6,PICK,MFG Floor,02/12/26 08:03:18,likely consumed/staged on floor -> verify if on-hand should be 0
26868,ACI-4651,6,PICK,MFG Floor,02/27/26 10:43:19,likely consumed/staged on floor -> verify if on-hand should be 0
17957,8267L-20,6,PICK,MFG Floor,09/02/25 09:26:58,likely consumed/staged on floor -> verify if on-hand should be 0
2918,ACI-2310,6,PICK,MFG Floor,01/15/26 09:59:16,likely consumed/staged on floor -> verify if on-hand should be 0
17176,8159-30,6,PICK,MFG Floor,02/27/26 08:31:21,likely consumed/staged on floor -> verify if on-hand should be 0
7327,7584-94,6,PICK,MFG Floor,03/03/26 09:01:37,likely consumed/staged on floor -> verify if on-hand should be 0
13141,8200-45,6,PICK,MFG Floor,10/20/25 10:09:16,likely consumed/staged on floor -> verify if on-hand should be 0
7773,7363L-76,6,PICK,MFG Floor,02/27/26 11:30:40,likely consumed/staged on floor -> verify if on-hand should be 0
2936,ACI-2072,6,PICK,MFG Floor,01/19/26 10:43:15,likely consumed/staged on floor -> verify if on-hand should be 0
13020,8200-155,6,PICK,MFG Floor,10/20/25 10:09:22,likely consumed/staged on floor -> verify if on-hand should be 0
7071,7084-1,6,PICK,MFG Floor,01/15/26 12:08:41,likely consumed/staged on floor -> verify if on-hand should be 0
29072,8452-160,6,PICK,MFG Floor,02/02/26 08:36:46,likely consumed/staged on floor -> verify if on-hand should be 0
24976,8399M-145,6,PICK,MFG Floor,01/09/26 08:00:20,likely consumed/staged on floor -> verify if on-hand should be 0
6434,8024L-95,6,PICK,MFG Floor,08/26/25 09:02:33,likely consumed/staged on floor -> verify if on-hand should be 0
12612,8126L-120,6,PICK,MFG Floor,09/05/25 08:30:53,likely consumed/staged on floor -> verify if on-hand should be 0
11152,8155-70,6,PICK,MFG Floor,02/27/26 07:32:01,likely consumed/staged on floor -> verify if on-hand should be 0
11617,8142M-150,6,PICK,MFG Floor,11/10/25 13:42:17,likely consumed/staged on floor -> verify if on-hand should be 0
27719,8384L-80,6,PICK,MFG Floor,03/03/26 10:04:43,likely consumed/staged on floor -> verify if on-hand should be 0
11096,8136L-85,6,PICK,MFG Floor,02/26/26 10:33:54,likely consumed/staged on floor -> verify if on-hand should be 0
6689,8012L-62,6,PICK,MFG Floor,08/26/25 09:01:57,likely consumed/staged on floor -> verify if on-hand should be 0
31633,7946L-55,6,PICK,MFG Floor,05/27/25 11:42:32,likely consumed/staged on floor -> verify if on-hand should be 0
5833,8539-155,6,PICK,MFG Floor,01/12/26 15:11:42,likely consumed/staged on floor -> verify if on-hand should be 0
5711,8012L-16,6,PICK,MFG Floor,09/17/25 07:14:18,likely consumed/staged on floor -> verify if on-hand should be 0
32558,7155-3,6,PICK,MFG Floor,02/04/26 13:57:33,likely consumed/staged on floor -> verify if on-hand should be 0
17795,8279L-15,6,PICK,MFG Floor,09/03/25 08:41:39,likely consumed/staged on floor -> verify if on-hand should be 0
5718,8012L-15,6,PICK,MFG Floor,09/16/25 15:20:00,likely consumed/staged on floor -> verify if on-hand should be 0
15461,7254R-7,6,PICK,MFG Floor,01/05/26 12:35:38,likely consumed/staged on floor -> verify if on-hand should be 0
27919,8433L-315,6,PICK,MFG Floor,03/03/26 11:41:19,likely consumed/staged on floor -> verify if on-hand should be 0
6188,8002M-170,6,PICK,MFG Floor,01/12/26 15:11:56,likely consumed/staged on floor -> verify if on-hand should be 0
4143,ACI-3428,6,PICK,MFG Floor,02/09/26 11:44:08,likely consumed/staged on floor -> verify if on-hand should be 0
29617,8477L-65,6,PICK,MFG Floor,10/09/25 13:32:09,likely consumed/staged on floor -> verify if on-hand should be 0
7684,8055-54,6,PICK,MFG Floor,09/02/25 09:24:38,likely consumed/staged on floor -> verify if on-hand should be 0
7279,7907LB-27,6,PICK,MFG Floor,08/27/25 08:20:49,likely consumed/staged on floor -> verify if on-hand should be 0
17311,8282L-80,6,PICK,MFG Floor,09/02/25 09:25:29,likely consumed/staged on floor -> verify if on-hand should be 0
28672,7343-235,6,PICK,MFG Floor,02/20/26 07:14:03,likely consumed/staged on floor -> verify if on-hand should be 0
28488,8447L-25,6,PICK,MFG Floor,08/18/25 09:03:02,likely consumed/staged on floor -> verify if on-hand should be 0
4706,ACI-3779,6,PICK,MFG Floor,01/30/26 10:27:43,likely consumed/staged on floor -> verify if on-hand should be 0
10606,8110-5,6,PICK,MFG Floor,02/25/26 13:03:17,likely consumed/staged on floor -> verify if on-hand should be 0
7383,8063L-33,6,PICK,MFG Floor,09/25/25 09:28:02,likely consumed/staged on floor -> verify if on-hand should be 0
3302,ACI-2586,6,PICK,MFG Floor,01/30/26 10:09:44,likely consumed/staged on floor -> verify if on-hand should be 0
31001,8500-300,6,PICK,MFG Floor,02/26/26 09:54:38,likely consumed/staged on floor -> verify if on-hand should be 0
15296,8245L-445,6,PICK,MFG Floor,02/27/26 07:32:10,likely consumed/staged on floor -> verify if on-hand should be 0
17412,7758-75,6,PICK,MFG Floor,09/02/25 09:27:18,likely consumed/staged on floor -> verify if on-hand should be 0
27490,8433L-165,6,PICK,MFG Floor,03/03/26 12:38:32,likely consumed/staged on floor -> verify if on-hand should be 0
3100,ACI-2447,6,PICK,MFG Floor,08/27/25 11:35:15,likely consumed/staged on floor -> verify if on-hand should be 0
6690,8012L-22,6,PICK,MFG Floor,08/26/25 09:02:44,likely consumed/staged on floor -> verify if on-hand should be 0
18293,7393-20,6,PICK,MFG Floor,02/26/26 10:33:40,likely consumed/staged on floor -> verify if on-hand should be 0
27647,8433L-205,6,PICK,MFG Floor,03/03/26 13:05:09,likely consumed/staged on floor -> verify if on-hand should be 0
30172,7946L-280,6,PICK,MFG Floor,06/05/25 13:36:29,likely consumed/staged on floor -> verify if on-hand should be 0
4576,ACI-3727,6,PICK,MFG Floor,12/12/25 09:22:14,likely consumed/staged on floor -> verify if on-hand should be 0
17076,8276-35,6,PICK,MFG Floor,09/02/25 09:26:38,likely consumed/staged on floor -> verify if on-hand should be 0
3291,ACI-2593,6,PICK,MFG Floor,01/30/26 10:27:33,likely consumed/staged on floor -> verify if on-hand should be 0
11194,8155-35,6,PICK,MFG Floor,02/27/26 07:37:49,likely consumed/staged on floor -> verify if on-hand should be 0
4648,ACI-3707,6,PICK,MFG Floor,12/12/25 09:22:40,likely consumed/staged on floor -> verify if on-hand should be 0
15292,8245L-125,6,PICK,MFG Floor,02/27/26 07:32:06,likely consumed/staged on floor -> verify if on-hand should be 0
6692,8012L-21,6,PICK,MFG Floor,08/26/25 09:02:23,likely consumed/staged on floor -> verify if on-hand should be 0
8358,7785-62,6,PICK,MFG Floor,12/12/25 10:40:17,likely consumed/staged on floor -> verify if on-hand should be 0
3424,7860-75,6,PICK,MFG Floor,01/15/26 12:20:12,likely consumed/staged on floor -> verify if on-hand should be 0
7313,7584-102,6,PICK,MFG Floor,08/26/25 09:02:28,likely consumed/staged on floor -> verify if on-hand should be 0
4371,ACI-3568,6,PICK,MFG Floor,09/04/25 15:05:29,likely consumed/staged on floor -> verify if on-hand should be 0
2576,ACI-841,6,PICK,MFG Floor,01/14/26 14:21:23,likely consumed/staged on floor -> verify if on-hand should be 0
30351,8439L-165,6,PICK,MFG Floor,09/04/25 13:43:55,likely consumed/staged on floor -> verify if on-hand should be 0
12281,7880-16,6,PICK,MFG Floor,02/27/26 11:28:35,likely consumed/staged on floor -> verify if on-hand should be 0
11191,8155-25,6,PICK,MFG Floor,02/27/26 07:31:22,likely consumed/staged on floor -> verify if on-hand should be 0
11487,7686-33,6,PICK,MFG Floor,09/10/25 07:05:12,likely consumed/staged on floor -> verify if on-hand should be 0
7358,8063L-13,6,PICK,MFG Floor,09/25/25 09:30:35,likely consumed/staged on floor -> verify if on-hand should be 0
10358,7984-80,5,PICK,MFG Floor,01/14/26 07:25:42,likely consumed/staged on floor -> verify if on-hand should be 0
10621,8133-95,5,PICK,MFG Floor,09/16/25 07:17:56,likely consumed/staged on floor -> verify if on-hand should be 0
10648,7848-34,5,PICK,MFG Floor,10/10/25 14:44:34,likely consumed/staged on floor -> verify if on-hand should be 0
11024,8122-85,5,PICK,MFG Floor,02/12/26 09:15:53,likely consumed/staged on floor -> verify if on-hand should be 0
11029,8122-310,5,PICK,MFG Floor,02/12/26 09:14:29,likely consumed/staged on floor -> verify if on-hand should be 0
11040,8122-90,5,PICK,MFG Floor,02/12/26 08:03:08,likely consumed/staged on floor -> verify if on-hand should be 0
11078,8137L-160,5,PICK,MFG Floor,02/12/26 08:03:21,likely consumed/staged on floor -> verify if on-hand should be 0
11098,8136L-160,5,PICK,MFG Floor,02/27/26 07:37:36,likely consumed/staged on floor -> verify if on-hand should be 0
11138,8155-80,5,PICK,MFG Floor,02/27/26 07:37:57,likely consumed/staged on floor -> verify if on-hand should be 0
11139,8137L-35,5,PICK,MFG Floor,02/26/26 10:50:41,likely consumed/staged on floor -> verify if on-hand should be 0
11153,8155-75,5,PICK,MFG Floor,02/27/26 07:37:45,likely consumed/staged on floor -> verify if on-hand should be 0
11154,8155-40,5,PICK,MFG Floor,02/26/26 10:45:43,likely consumed/staged on floor -> verify if on-hand should be 0
11155,8155-20,5,PICK,MFG Floor,02/27/26 07:37:54,likely consumed/staged on floor -> verify if on-hand should be 0
11156,8155-45,5,PICK,MFG Floor,02/26/26 10:50:37,likely consumed/staged on floor -> verify if on-hand should be 0
11157,8155-15,5,PICK,MFG Floor,02/27/26 07:38:00,likely consumed/staged on floor -> verify if on-hand should be 0
11190,8155-125,5,PICK,MFG Floor,02/27/26 07:31:28,likely consumed/staged on floor -> verify if on-hand should be 0
11273,8177M-45,5,PICK,MFG Floor,01/14/26 07:25:08,likely consumed/staged on floor -> verify if on-hand should be 0
11450,8292-85,5,PTWY,1506604,12/12/25 08:38:17,moved off floor -> location may be stale (real available stock)
11578,8142M-430,5,PICK,MFG Floor,09/02/25 09:26:49,likely consumed/staged on floor -> verify if on-hand should be 0
11686,6765-30,5,PICK,MFG Floor,03/03/26 09:33:06,likely consumed/staged on floor -> verify if on-hand should be 0
11792,8103-35,5,PICK,MFG Floor,05/27/25 11:06:19,likely consumed/staged on floor -> verify if on-hand should be 0
11987,8002M-39,5,PICK,MFG Floor,02/11/26 13:26:49,likely consumed/staged on floor -> verify if on-hand should be 0
12407,8024L-52,5,PICK,MFG Floor,09/04/25 13:45:33,likely consumed/staged on floor -> verify if on-hand should be 0
12472,8181-45,5,PICK,MFG Floor,02/11/26 13:23:14,likely consumed/staged on floor -> verify if on-hand should be 0
12473,8181-505,5,PICK,MFG Floor,10/20/25 07:52:18,likely consumed/staged on floor -> verify if on-hand should be 0
12574,6542-1,5,PICK,MFG Floor,09/30/25 14:21:02,likely consumed/staged on floor -> verify if on-hand should be 0
12682,ACI-3671,5,PICK,MFG Floor,02/19/26 10:19:50,likely consumed/staged on floor -> verify if on-hand should be 0
12683,8141M-270,5,PICK,MFG Floor,09/04/25 13:44:18,likely consumed/staged on floor -> verify if on-hand should be 0
12686,8112L-390,5,PICK,MFG Floor,09/04/25 13:44:37,likely consumed/staged on floor -> verify if on-hand should be 0
12716,8152L-175,5,PICK,MFG Floor,12/17/25 12:08:30,likely consumed/staged on floor -> verify if on-hand should be 0
13326,8193-40,5,PICK,MFG Floor,02/05/26 12:28:45,likely consumed/staged on floor -> verify if on-hand should be 0
13351,8181-10,5,PICK,MFG Floor,10/21/25 14:50:55,likely consumed/staged on floor -> verify if on-hand should be 0
13632,6588l-78,5,PICK,MFG Floor,08/14/25 13:10:50,likely consumed/staged on floor -> verify if on-hand should be 0
13637,8141M-285,5,PICK,MFG Floor,09/02/25 09:27:09,likely consumed/staged on floor -> verify if on-hand should be 0
13952,8095-230,5,PICK,MFG Floor,02/27/26 13:28:03,likely consumed/staged on floor -> verify if on-hand should be 0
13965,8095-235,5,PICK,MFG Floor,02/27/26 13:28:06,likely consumed/staged on floor -> verify if on-hand should be 0
13970,8095-240,5,PICK,MFG Floor,02/27/26 13:28:29,likely consumed/staged on floor -> verify if on-hand should be 0
15367,7826-385,5,PICK,MFG Floor,02/02/26 13:11:14,likely consumed/staged on floor -> verify if on-hand should be 0
15377,7826-395,5,PICK,MFG Floor,02/02/26 13:11:10,likely consumed/staged on floor -> verify if on-hand should be 0
15396,8142M-405,5,PICK,MFG Floor,02/02/26 13:00:47,likely consumed/staged on floor -> verify if on-hand should be 0
15754,8230ML-150,5,PICK,MFG Floor,09/17/25 07:14:09,likely consumed/staged on floor -> verify if on-hand should be 0
16074,8271-75,5,PICK,MFG Floor,01/15/26 08:35:50,likely consumed/staged on floor -> verify if on-hand should be 0
16252,8266L-175,5,PICK,MFG Floor,09/03/25 08:42:29,likely consumed/staged on floor -> verify if on-hand should be 0
16299,8266L-50,5,PICK,MFG Floor,09/03/25 08:42:35,likely consumed/staged on floor -> verify if on-hand should be 0
16458,8037-160,5,PICK,MFG Floor,12/16/25 10:09:21,likely consumed/staged on floor -> verify if on-hand should be 0
16784,7918-45,5,PICK,MFG Floor,08/18/25 10:20:09,likely consumed/staged on floor -> verify if on-hand should be 0
17443,8167M-340,5,PICK,MFG Floor,01/15/26 09:59:11,likely consumed/staged on floor -> verify if on-hand should be 0
17811,8285-20,5,PICK,MFG Floor,02/25/26 13:03:12,likely consumed/staged on floor -> verify if on-hand should be 0
17954,8245L-170,5,PICK,MFG Floor,12/17/25 12:08:15,likely consumed/staged on floor -> verify if on-hand should be 0
18014,8292-30,5,PICK,MFG Floor,09/04/25 13:45:02,likely consumed/staged on floor -> verify if on-hand should be 0
18347,8245L-155,5,PICK,MFG Floor,02/19/26 10:18:35,likely consumed/staged on floor -> verify if on-hand should be 0
18373,7143L-20,5,PICK,MFG Floor,09/04/25 14:05:20,likely consumed/staged on floor -> verify if on-hand should be 0
18689,8245L-135,5,PICK,MFG Floor,09/03/25 08:42:13,likely consumed/staged on floor -> verify if on-hand should be 0
18975,8258L-80,5,PICK,MFG Floor,09/15/25 15:14:33,likely consumed/staged on floor -> verify if on-hand should be 0
19034,8245L-160,5,PICK,MFG Floor,09/03/25 08:42:24,likely consumed/staged on floor -> verify if on-hand should be 0
19204,7860-107,5,PICK,MFG Floor,01/30/26 10:46:33,likely consumed/staged on floor -> verify if on-hand should be 0
19213,7860-111,5,PICK,MFG Floor,01/09/26 07:49:29,likely consumed/staged on floor -> verify if on-hand should be 0
19567,5189-74,5,PICK,MFG Floor,01/09/26 09:41:13,likely consumed/staged on floor -> verify if on-hand should be 0
19687,8355M-80,5,PICK,MFG Floor,09/02/25 09:25:17,likely consumed/staged on floor -> verify if on-hand should be 0
19818,8291-225,5,PICK,MFG Floor,09/03/25 08:40:27,likely consumed/staged on floor -> verify if on-hand should be 0
21328,6932L-27,5,PICK,MFG Floor,12/17/25 10:08:17,likely consumed/staged on floor -> verify if on-hand should be 0
21390,8291-340,5,PICK,MFG Floor,02/20/26 11:23:59,likely consumed/staged on floor -> verify if on-hand should be 0
21394,8291-240,5,PICK,MFG Floor,02/20/26 11:24:07,likely consumed/staged on floor -> verify if on-hand should be 0
21548,8291-205,5,PICK,MFG Floor,02/20/26 11:24:12,likely consumed/staged on floor -> verify if on-hand should be 0
21928,ACI-4638,5,PICK,MFG Floor,02/27/26 09:08:19,likely consumed/staged on floor -> verify if on-hand should be 0
21961,8325-45,5,PICK,MFG Floor,01/14/26 07:25:13,likely consumed/staged on floor -> verify if on-hand should be 0
21962,8325-25,5,PICK,MFG Floor,01/14/26 07:25:17,likely consumed/staged on floor -> verify if on-hand should be 0
22139,7984-120,5,PICK,MFG Floor,01/14/26 07:25:03,likely consumed/staged on floor -> verify if on-hand should be 0
22142,7984-80,5,PICK,MFG Floor,09/25/25 09:31:12,likely consumed/staged on floor -> verify if on-hand should be 0
2317,ACI-621,5,PICK,MFG Floor,09/05/25 08:31:08,likely consumed/staged on floor -> verify if on-hand should be 0
24819,8384L-75,5,PICK,MFG Floor,03/03/26 10:04:39,likely consumed/staged on floor -> verify if on-hand should be 0
25812,8350M-315,5,PICK,MFG Floor,02/27/26 09:21:32,likely consumed/staged on floor -> verify if on-hand should be 0
26464,8354-60,5,PICK,MFG Floor,02/27/26 09:21:40,likely consumed/staged on floor -> verify if on-hand should be 0
26928,8192-245,5,PICK,MFG Floor,02/27/26 08:31:17,likely consumed/staged on floor -> verify if on-hand should be 0
2725,ACI-952,5,PICK,MFG Floor,09/05/25 08:39:53,likely consumed/staged on floor -> verify if on-hand should be 0
27644,8433L-760,5,PICK,MFG Floor,03/03/26 12:38:25,likely consumed/staged on floor -> verify if on-hand should be 0
27914,8443L-195,5,PICK,MFG Floor,08/05/25 09:06:50,likely consumed/staged on floor -> verify if on-hand should be 0
27934,8443L-190,5,PICK,MFG Floor,03/03/26 11:40:33,likely consumed/staged on floor -> verify if on-hand should be 0
27935,8433L-320,5,PICK,MFG Floor,03/03/26 11:40:44,likely consumed/staged on floor -> verify if on-hand should be 0
27975,8433L-740,5,PICK,MFG Floor,03/03/26 11:41:02,likely consumed/staged on floor -> verify if on-hand should be 0
28130,8433L-755,5,PICK,MFG Floor,03/03/26 11:55:32,likely consumed/staged on floor -> verify if on-hand should be 0
28743,8448L-405,5,PICK,MFG Floor,01/15/26 08:44:19,likely consumed/staged on floor -> verify if on-hand should be 0
28960,8415M-230,5,PICK,MFG Floor,11/20/25 14:54:41,likely consumed/staged on floor -> verify if on-hand should be 0
28962,8415M-310,5,PICK,MFG Floor,11/21/25 09:05:14,likely consumed/staged on floor -> verify if on-hand should be 0
29450,8223L-75,5,PICK,MFG Floor,09/16/25 15:17:51,likely consumed/staged on floor -> verify if on-hand should be 0
2947,ACI-2060,5,PICK,MFG Floor,01/20/26 11:24:38,likely consumed/staged on floor -> verify if on-hand should be 0
29706,8343ML-440,5,PICK,MFG Floor,10/20/25 14:16:10,likely consumed/staged on floor -> verify if on-hand should be 0
29712,8343ML-365,5,PICK,MFG Floor,10/20/25 14:19:35,likely consumed/staged on floor -> verify if on-hand should be 0
29952,7848-12,5,PICK,MFG Floor,10/10/25 14:35:01,likely consumed/staged on floor -> verify if on-hand should be 0
30052,8433-1-80,5,PICK,MFG Floor,12/16/25 10:09:28,likely consumed/staged on floor -> verify if on-hand should be 0
3018,ACI-2386,5,PICK,MFG Floor,01/15/26 12:20:01,likely consumed/staged on floor -> verify if on-hand should be 0
30233,6796-85,5,PICK,MFG Floor,02/11/26 15:16:13,likely consumed/staged on floor -> verify if on-hand should be 0
30348,8439L-120,5,PICK,MFG Floor,09/04/25 13:01:33,likely consumed/staged on floor -> verify if on-hand should be 0
3041,ACI-2371,5,PTWY,1504005,07/07/17 13:10:45,moved off floor -> location may be stale (real available stock)
30414,8037-185,5,PICK,MFG Floor,12/16/25 12:27:08,likely consumed/staged on floor -> verify if on-hand should be 0
3069,6970-G1-22,5,PICK,MFG Floor,08/11/25 15:21:52,likely consumed/staged on floor -> verify if on-hand should be 0
30743,8501-45,5,PICK,MFG Floor,09/15/25 07:49:05,likely consumed/staged on floor -> verify if on-hand should be 0
3081,ACI-2415,5,PICK,MFG Floor,11/20/25 12:17:48,likely consumed/staged on floor -> verify if on-hand should be 0
3085,ACI-1944,5,PICK,MFG Floor,12/12/25 11:34:06,likely consumed/staged on floor -> verify if on-hand should be 0
31003,8500-120,5,PICK,MFG Floor,02/19/26 15:22:37,likely consumed/staged on floor -> verify if on-hand should be 0
3116,ACI-2434,5,PICK,MFG Floor,08/27/25 11:35:22,likely consumed/staged on floor -> verify if on-hand should be 0
31312,8202L-115,5,PICK,MFG Floor,10/20/25 12:05:25,likely consumed/staged on floor -> verify if on-hand should be 0
31989,8488L-455,5,PICK,MFG Floor,09/04/25 13:45:25,likely consumed/staged on floor -> verify if on-hand should be 0
31997,8488L-125,5,PICK,MFG Floor,09/04/25 13:45:19,likely consumed/staged on floor -> verify if on-hand should be 0
32001,8488L-465,5,PICK,MFG Floor,09/04/25 13:45:14,likely consumed/staged on floor -> verify if on-hand should be 0
32004,8488L-495,5,PICK,MFG Floor,09/04/25 13:45:10,likely consumed/staged on floor -> verify if on-hand should be 0
32024,8522L-205,5,PICK,MFG Floor,02/05/26 10:40:15,likely consumed/staged on floor -> verify if on-hand should be 0
32025,8522L-175,5,PICK,MFG Floor,02/05/26 09:58:08,likely consumed/staged on floor -> verify if on-hand should be 0
32087,8159-60,5,PICK,MFG Floor,01/09/26 08:00:06,likely consumed/staged on floor -> verify if on-hand should be 0
32482,8091L-85,5,PICK,MFG Floor,08/13/25 15:12:36,likely consumed/staged on floor -> verify if on-hand should be 0
32483,8090L-60,5,PICK,MFG Floor,08/13/25 15:11:17,likely consumed/staged on floor -> verify if on-hand should be 0
32491,8091L-10,5,PICK,MFG Floor,08/14/25 13:08:25,likely consumed/staged on floor -> verify if on-hand should be 0
32492,8090L-70,5,PICK,MFG Floor,08/14/25 13:08:29,likely consumed/staged on floor -> verify if on-hand should be 0
32495,7909M-18,5,PICK,MFG Floor,08/13/25 15:11:59,likely consumed/staged on floor -> verify if on-hand should be 0
32516,7221L-21,5,PICK,MFG Floor,08/14/25 13:08:47,likely consumed/staged on floor -> verify if on-hand should be 0
32797,8539-150,5,PICK,MFG Floor,01/12/26 15:11:49,likely consumed/staged on floor -> verify if on-hand should be 0
32871,0000-X-17,5,PICK,MFG Floor,01/09/26 09:41:18,likely consumed/staged on floor -> verify if on-hand should be 0
32934,8477L-55,5,PICK,MFG Floor,01/12/26 07:49:35,likely consumed/staged on floor -> verify if on-hand should be 0
32965,6463-225,5,PICK,MFG Floor,01/12/26 12:13:29,likely consumed/staged on floor -> verify if on-hand should be 0
34323,7944L-10,5,PICK,MFG Floor,11/24/25 07:57:43,likely consumed/staged on floor -> verify if on-hand should be 0
34361,8594L-230,5,PICK,MFG Floor,02/04/26 14:05:05,likely consumed/staged on floor -> verify if on-hand should be 0
34377,8594L-630,5,PICK,MFG Floor,02/04/26 14:41:00,likely consumed/staged on floor -> verify if on-hand should be 0
34456,8564ML-40,5,PICK,MFG Floor,02/19/26 12:41:03,likely consumed/staged on floor -> verify if on-hand should be 0
36866,7307-14,5,PICK,MFG Floor,01/09/26 08:00:10,likely consumed/staged on floor -> verify if on-hand should be 0
3702,ACI-2910,5,PICK,MFG Floor,09/02/25 09:27:36,likely consumed/staged on floor -> verify if on-hand should be 0
37230,8608ML-5,5,PICK,MFG Floor,09/19/25 12:56:44,likely consumed/staged on floor -> verify if on-hand should be 0
39755,7801L-F-51,5,PICK,MFG Floor,12/12/25 15:23:20,likely consumed/staged on floor -> verify if on-hand should be 0
4050,ACI-2979,5,PICK,MFG Floor,02/09/26 11:44:18,likely consumed/staged on floor -> verify if on-hand should be 0
40611,8159-50,5,PICK,MFG Floor,02/27/26 09:21:28,likely consumed/staged on floor -> verify if on-hand should be 0
4216,7700-25,5,PICK,MFG Floor,02/09/26 09:29:05,likely consumed/staged on floor -> verify if on-hand should be 0
4424,ACI-3641,5,PICK,MFG Floor,09/04/25 14:50:51,likely consumed/staged on floor -> verify if on-hand should be 0
4430,ACI-1889,5,PICK,MFG Floor,09/04/25 15:05:45,likely consumed/staged on floor -> verify if on-hand should be 0
4529,ACI-3691,5,PICK,MFG Floor,01/30/26 10:09:37,likely consumed/staged on floor -> verify if on-hand should be 0
4547,ACI-3628,5,PICK,MFG Floor,02/09/26 08:27:11,likely consumed/staged on floor -> verify if on-hand should be 0
4630,ACI-3757,5,PICK,MFG Floor,08/27/25 11:35:41,likely consumed/staged on floor -> verify if on-hand should be 0
4680,ACI-3834,5,PICK,MFG Floor,01/30/26 11:08:49,likely consumed/staged on floor -> verify if on-hand should be 0
4727,ACI-3843,5,PICK,MFG Floor,01/30/26 10:46:58,likely consumed/staged on floor -> verify if on-hand should be 0
5072,7984-75,5,PICK,MFG Floor,01/09/26 09:29:12,likely consumed/staged on floor -> verify if on-hand should be 0
5727,8206-12,5,PICK,MFG Floor,09/02/25 09:24:26,likely consumed/staged on floor -> verify if on-hand should be 0
5757,8181-110,5,PICK,MFG Floor,10/20/25 09:37:43,likely consumed/staged on floor -> verify if on-hand should be 0
5783,8019-7,5,PICK,MFG Floor,02/09/26 11:19:17,likely consumed/staged on floor -> verify if on-hand should be 0
5829,7691-16,5,PICK,MFG Floor,09/16/25 15:20:57,likely consumed/staged on floor -> verify if on-hand should be 0
6075,7785-62,5,PICK,MFG Floor,01/20/26 11:24:06,likely consumed/staged on floor -> verify if on-hand should be 0
6256,8038-11,5,PICK,MFG Floor,01/12/26 15:15:32,likely consumed/staged on floor -> verify if on-hand should be 0
6265,8038-9,5,PICK,MFG Floor,01/14/26 07:25:39,likely consumed/staged on floor -> verify if on-hand should be 0
6267,8200-155,5,PICK,MFG Floor,12/12/25 11:24:13,likely consumed/staged on floor -> verify if on-hand should be 0
6268,8200-195,5,PICK,MFG Floor,10/20/25 09:38:23,likely consumed/staged on floor -> verify if on-hand should be 0
6292,8024L-47,5,PICK,MFG Floor,02/11/26 10:51:44,likely consumed/staged on floor -> verify if on-hand should be 0
6647,7996-5,5,PICK,MFG Floor,10/06/25 12:26:16,likely consumed/staged on floor -> verify if on-hand should be 0
6651,8019-8,5,PICK,MFG Floor,10/06/25 12:27:52,likely consumed/staged on floor -> verify if on-hand should be 0
6687,8019-11,5,PICK,MFG Floor,08/26/25 09:02:13,likely consumed/staged on floor -> verify if on-hand should be 0
6729,8054-23,5,PICK,MFG Floor,02/27/26 11:03:17,likely consumed/staged on floor -> verify if on-hand should be 0
6732,8054-13,5,PICK,MFG Floor,02/27/26 10:26:41,likely consumed/staged on floor -> verify if on-hand should be 0
6734,8054-14,5,PICK,MFG Floor,02/27/26 10:30:50,likely consumed/staged on floor -> verify if on-hand should be 0
6750,7155-6,5,PICK,MFG Floor,09/18/25 09:27:33,likely consumed/staged on floor -> verify if on-hand should be 0
6799,6441-12,5,PICK,MFG Floor,09/17/25 10:36:53,likely consumed/staged on floor -> verify if on-hand should be 0
6807,7157-31,5,PICK,MFG Floor,02/11/26 10:21:39,likely consumed/staged on floor -> verify if on-hand should be 0
6810,8054-6,5,PICK,MFG Floor,02/27/26 10:26:18,likely consumed/staged on floor -> verify if on-hand should be 0
6821,7157-30,5,PICK,MFG Floor,02/27/26 10:26:07,likely consumed/staged on floor -> verify if on-hand should be 0
6828,7157-7,5,PICK,MFG Floor,02/27/26 10:43:16,likely consumed/staged on floor -> verify if on-hand should be 0
6883,7860-45,5,PICK,MFG Floor,09/17/25 10:27:30,likely consumed/staged on floor -> verify if on-hand should be 0
7116,7363L-61,5,PICK,MFG Floor,01/09/26 14:26:59,likely consumed/staged on floor -> verify if on-hand should be 0
7127,7363L-66,5,PICK,MFG Floor,01/09/26 14:27:05,likely consumed/staged on floor -> verify if on-hand should be 0
7285,8045-16,5,PICK,MFG Floor,02/04/26 14:01:24,likely consumed/staged on floor -> verify if on-hand should be 0
7298,7984-5,5,PICK,MFG Floor,08/26/25 09:01:26,likely consumed/staged on floor -> verify if on-hand should be 0
7304,7984-19,5,PICK,MFG Floor,02/04/26 14:47:27,likely consumed/staged on floor -> verify if on-hand should be 0
7421,7584-39,5,PICK,MFG Floor,02/11/26 12:50:04,likely consumed/staged on floor -> verify if on-hand should be 0
7463,7984-18,5,PICK,MFG Floor,09/25/25 09:31:34,likely consumed/staged on floor -> verify if on-hand should be 0
7464,7984-9,5,PICK,MFG Floor,09/25/25 09:30:40,likely consumed/staged on floor -> verify if on-hand should be 0
7469,7984-10,5,PICK,MFG Floor,09/25/25 09:30:56,likely consumed/staged on floor -> verify if on-hand should be 0
7760,7363L-40,5,PICK,MFG Floor,08/27/25 11:35:36,likely consumed/staged on floor -> verify if on-hand should be 0
7766,3815-10,5,PICK,MFG Floor,03/03/26 12:07:30,likely consumed/staged on floor -> verify if on-hand should be 0
7822,8090L-115,5,PICK,MFG Floor,02/09/26 09:28:47,likely consumed/staged on floor -> verify if on-hand should be 0
8357,8054-10,5,PICK,MFG Floor,02/26/26 09:38:20,likely consumed/staged on floor -> verify if on-hand should be 0
28128,8433L-680,4,PICK,MFG Floor,03/03/26 11:40:39,likely consumed/staged on floor -> verify if on-hand should be 0
15692,8176-235,4,PICK,MFG Floor,09/02/25 09:27:05,likely consumed/staged on floor -> verify if on-hand should be 0
6652,8012L-59,4,PICK,MFG Floor,10/06/25 12:27:43,likely consumed/staged on floor -> verify if on-hand should be 0
17073,8276-190,4,PICK,MFG Floor,09/02/25 09:26:27,likely consumed/staged on floor -> verify if on-hand should be 0
17072,8276-210,4,PICK,MFG Floor,09/02/25 09:26:20,likely consumed/staged on floor -> verify if on-hand should be 0
10719,ACI-6469,4,PICK,MFG Floor,01/08/26 07:24:57,likely consumed/staged on floor -> verify if on-hand should be 0
19535,8275-140,4,PICK,MFG Floor,01/12/26 12:14:10,likely consumed/staged on floor -> verify if on-hand should be 0
15721,8230ML-285,4,PICK,MFG Floor,09/17/25 07:13:54,likely consumed/staged on floor -> verify if on-hand should be 0
10654,7915-27,4,PICK,MFG Floor,01/15/26 08:44:30,likely consumed/staged on floor -> verify if on-hand should be 0
6271,8200-45,4,PICK,MFG Floor,12/12/25 12:39:14,likely consumed/staged on floor -> verify if on-hand should be 0
16748,8271-90,4,PICK,MFG Floor,09/05/25 08:30:40,likely consumed/staged on floor -> verify if on-hand should be 0
16743,8271-5,4,PICK,MFG Floor,09/05/25 08:30:46,likely consumed/staged on floor -> verify if on-hand should be 0
11763,3824-19,4,PICK,MFG Floor,03/03/26 09:17:40,likely consumed/staged on floor -> verify if on-hand should be 0
3325,ACI-2613,4,PICK,MFG Floor,01/30/26 11:09:11,likely consumed/staged on floor -> verify if on-hand should be 0
35754,8520L-65,4,PICK,MFG Floor,09/16/25 07:17:53,likely consumed/staged on floor -> verify if on-hand should be 0
3220,ACI-2526,4,PICK,MFG Floor,11/20/25 12:17:35,likely consumed/staged on floor -> verify if on-hand should be 0
15736,8230ML-180,4,PICK,MFG Floor,09/17/25 07:14:13,likely consumed/staged on floor -> verify if on-hand should be 0
16740,8271-120,4,PICK,MFG Floor,09/05/25 08:30:28,likely consumed/staged on floor -> verify if on-hand should be 0
7427,7686-61,4,PICK,MFG Floor,02/27/26 10:26:12,likely consumed/staged on floor -> verify if on-hand should be 0
3462,ACI-2741,4,PICK,MFG Floor,09/25/25 09:28:15,likely consumed/staged on floor -> verify if on-hand should be 0
2668,ACI-903,4,PICK,MFG Floor,01/15/26 08:35:36,likely consumed/staged on floor -> verify if on-hand should be 0
11512,7996-12,4,PICK,MFG Floor,08/14/25 13:11:02,likely consumed/staged on floor -> verify if on-hand should be 0
21208,8322-120,4,PICK,MFG Floor,02/27/26 10:43:04,likely consumed/staged on floor -> verify if on-hand should be 0
38852,6774-65,4,PICK,MFG Floor,02/13/26 15:07:35,likely consumed/staged on floor -> verify if on-hand should be 0
37126,8620ML-40,4,PTWY,2201403,09/22/25 14:06:30,moved off floor -> location may be stale (real available stock)
15737,8230ML-175,4,PICK,MFG Floor,09/17/25 07:13:50,likely consumed/staged on floor -> verify if on-hand should be 0
4554,ACI-3627,4,PICK,MFG Floor,12/12/25 12:38:48,likely consumed/staged on floor -> verify if on-hand should be 0
4557,ACI-3680,4,PICK,MFG Floor,12/12/25 09:22:32,likely consumed/staged on floor -> verify if on-hand should be 0
15758,8230ML-305,4,PICK,MFG Floor,09/17/25 07:14:02,likely consumed/staged on floor -> verify if on-hand should be 0
6724,8054-8,4,PICK,MFG Floor,02/27/26 10:31:02,likely consumed/staged on floor -> verify if on-hand should be 0
11097,8136L-15,4,PICK,MFG Floor,02/11/26 15:19:47,likely consumed/staged on floor -> verify if on-hand should be 0
4562,ACI-3673,4,PICK,MFG Floor,12/12/25 10:59:54,likely consumed/staged on floor -> verify if on-hand should be 0
17789,8279L-70,4,PICK,MFG Floor,09/03/25 08:41:44,likely consumed/staged on floor -> verify if on-hand should be 0
12994,8200-125,4,PICK,MFG Floor,10/20/25 10:09:26,likely consumed/staged on floor -> verify if on-hand should be 0
3545,7860-28,4,PICK,MFG Floor,01/15/26 12:19:52,likely consumed/staged on floor -> verify if on-hand should be 0
16246,8169M-190,4,PICK,MFG Floor,03/03/26 10:04:35,likely consumed/staged on floor -> verify if on-hand should be 0
17785,8279L-100,4,PICK,MFG Floor,09/03/25 08:41:48,likely consumed/staged on floor -> verify if on-hand should be 0
27974,8433L-200,4,PICK,MFG Floor,12/16/25 11:37:39,likely consumed/staged on floor -> verify if on-hand should be 0
7747,8055-59,4,PICK,MFG Floor,08/27/25 11:35:46,likely consumed/staged on floor -> verify if on-hand should be 0
15759,8230ML-375,4,PICK,MFG Floor,09/17/25 07:14:22,likely consumed/staged on floor -> verify if on-hand should be 0
7772,7363L-60,4,PICK,MFG Floor,02/27/26 13:32:36,likely consumed/staged on floor -> verify if on-hand should be 0
30603,8507L-260,4,PICK,MFG Floor,08/26/25 09:32:19,likely consumed/staged on floor -> verify if on-hand should be 0
24821,8239-10,4,PICK,MFG Floor,08/27/25 08:20:19,likely consumed/staged on floor -> verify if on-hand should be 0
4067,ACI-3370,4,PICK,MFG Floor,02/09/26 11:18:31,likely consumed/staged on floor -> verify if on-hand should be 0
12386,ACI-1746,4,PICK,MFG Floor,09/04/25 15:06:14,likely consumed/staged on floor -> verify if on-hand should be 0
3166,ACI-2479,4,PICK,MFG Floor,10/28/25 13:16:19,likely consumed/staged on floor -> verify if on-hand should be 0
2474,ACI-755,4,PICK,MFG Floor,10/01/25 11:14:36,likely consumed/staged on floor -> verify if on-hand should be 0
32477,8090L-65,4,PICK,MFG Floor,08/14/25 13:08:22,likely consumed/staged on floor -> verify if on-hand should be 0
28952,8415M-220,4,PICK,MFG Floor,11/20/25 15:14:28,likely consumed/staged on floor -> verify if on-hand should be 0
15940,8138M-475,4,PICK,MFG Floor,02/02/26 13:00:15,likely consumed/staged on floor -> verify if on-hand should be 0
15766,8230ML-140,4,PICK,MFG Floor,09/17/25 07:13:59,likely consumed/staged on floor -> verify if on-hand should be 0
3248,ACI-2537,4,PICK,MFG Floor,11/20/25 12:18:04,likely consumed/staged on floor -> verify if on-hand should be 0
32547,8210-220,4,PICK,MFG Floor,02/09/26 11:46:33,likely consumed/staged on floor -> verify if on-hand should be 0
24351,8314-140,4,PICK,MFG Floor,08/05/25 09:08:46,likely consumed/staged on floor -> verify if on-hand should be 0
11489,7686-26,4,PICK,MFG Floor,02/27/26 09:50:59,likely consumed/staged on floor -> verify if on-hand should be 0
2430,ACI-781,4,PICK,MFG Floor,09/16/25 15:21:07,likely consumed/staged on floor -> verify if on-hand should be 0
3038,ACI-2399,4,PICK,MFG Floor,01/20/26 08:31:17,likely consumed/staged on floor -> verify if on-hand should be 0
17296,7848-62,4,PICK,MFG Floor,10/10/25 14:04:24,likely consumed/staged on floor -> verify if on-hand should be 0
7363,7158-12,4,PICK,MFG Floor,09/25/25 09:30:15,likely consumed/staged on floor -> verify if on-hand should be 0
13878,8200-115,4,PICK,MFG Floor,10/20/25 09:38:29,likely consumed/staged on floor -> verify if on-hand should be 0
11072,8136L-40,4,PICK,MFG Floor,02/12/26 08:03:25,likely consumed/staged on floor -> verify if on-hand should be 0
10760,7688-25,4,PICK,MFG Floor,11/20/25 12:17:44,likely consumed/staged on floor -> verify if on-hand should be 0
11061,8135-10,4,PICK,MFG Floor,02/12/26 08:03:13,likely consumed/staged on floor -> verify if on-hand should be 0
2382,ACI-727,4,PICK,MFG Floor,09/16/25 07:18:01,likely consumed/staged on floor -> verify if on-hand should be 0
13971,8095-260,4,PICK,MFG Floor,02/27/26 13:28:13,likely consumed/staged on floor -> verify if on-hand should be 0
15373,7826-210,4,PICK,MFG Floor,02/02/26 13:11:06,likely consumed/staged on floor -> verify if on-hand should be 0
4719,ACI-3849,4,PICK,MFG Floor,01/30/26 10:27:08,likely consumed/staged on floor -> verify if on-hand should be 0
4724,ACI-3854,4,PICK,MFG Floor,01/30/26 10:09:28,likely consumed/staged on floor -> verify if on-hand should be 0
3382,ACI-2663,4,PICK,MFG Floor,07/24/25 11:58:23,likely consumed/staged on floor -> verify if on-hand should be 0
36733,8699L-11,4,PICK,MFG Floor,12/09/25 12:25:27,likely consumed/staged on floor -> verify if on-hand should be 0
27840,8433L-220,4,PICK,MFG Floor,03/03/26 09:56:39,likely consumed/staged on floor -> verify if on-hand should be 0
27803,8433L-670,4,PICK,MFG Floor,03/03/26 13:06:47,likely consumed/staged on floor -> verify if on-hand should be 0
27786,8433L-745,4,PICK,MFG Floor,02/05/26 12:33:18,likely consumed/staged on floor -> verify if on-hand should be 0
28778,6134-4,4,PICK,MFG Floor,02/19/26 10:14:15,likely consumed/staged on floor -> verify if on-hand should be 0
32580,7076-3-10,4,PICK,MFG Floor,08/28/25 11:03:17,likely consumed/staged on floor -> verify if on-hand should be 0
3182,ACI-2465,4,PICK,MFG Floor,10/28/25 14:19:27,likely consumed/staged on floor -> verify if on-hand should be 0
11149,8155-5,4,PICK,MFG Floor,02/11/26 12:47:34,likely consumed/staged on floor -> verify if on-hand should be 0
15477,8177M-200,4,PICK,MFG Floor,01/20/26 11:24:46,likely consumed/staged on floor -> verify if on-hand should be 0
10913,7848-55,4,PICK,MFG Floor,01/20/26 11:25:04,likely consumed/staged on floor -> verify if on-hand should be 0
29986,8227L-15,4,PICK,MFG Floor,08/14/25 13:06:42,likely consumed/staged on floor -> verify if on-hand should be 0
22393,8223L-60,4,PICK,MFG Floor,09/18/25 09:08:27,likely consumed/staged on floor -> verify if on-hand should be 0
41035,8754L-40,4,PICK,MFG Floor,11/10/25 14:20:23,likely consumed/staged on floor -> verify if on-hand should be 0
29808,8080L-1-153,4,PICK,MFG Floor,10/20/25 08:17:49,likely consumed/staged on floor -> verify if on-hand should be 0
7315,7584-33,4,PICK,MFG Floor,08/26/25 09:01:51,likely consumed/staged on floor -> verify if on-hand should be 0
6301,8024L-100,4,PICK,MFG Floor,02/11/26 10:32:13,likely consumed/staged on floor -> verify if on-hand should be 0
14017,ACI-4560,4,PICK,MFG Floor,08/28/25 08:29:21,likely consumed/staged on floor -> verify if on-hand should be 0
21825,8329-180,4,PICK,MFG Floor,09/02/25 09:25:34,likely consumed/staged on floor -> verify if on-hand should be 0
2902,ACI-2298,4,PICK,MFG Floor,01/15/26 09:58:37,likely consumed/staged on floor -> verify if on-hand should be 0
29708,8343ML-435,4,PICK,MFG Floor,10/20/25 14:15:10,likely consumed/staged on floor -> verify if on-hand should be 0
29615,8477L-165,4,PICK,MFG Floor,10/09/25 13:32:18,likely consumed/staged on floor -> verify if on-hand should be 0
21549,8291-45,4,PICK,MFG Floor,02/20/26 11:06:10,likely consumed/staged on floor -> verify if on-hand should be 0
6638,8024L-12,4,PICK,MFG Floor,10/06/25 12:27:10,likely consumed/staged on floor -> verify if on-hand should be 0
18807,6463-60,4,PICK,MFG Floor,09/03/25 08:42:02,likely consumed/staged on floor -> verify if on-hand should be 0
7764,8055-56,4,PICK,MFG Floor,08/27/25 08:20:42,likely consumed/staged on floor -> verify if on-hand should be 0
5722,8012L-23,4,PICK,MFG Floor,02/09/26 11:45:42,likely consumed/staged on floor -> verify if on-hand should be 0
17074,8276-205,4,PICK,MFG Floor,09/02/25 09:26:33,likely consumed/staged on floor -> verify if on-hand should be 0
3245,ACI-2552,4,PICK,MFG Floor,11/20/25 12:17:52,likely consumed/staged on floor -> verify if on-hand should be 0
29465,8173-1-150,4,PICK,MFG Floor,02/09/26 11:46:31,likely consumed/staged on floor -> verify if on-hand should be 0
3179,ACI-2497,4,PICK,MFG Floor,11/20/25 12:17:38,likely consumed/staged on floor -> verify if on-hand should be 0
11105,8137L-95,4,PICK,MFG Floor,02/27/26 07:31:57,likely consumed/staged on floor -> verify if on-hand should be 0
7357,7158-31,3,PICK,MFG Floor,09/25/25 09:28:27,likely consumed/staged on floor -> verify if on-hand should be 0
4701,ACI-3822,3,PICK,MFG Floor,01/30/26 10:27:01,likely consumed/staged on floor -> verify if on-hand should be 0
24045,8349M-175,3,PICK,MFG Floor,08/14/25 12:43:45,likely consumed/staged on floor -> verify if on-hand should be 0
33803,8577ML-285,3,PICK,MFG Floor,12/12/25 10:59:14,likely consumed/staged on floor -> verify if on-hand should be 0
3397,ACI-2696,3,PICK,MFG Floor,01/30/26 10:27:12,likely consumed/staged on floor -> verify if on-hand should be 0
30328,8439L-230,3,PICK,MFG Floor,09/04/25 13:01:18,likely consumed/staged on floor -> verify if on-hand should be 0
2311,ACI-612,3,PICK,MFG Floor,09/04/25 13:44:04,likely consumed/staged on floor -> verify if on-hand should be 0
3413,ACI-2687,3,PICK,MFG Floor,01/30/26 10:27:17,likely consumed/staged on floor -> verify if on-hand should be 0
22546,8320L-25,3,PICK,MFG Floor,01/14/26 14:21:34,likely consumed/staged on floor -> verify if on-hand should be 0
7323,7584-87,3,PICK,MFG Floor,02/04/26 14:41:29,likely consumed/staged on floor -> verify if on-hand should be 0
3022,ACI-2375,3,PICK,MFG Floor,01/15/26 12:19:57,likely consumed/staged on floor -> verify if on-hand should be 0
29711,8343ML-410,3,PICK,MFG Floor,10/20/25 14:15:35,likely consumed/staged on floor -> verify if on-hand should be 0
4136,ACI-3427,3,PICK,MFG Floor,02/09/26 11:18:56,likely consumed/staged on floor -> verify if on-hand should be 0
29608,8477L-160,3,PICK,MFG Floor,10/09/25 13:32:14,likely consumed/staged on floor -> verify if on-hand should be 0
3437,7860-47,3,PICK,MFG Floor,01/15/26 12:19:48,likely consumed/staged on floor -> verify if on-hand should be 0
21357,8291-305,3,PICK,MFG Floor,02/20/26 11:23:56,likely consumed/staged on floor -> verify if on-hand should be 0
14241,8180M-35,3,PICK,MFG Floor,02/27/26 11:03:03,likely consumed/staged on floor -> verify if on-hand should be 0
11028,8122-285,3,PICK,MFG Floor,02/12/26 08:16:24,likely consumed/staged on floor -> verify if on-hand should be 0
14325,8119L-70,3,PTWY,1402101,06/23/23 09:53:21,moved off floor -> location may be stale (real available stock)
11032,8122-295,3,PICK,MFG Floor,02/12/26 08:16:28,likely consumed/staged on floor -> verify if on-hand should be 0
29519,6463-225,3,PICK,MFG Floor,01/12/26 12:13:39,likely consumed/staged on floor -> verify if on-hand should be 0
7245,8055-60,3,PICK,MFG Floor,01/19/26 10:44:28,likely consumed/staged on floor -> verify if on-hand should be 0
7237,8055-43,3,PICK,MFG Floor,01/19/26 10:43:27,likely consumed/staged on floor -> verify if on-hand should be 0
29331,8430L-310,3,PICK,MFG Floor,02/27/26 13:32:43,likely consumed/staged on floor -> verify if on-hand should be 0
7190,8055-52,3,PICK,MFG Floor,01/19/26 09:34:26,likely consumed/staged on floor -> verify if on-hand should be 0
29228,8455-15,3,PICK,MFG Floor,09/03/25 08:40:02,likely consumed/staged on floor -> verify if on-hand should be 0
19447,8245L-160,3,PICK,MFG Floor,09/04/25 15:19:38,likely consumed/staged on floor -> verify if on-hand should be 0
7189,8055-73,3,PICK,MFG Floor,01/19/26 10:45:32,likely consumed/staged on floor -> verify if on-hand should be 0
31353,8500-405,3,PICK,MFG Floor,02/05/26 09:58:00,likely consumed/staged on floor -> verify if on-hand should be 0
7187,8055-28,3,PICK,MFG Floor,01/19/26 09:34:30,likely consumed/staged on floor -> verify if on-hand should be 0
11141,8171L-335,3,PICK,MFG Floor,03/03/26 09:48:21,likely consumed/staged on floor -> verify if on-hand should be 0
11140,8136L-105,3,PICK,MFG Floor,02/27/26 07:31:48,likely consumed/staged on floor -> verify if on-hand should be 0
11135,5984-16,3,PICK,MFG Floor,02/27/26 07:32:19,likely consumed/staged on floor -> verify if on-hand should be 0
6291,8024L-104,3,PICK,MFG Floor,02/11/26 10:21:23,likely consumed/staged on floor -> verify if on-hand should be 0
6293,8024L-45,3,PICK,MFG Floor,02/11/26 11:12:40,likely consumed/staged on floor -> verify if on-hand should be 0
18797,6463-115,3,PTWY,1406506,01/09/26 08:26:45,moved off floor -> location may be stale (real available stock)
7185,8055-15,3,PICK,MFG Floor,08/26/25 09:01:37,likely consumed/staged on floor -> verify if on-hand should be 0
7182,8055-99,3,PICK,MFG Floor,09/02/25 09:24:58,likely consumed/staged on floor -> verify if on-hand should be 0
18227,8135-35,3,PICK,MFG Floor,09/03/25 08:40:39,likely consumed/staged on floor -> verify if on-hand should be 0
18226,8135-30,3,PICK,MFG Floor,09/03/25 08:40:33,likely consumed/staged on floor -> verify if on-hand should be 0
32566,8210-35,3,PICK,MFG Floor,02/04/26 13:57:26,likely consumed/staged on floor -> verify if on-hand should be 0
18225,8135-145,3,PICK,MFG Floor,09/03/25 08:40:44,likely consumed/staged on floor -> verify if on-hand should be 0
3246,7848-55,3,PICK,MFG Floor,01/20/26 11:24:55,likely consumed/staged on floor -> verify if on-hand should be 0
18017,8292-65,3,PICK,MFG Floor,09/04/25 13:44:48,likely consumed/staged on floor -> verify if on-hand should be 0
7169,8066-16,3,PICK,MFG Floor,01/19/26 09:34:44,likely consumed/staged on floor -> verify if on-hand should be 0
17802,8279L-75,3,PICK,MFG Floor,01/09/26 08:55:03,likely consumed/staged on floor -> verify if on-hand should be 0
6496,8033-4,3,PICK,MFG Floor,02/19/26 10:33:53,likely consumed/staged on floor -> verify if on-hand should be 0
11038,8122-260,3,PICK,MFG Floor,02/12/26 08:14:22,likely consumed/staged on floor -> verify if on-hand should be 0
17596,7603-3,3,PICK,MFG Floor,09/17/25 10:27:26,likely consumed/staged on floor -> verify if on-hand should be 0
3258,ACI-2574,3,PICK,MFG Floor,01/30/26 10:27:21,likely consumed/staged on floor -> verify if on-hand should be 0
17276,8266L-45,3,PICK,MFG Floor,12/18/25 11:40:59,likely consumed/staged on floor -> verify if on-hand should be 0
28739,8448L-360,3,PICK,MFG Floor,01/15/26 08:44:27,likely consumed/staged on floor -> verify if on-hand should be 0
28517,8415M-215,3,PICK,MFG Floor,12/17/25 12:08:09,likely consumed/staged on floor -> verify if on-hand should be 0
6636,8024L-36,3,PICK,MFG Floor,09/15/25 07:49:00,likely consumed/staged on floor -> verify if on-hand should be 0
28486,8447L-285,3,PICK,MFG Floor,08/18/25 09:02:58,likely consumed/staged on floor -> verify if on-hand should be 0
28129,8433L-735,3,PICK,MFG Floor,03/03/26 11:55:05,likely consumed/staged on floor -> verify if on-hand should be 0
17064,8276-45,3,PICK,MFG Floor,09/02/25 09:27:45,likely consumed/staged on floor -> verify if on-hand should be 0
2808,ACI-2221,3,PICK,MFG Floor,12/15/25 15:11:06,likely consumed/staged on floor -> verify if on-hand should be 0
15730,8230ML-155,3,PICK,MFG Floor,09/17/25 07:13:41,likely consumed/staged on floor -> verify if on-hand should be 0
16926,8126L-305,3,PICK,MFG Floor,09/05/25 08:30:05,likely consumed/staged on floor -> verify if on-hand should be 0
16456,8037-240,3,PICK,MFG Floor,12/16/25 10:09:18,likely consumed/staged on floor -> verify if on-hand should be 0
16445,8037-125,3,PICK,MFG Floor,12/16/25 10:09:13,likely consumed/staged on floor -> verify if on-hand should be 0
16270,8245L-120,3,PICK,MFG Floor,09/03/25 08:42:18,likely consumed/staged on floor -> verify if on-hand should be 0
36920,7703ML-3-2,3,PTWY,1503004,09/17/25 08:01:58,moved off floor -> location may be stale (real available stock)
11044,8122-250,3,PICK,MFG Floor,02/12/26 08:14:48,likely consumed/staged on floor -> verify if on-hand should be 0
16175,8126L-10,3,PICK,MFG Floor,09/05/25 08:30:11,likely consumed/staged on floor -> verify if on-hand should be 0
13734,8115-250,3,PICK,MFG Floor,02/12/26 08:16:40,likely consumed/staged on floor -> verify if on-hand should be 0
30854,8322-155,3,PICK,MFG Floor,09/03/25 08:40:21,likely consumed/staged on floor -> verify if on-hand should be 0
13743,8115-255,3,PICK,MFG Floor,11/10/25 13:53:21,likely consumed/staged on floor -> verify if on-hand should be 0
15939,8138M-455,3,PICK,MFG Floor,02/02/26 13:00:09,likely consumed/staged on floor -> verify if on-hand should be 0
15841,8271-105,3,PICK,MFG Floor,01/15/26 08:35:40,likely consumed/staged on floor -> verify if on-hand should be 0
11045,8122-255,3,PICK,MFG Floor,02/12/26 08:14:58,likely consumed/staged on floor -> verify if on-hand should be 0
27962,8433L-715,3,PICK,MFG Floor,03/03/26 11:55:18,likely consumed/staged on floor -> verify if on-hand should be 0
2778,ACI-999,3,PICK,MFG Floor,12/15/25 15:11:09,likely consumed/staged on floor -> verify if on-hand should be 0
2772,ACI-993,3,PICK,MFG Floor,12/12/25 11:24:22,likely consumed/staged on floor -> verify if on-hand should be 0
27665,8433L-260,3,PICK,MFG Floor,03/03/26 12:38:42,likely consumed/staged on floor -> verify if on-hand should be 0
4420,ACI-3661,3,PICK,MFG Floor,09/04/25 14:50:43,likely consumed/staged on floor -> verify if on-hand should be 0
7763,8055-100,3,PICK,MFG Floor,08/27/25 08:20:30,likely consumed/staged on floor -> verify if on-hand should be 0
27428,8342ML-470,3,PICK,MFG Floor,02/27/26 10:43:12,likely consumed/staged on floor -> verify if on-hand should be 0
36732,8705L-3,3,PICK,MFG Floor,12/09/25 12:25:23,likely consumed/staged on floor -> verify if on-hand should be 0
27335,8080L-1-80,3,PICK,MFG Floor,02/19/26 15:18:44,likely consumed/staged on floor -> verify if on-hand should be 0
27250,8112L-260,3,PICK,MFG Floor,05/27/25 11:06:24,likely consumed/staged on floor -> verify if on-hand should be 0
27249,8112L-670,3,PICK,MFG Floor,05/27/25 11:06:30,likely consumed/staged on floor -> verify if on-hand should be 0
27245,8112L-105,3,PICK,MFG Floor,05/27/25 11:06:02,likely consumed/staged on floor -> verify if on-hand should be 0
27242,8112L-680,3,PICK,MFG Floor,05/27/25 11:06:35,likely consumed/staged on floor -> verify if on-hand should be 0
39917,8119L-35,3,PICK,MFG Floor,10/31/25 09:24:23,likely consumed/staged on floor -> verify if on-hand should be 0
12284,7880-17,3,PICK,MFG Floor,10/06/25 12:27:24,likely consumed/staged on floor -> verify if on-hand should be 0
7450,7584-83,3,PICK,MFG Floor,02/11/26 14:03:52,likely consumed/staged on floor -> verify if on-hand should be 0
32216,5189-32,3,PICK,MFG Floor,01/09/26 09:41:23,likely consumed/staged on floor -> verify if on-hand should be 0
30746,8501-85,3,PICK,MFG Floor,09/15/25 14:30:51,likely consumed/staged on floor -> verify if on-hand should be 0
3263,ACI-2558,3,PICK,MFG Floor,01/30/26 10:59:57,likely consumed/staged on floor -> verify if on-hand should be 0
4032,ACI-3359,3,PICK,MFG Floor,02/09/26 11:19:01,likely consumed/staged on floor -> verify if on-hand should be 0
32874,8112L-655,3,PICK,MFG Floor,01/09/26 09:29:15,likely consumed/staged on floor -> verify if on-hand should be 0
32974,8520L-80,3,PICK,MFG Floor,01/12/26 12:13:06,likely consumed/staged on floor -> verify if on-hand should be 0
26826,8291-305,3,PICK,MFG Floor,01/09/26 08:07:32,likely consumed/staged on floor -> verify if on-hand should be 0
7449,7584-93,3,PICK,MFG Floor,02/11/26 14:02:51,likely consumed/staged on floor -> verify if on-hand should be 0
7426,7584-42,3,PICK,MFG Floor,02/11/26 13:59:59,likely consumed/staged on floor -> verify if on-hand should be 0
7403,8063L-2,3,PICK,MFG Floor,02/11/26 13:26:42,likely consumed/staged on floor -> verify if on-hand should be 0
7398,8063L-15,3,PICK,MFG Floor,09/25/25 09:27:30,likely consumed/staged on floor -> verify if on-hand should be 0
26408,8440l-30,3,PICK,MFG Floor,05/21/24 14:53:30,likely consumed/staged on floor -> verify if on-hand should be 0
4552,ACI-3686,3,PICK,MFG Floor,12/12/25 12:38:02,likely consumed/staged on floor -> verify if on-hand should be 0
7394,8063L-4,3,PICK,MFG Floor,02/11/26 14:01:12,likely consumed/staged on floor -> verify if on-hand should be 0
35460,6588L-79,3,PICK,MFG Floor,09/16/25 13:47:32,likely consumed/staged on floor -> verify if on-hand should be 0
3066,ACI-2401,3,PICK,MFG Floor,11/20/25 12:24:01,likely consumed/staged on floor -> verify if on-hand should be 0
26289,8033-2,3,PICK,MFG Floor,12/17/25 12:08:55,likely consumed/staged on floor -> verify if on-hand should be 0
7393,8063L-42,3,PICK,MFG Floor,02/11/26 14:13:53,likely consumed/staged on floor -> verify if on-hand should be 0
25280,8242M-145,3,PICK,MFG Floor,11/10/25 12:51:13,likely consumed/staged on floor -> verify if on-hand should be 0
7390,8063L-75,3,PICK,MFG Floor,02/11/26 14:02:47,likely consumed/staged on floor -> verify if on-hand should be 0
24966,8399M-180,3,PICK,MFG Floor,09/02/25 09:27:24,likely consumed/staged on floor -> verify if on-hand should be 0
13816,8222-50,3,PICK,MFG Floor,01/30/26 10:46:41,likely consumed/staged on floor -> verify if on-hand should be 0
24945,8399M-130,3,PICK,MFG Floor,01/09/26 08:00:00,likely consumed/staged on floor -> verify if on-hand should be 0
7386,7785-69,3,PICK,MFG Floor,01/20/26 11:24:27,likely consumed/staged on floor -> verify if on-hand should be 0
4655,ACI-3818,3,PICK,MFG Floor,01/30/26 10:09:13,likely consumed/staged on floor -> verify if on-hand should be 0
7381,8063L-21,3,PICK,MFG Floor,09/25/25 09:49:58,likely consumed/staged on floor -> verify if on-hand should be 0
7379,8063L-67,3,PICK,MFG Floor,09/25/25 09:27:35,likely consumed/staged on floor -> verify if on-hand should be 0
24624,8328-45,3,PICK,MFG Floor,10/20/25 10:30:39,likely consumed/staged on floor -> verify if on-hand should be 0
2449,ACI-760,3,PICK,MFG Floor,09/18/25 09:28:57,likely consumed/staged on floor -> verify if on-hand should be 0
7374,7785-66,3,PICK,MFG Floor,01/20/26 11:24:22,likely consumed/staged on floor -> verify if on-hand should be 0
7367,7584-88,3,PICK,MFG Floor,09/25/25 09:27:46,likely consumed/staged on floor -> verify if on-hand should be 0
4686,ACI-3807,3,PICK,MFG Floor,12/12/25 10:59:19,likely consumed/staged on floor -> verify if on-hand should be 0
32496,7909M-44,2,PICK,MFG Floor,08/13/25 15:19:16,likely consumed/staged on floor -> verify if on-hand should be 0
32486,8091L-300,2,PICK,MFG Floor,08/13/25 15:21:32,likely consumed/staged on floor -> verify if on-hand should be 0
32470,8210-220,2,PICK,MFG Floor,08/13/25 15:06:29,likely consumed/staged on floor -> verify if on-hand should be 0
31536,6519l-2-13,2,PICK,MFG Floor,02/20/26 10:52:45,likely consumed/staged on floor -> verify if on-hand should be 0
31368,8500-420,2,PICK,MFG Floor,02/05/26 10:40:11,likely consumed/staged on floor -> verify if on-hand should be 0
3128,ACI-2456,2,PICK,MFG Floor,08/27/25 11:35:06,likely consumed/staged on floor -> verify if on-hand should be 0
3120,ACI-2442,2,PICK,MFG Floor,08/27/25 11:35:01,likely consumed/staged on floor -> verify if on-hand should be 0
3119,ACI-2436,2,PICK,MFG Floor,12/12/25 12:37:54,likely consumed/staged on floor -> verify if on-hand should be 0
3104,ACI-2453,2,PICK,MFG Floor,12/12/25 12:38:41,likely consumed/staged on floor -> verify if on-hand should be 0
30798,7595-50,2,PICK,MFG Floor,09/03/25 08:40:50,likely consumed/staged on floor -> verify if on-hand should be 0
39918,8119L-52,2,PICK,MFG Floor,02/27/26 08:30:51,likely consumed/staged on floor -> verify if on-hand should be 0
3075,ACI-2412,2,PICK,MFG Floor,11/20/25 12:17:58,likely consumed/staged on floor -> verify if on-hand should be 0
3072,ACI-2409,2,PICK,MFG Floor,02/09/26 08:24:23,likely consumed/staged on floor -> verify if on-hand should be 0
40930,7396-230,2,PICK,MFG Floor,08/14/25 13:10:46,likely consumed/staged on floor -> verify if on-hand should be 0
3030,ACI-2374,2,PICK,MFG Floor,01/15/26 12:20:17,likely consumed/staged on floor -> verify if on-hand should be 0
4163,ACI-3435,2,PICK,MFG Floor,02/09/26 11:19:10,likely consumed/staged on floor -> verify if on-hand should be 0
41699,8203L-25,2,PTWY,2103304,11/10/25 14:16:39,moved off floor -> location may be stale (real available stock)
29340,8430L-155,2,PICK,MFG Floor,02/27/26 13:30:36,likely consumed/staged on floor -> verify if on-hand should be 0
29159,8417L-135,2,PICK,MFG Floor,01/30/26 11:00:01,likely consumed/staged on floor -> verify if on-hand should be 0
29151,8417L-55,2,PICK,MFG Floor,01/30/26 11:00:05,likely consumed/staged on floor -> verify if on-hand should be 0
2914,ACI-2312,2,PICK,MFG Floor,05/27/25 11:06:46,likely consumed/staged on floor -> verify if on-hand should be 0
29071,8452-130,2,PICK,MFG Floor,01/30/26 11:08:53,likely consumed/staged on floor -> verify if on-hand should be 0
29016,8415M-205,2,PICK,MFG Floor,11/20/25 14:54:45,likely consumed/staged on floor -> verify if on-hand should be 0
28964,8415M-250,2,PICK,MFG Floor,11/20/25 14:54:33,likely consumed/staged on floor -> verify if on-hand should be 0
28963,8415M-195,2,PICK,MFG Floor,11/20/25 14:54:37,likely consumed/staged on floor -> verify if on-hand should be 0
4292,ACI-3530,2,PICK,MFG Floor,02/09/26 11:18:45,likely consumed/staged on floor -> verify if on-hand should be 0
2895,ACI-2279,2,PICK,MFG Floor,08/28/25 08:29:29,likely consumed/staged on floor -> verify if on-hand should be 0
4352,ACI-3553,2,PICK,MFG Floor,09/04/25 14:50:19,likely consumed/staged on floor -> verify if on-hand should be 0
27969,8433L-660,2,PICK,MFG Floor,03/03/26 11:55:24,likely consumed/staged on floor -> verify if on-hand should be 0
4365,ACI-3563,2,PICK,MFG Floor,09/04/25 14:50:36,likely consumed/staged on floor -> verify if on-hand should be 0
4376,ACI-3526,2,PICK,MFG Floor,09/04/25 14:50:48,likely consumed/staged on floor -> verify if on-hand should be 0
4432,ACI-3597,2,PICK,MFG Floor,09/04/25 15:05:57,likely consumed/staged on floor -> verify if on-hand should be 0
4448,ACI-3650,2,PICK,MFG Floor,09/04/25 14:51:03,likely consumed/staged on floor -> verify if on-hand should be 0
4497,ACI-3682,2,PICK,MFG Floor,08/27/25 11:34:39,likely consumed/staged on floor -> verify if on-hand should be 0
26934,8447L-255,2,PICK,MFG Floor,02/05/26 12:10:56,likely consumed/staged on floor -> verify if on-hand should be 0
4502,ACI-3698,2,PICK,MFG Floor,10/28/25 14:19:36,likely consumed/staged on floor -> verify if on-hand should be 0
4504,ACI-3710,2,PICK,MFG Floor,12/12/25 11:24:19,likely consumed/staged on floor -> verify if on-hand should be 0
26904,8447L-270,2,PICK,MFG Floor,02/05/26 12:10:20,likely consumed/staged on floor -> verify if on-hand should be 0
26839,8291-257,2,PICK,MFG Floor,09/02/25 09:25:59,likely consumed/staged on floor -> verify if on-hand should be 0
4516,ACI-3700,2,PICK,MFG Floor,12/12/25 11:24:31,likely consumed/staged on floor -> verify if on-hand should be 0
26838,8291-220,2,PICK,MFG Floor,01/09/26 09:59:36,likely consumed/staged on floor -> verify if on-hand should be 0
26837,8291-195,2,PICK,MFG Floor,09/02/25 09:25:50,likely consumed/staged on floor -> verify if on-hand should be 0
4523,ACI-3709,2,PICK,MFG Floor,01/30/26 11:09:15,likely consumed/staged on floor -> verify if on-hand should be 0
26833,8291-215,2,PICK,MFG Floor,01/09/26 08:00:15,likely consumed/staged on floor -> verify if on-hand should be 0
9818,ACI-5613,2,PICK,MFG Floor,01/08/26 07:24:48,likely consumed/staged on floor -> verify if on-hand should be 0
4560,ACI-3690,2,PICK,MFG Floor,10/28/25 13:16:22,likely consumed/staged on floor -> verify if on-hand should be 0
4561,ACI-3683,2,PICK,MFG Floor,10/28/25 13:16:26,likely consumed/staged on floor -> verify if on-hand should be 0
25978,7307-14,2,PICK,MFG Floor,10/02/25 12:00:36,likely consumed/staged on floor -> verify if on-hand should be 0
24937,8399M-120,2,PICK,MFG Floor,01/09/26 08:00:35,likely consumed/staged on floor -> verify if on-hand should be 0
4652,ACI-3825,2,PICK,MFG Floor,03/03/26 09:23:42,likely consumed/staged on floor -> verify if on-hand should be 0
4684,ACI-3806,2,PICK,MFG Floor,01/30/26 10:47:10,likely consumed/staged on floor -> verify if on-hand should be 0
2342,ACI-682,2,PICK,MFG Floor,09/05/25 08:39:46,likely consumed/staged on floor -> verify if on-hand should be 0
11185,8154-55,2,PICK,MFG Floor,01/14/26 14:30:41,likely consumed/staged on floor -> verify if on-hand should be 0
4728,ACI-3863,2,PICK,MFG Floor,12/12/25 12:37:32,likely consumed/staged on floor -> verify if on-hand should be 0
2320,ACI-618,2,PICK,MFG Floor,09/05/25 08:39:32,likely consumed/staged on floor -> verify if on-hand should be 0
22923,7092-35,2,PICK,MFG Floor,02/02/26 12:59:54,likely consumed/staged on floor -> verify if on-hand should be 0
22471,8345-130,2,PICK,MFG Floor,09/05/25 08:31:18,likely consumed/staged on floor -> verify if on-hand should be 0
22467,8345-125,2,PICK,MFG Floor,02/02/26 13:10:58,likely consumed/staged on floor -> verify if on-hand should be 0
22462,8345-40,2,PICK,MFG Floor,09/04/25 14:05:12,likely consumed/staged on floor -> verify if on-hand should be 0
22413,8154-10,2,PICK,MFG Floor,02/27/26 08:57:34,likely consumed/staged on floor -> verify if on-hand should be 0
22140,7984-95,2,PICK,MFG Floor,09/25/25 09:31:23,likely consumed/staged on floor -> verify if on-hand should be 0
22041,7984-85,2,PICK,MFG Floor,09/25/25 09:31:07,likely consumed/staged on floor -> verify if on-hand should be 0
22039,7984-145,2,PICK,MFG Floor,09/25/25 09:30:52,likely consumed/staged on floor -> verify if on-hand should be 0
21624,8291-325,2,PICK,MFG Floor,02/05/26 12:30:32,likely consumed/staged on floor -> verify if on-hand should be 0
21592,8292-123,2,PICK,MFG Floor,09/04/25 13:44:58,likely consumed/staged on floor -> verify if on-hand should be 0
21550,8291-315,2,PICK,MFG Floor,02/20/26 11:24:18,likely consumed/staged on floor -> verify if on-hand should be 0
5714,7996-47,2,PICK,MFG Floor,08/18/25 09:03:32,likely consumed/staged on floor -> verify if on-hand should be 0
21377,8291-200,2,PICK,MFG Floor,02/20/26 10:28:07,likely consumed/staged on floor -> verify if on-hand should be 0
5753,8019-34,2,PICK,MFG Floor,02/09/26 11:18:39,likely consumed/staged on floor -> verify if on-hand should be 0
5754,8019-32,2,PICK,MFG Floor,02/09/26 11:44:50,likely consumed/staged on floor -> verify if on-hand should be 0
7815,8090L-220,2,PICK,MFG Floor,02/09/26 09:56:48,likely consumed/staged on floor -> verify if on-hand should be 0
5761,8019-33,2,PICK,MFG Floor,02/09/26 11:19:28,likely consumed/staged on floor -> verify if on-hand should be 0
21161,8322-105,2,PICK,MFG Floor,09/03/25 08:40:14,likely consumed/staged on floor -> verify if on-hand should be 0
19698,8199-345,2,PICK,MFG Floor,12/17/25 11:58:33,likely consumed/staged on floor -> verify if on-hand should be 0
19536,8275-135,2,PICK,MFG Floor,01/12/26 12:13:24,likely consumed/staged on floor -> verify if on-hand should be 0
11143,8136L-225,2,PICK,MFG Floor,02/27/26 07:31:41,likely consumed/staged on floor -> verify if on-hand should be 0
19399,8245L-130,2,PICK,MFG Floor,09/04/25 15:19:42,likely consumed/staged on floor -> verify if on-hand should be 0
11142,8136L-70,2,PICK,MFG Floor,02/27/26 07:38:03,likely consumed/staged on floor -> verify if on-hand should be 0
9838,8171L-265,2,PICK,MFG Floor,03/03/26 09:48:17,likely consumed/staged on floor -> verify if on-hand should be 0
6296,8024L-32,2,PICK,MFG Floor,02/27/26 11:28:27,likely consumed/staged on floor -> verify if on-hand should be 0
18287,7393-55,2,PICK,MFG Floor,02/27/26 07:37:41,likely consumed/staged on floor -> verify if on-hand should be 0
6324,8047-8,2,PICK,MFG Floor,02/11/26 10:47:26,likely consumed/staged on floor -> verify if on-hand should be 0
18081,ACI-4616,2,PICK,MFG Floor,02/19/26 10:19:45,likely consumed/staged on floor -> verify if on-hand should be 0
17797,8279L-310,2,PICK,MFG Floor,09/03/25 08:41:34,likely consumed/staged on floor -> verify if on-hand should be 0
17783,8279L-300,2,PICK,MFG Floor,09/03/25 08:41:27,likely consumed/staged on floor -> verify if on-hand should be 0
17616,8223L-80,2,PICK,MFG Floor,09/05/25 08:39:23,likely consumed/staged on floor -> verify if on-hand should be 0
6611,8024L-48,2,PICK,MFG Floor,01/15/26 12:24:37,likely consumed/staged on floor -> verify if on-hand should be 0
6620,8024L-99,2,PICK,MFG Floor,01/15/26 12:24:44,likely consumed/staged on floor -> verify if on-hand should be 0
6624,8024L-98,2,PICK,MFG Floor,01/15/26 12:24:29,likely consumed/staged on floor -> verify if on-hand should be 0
17087,8276-95,2,PICK,MFG Floor,09/02/25 09:26:15,likely consumed/staged on floor -> verify if on-hand should be 0
6639,8024L-43,2,PICK,MFG Floor,10/06/25 12:27:05,likely consumed/staged on floor -> verify if on-hand should be 0
6642,8047-5,2,PICK,MFG Floor,10/06/25 12:27:00,likely consumed/staged on floor -> verify if on-hand should be 0
6650,8181-85,2,PICK,MFG Floor,01/14/26 14:30:37,likely consumed/staged on floor -> verify if on-hand should be 0
17063,8276-195,2,PICK,MFG Floor,09/02/25 09:27:49,likely consumed/staged on floor -> verify if on-hand should be 0
16564,8245L-160,2,PICK,MFG Floor,02/26/26 10:45:36,likely consumed/staged on floor -> verify if on-hand should be 0
11088,8137L-20,2,PICK,MFG Floor,02/12/26 08:15:19,likely consumed/staged on floor -> verify if on-hand should be 0
11086,8136L-120,2,PICK,MFG Floor,02/12/26 08:15:07,likely consumed/staged on floor -> verify if on-hand should be 0
16243,8245L-180,2,PICK,MFG Floor,09/03/25 08:41:57,likely consumed/staged on floor -> verify if on-hand should be 0
6744,7155-17,2,PICK,MFG Floor,09/18/25 09:08:18,likely consumed/staged on floor -> verify if on-hand should be 0
16003,8139L-60,2,PICK,MFG Floor,12/17/25 12:08:19,likely consumed/staged on floor -> verify if on-hand should be 0
6783,7890L-24,2,PICK,MFG Floor,01/09/26 14:26:54,likely consumed/staged on floor -> verify if on-hand should be 0
15951,8138M-195,2,PICK,MFG Floor,02/02/26 13:00:05,likely consumed/staged on floor -> verify if on-hand should be 0
15927,8138M-455,2,PICK,MFG Floor,02/27/26 07:31:32,likely consumed/staged on floor -> verify if on-hand should be 0
15849,8271-90,2,PICK,MFG Floor,09/05/25 08:30:22,likely consumed/staged on floor -> verify if on-hand should be 0
1578,ACI-1696,2,PICK,MFG Floor,09/02/25 09:24:52,likely consumed/staged on floor -> verify if on-hand should be 0
15765,8230ML-125,2,PICK,MFG Floor,09/17/25 07:14:26,likely consumed/staged on floor -> verify if on-hand should be 0
7057,7084-38,2,PICK,MFG Floor,01/15/26 12:20:22,likely consumed/staged on floor -> verify if on-hand should be 0
15609,6501-13,2,PICK,MFG Floor,01/15/26 12:19:34,likely consumed/staged on floor -> verify if on-hand should be 0
7082,7084-50,2,PICK,MFG Floor,01/15/26 12:19:39,likely consumed/staged on floor -> verify if on-hand should be 0
15506,6932L-31,2,PICK,MFG Floor,12/12/25 09:22:46,likely consumed/staged on floor -> verify if on-hand should be 0
7171,8055-106,2,PICK,MFG Floor,01/19/26 10:44:00,likely consumed/staged on floor -> verify if on-hand should be 0
7192,8055-108,2,PICK,MFG Floor,01/19/26 09:34:33,likely consumed/staged on floor -> verify if on-hand should be 0
7211,8055-103,2,PICK,MFG Floor,09/03/25 08:42:45,likely consumed/staged on floor -> verify if on-hand should be 0
14583,7495M-45,2,PICK,MFG Floor,01/09/26 08:07:27,likely consumed/staged on floor -> verify if on-hand should be 0
14396,5189-74,2,PICK,MFG Floor,01/30/26 10:47:07,likely consumed/staged on floor -> verify if on-hand should be 0
11027,8122-275,2,PICK,MFG Floor,02/12/26 09:14:25,likely consumed/staged on floor -> verify if on-hand should be 0
7359,7158-35,2,PICK,MFG Floor,09/25/25 09:27:41,likely consumed/staged on floor -> verify if on-hand should be 0
7376,8063L-12,2,PICK,MFG Floor,09/25/25 09:28:23,likely consumed/staged on floor -> verify if on-hand should be 0
11023,8122-270,2,PICK,MFG Floor,02/12/26 08:16:43,likely consumed/staged on floor -> verify if on-hand should be 0
13811,8208M-345,2,PICK,MFG Floor,02/27/26 10:43:08,likely consumed/staged on floor -> verify if on-hand should be 0
13735,8115-290,2,PICK,MFG Floor,02/12/26 08:14:28,likely consumed/staged on floor -> verify if on-hand should be 0
13186,8204-170,2,PICK,MFG Floor,02/05/26 12:45:00,likely consumed/staged on floor -> verify if on-hand should be 0
12894,6323-20,2,PICK,MFG Floor,01/20/26 11:25:12,likely consumed/staged on floor -> verify if on-hand should be 0
34333,8594L-270,2,PICK,MFG Floor,02/04/26 14:10:33,likely consumed/staged on floor -> verify if on-hand should be 0
3344,7157-50,2,PICK,MFG Floor,02/27/26 10:26:49,likely consumed/staged on floor -> verify if on-hand should be 0
3332,ACI-2617,2,PICK,MFG Floor,01/30/26 11:09:20,likely consumed/staged on floor -> verify if on-hand should be 0
33272,8566ML-330,2,PICK,MFG Floor,02/25/26 10:45:09,likely consumed/staged on floor -> verify if on-hand should be 0
32870,0000-X-19,2,PICK,MFG Floor,01/09/26 09:41:05,likely consumed/staged on floor -> verify if on-hand should be 0
36685,8714ML-195,2,PICK,MFG Floor,02/09/26 09:29:19,likely consumed/staged on floor -> verify if on-hand should be 0
36734,8702L-3,2,PICK,MFG Floor,12/09/25 12:26:23,likely consumed/staged on floor -> verify if on-hand should be 0
3260,ACI-2571,2,PICK,MFG Floor,01/30/26 10:09:22,likely consumed/staged on floor -> verify if on-hand should be 0
32560,8210-35,2,PICK,MFG Floor,02/04/26 14:05:02,likely consumed/staged on floor -> verify if on-hand should be 0
32559,8210-210,2,PICK,MFG Floor,02/04/26 13:57:20,likely consumed/staged on floor -> verify if on-hand should be 0
32557,8210-200,2,PICK,MFG Floor,02/04/26 14:47:23,likely consumed/staged on floor -> verify if on-hand should be 0
32512,8090L-90,2,PICK,MFG Floor,08/14/25 13:08:43,likely consumed/staged on floor -> verify if on-hand should be 0
32508,8090L-225,2,PICK,MFG Floor,08/13/25 15:04:20,likely consumed/staged on floor -> verify if on-hand should be 0
32504,8276-110,2,PICK,MFG Floor,08/13/25 15:07:18,likely consumed/staged on floor -> verify if on-hand should be 0
32502,8276-280,2,PICK,MFG Floor,08/13/25 15:24:17,likely consumed/staged on floor -> verify if on-hand should be 0
32493,8091L-320,2,PICK,MFG Floor,08/13/25 15:20:12,likely consumed/staged on floor -> verify if on-hand should be 0
19534,8275-5,1,PICK,MFG Floor,01/12/26 12:13:34,likely consumed/staged on floor -> verify if on-hand should be 0
32687,8080L-1-270,1,PICK,MFG Floor,01/14/26 14:21:28,likely consumed/staged on floor -> verify if on-hand should be 0
15413,8256L-155,1,PICK,MFG Floor,02/02/26 13:00:52,likely consumed/staged on floor -> verify if on-hand should be 0
3073,ACI-2406,1,PICK,MFG Floor,08/14/25 13:06:36,likely consumed/staged on floor -> verify if on-hand should be 0
15378,7826-205,1,PICK,MFG Floor,02/02/26 13:11:02,likely consumed/staged on floor -> verify if on-hand should be 0
20252,7909M-23,1,PICK,MFG Floor,09/25/25 09:28:31,likely consumed/staged on floor -> verify if on-hand should be 0
11145,8136L-90,1,PICK,MFG Floor,02/26/26 10:33:58,likely consumed/staged on floor -> verify if on-hand should be 0
15289,8245L-440,1,PICK,MFG Floor,02/27/26 07:32:14,likely consumed/staged on floor -> verify if on-hand should be 0
5756,8019-59,1,PICK,MFG Floor,02/09/26 11:45:05,likely consumed/staged on floor -> verify if on-hand should be 0
32506,8091L-295,1,PICK,MFG Floor,08/13/25 15:05:39,likely consumed/staged on floor -> verify if on-hand should be 0
5755,8019-26,1,PICK,MFG Floor,02/09/26 11:44:39,likely consumed/staged on floor -> verify if on-hand should be 0
39842,8738L-10,1,PICK,MFG Floor,06/23/25 08:33:00,likely consumed/staged on floor -> verify if on-hand should be 0
11146,8171L-225,1,PICK,MFG Floor,03/03/26 09:48:27,likely consumed/staged on floor -> verify if on-hand should be 0
5726,8012L-57,1,PICK,MFG Floor,02/09/26 11:45:59,likely consumed/staged on floor -> verify if on-hand should be 0
39825,8119L-50,1,PICK,MFG Floor,10/31/25 09:24:47,likely consumed/staged on floor -> verify if on-hand should be 0
5725,8012L-6,1,PICK,MFG Floor,02/09/26 11:45:54,likely consumed/staged on floor -> verify if on-hand should be 0
7309,7984-24,1,PICK,MFG Floor,08/26/25 09:01:32,likely consumed/staged on floor -> verify if on-hand should be 0
21923,8344-70,1,PICK,MFG Floor,02/27/26 08:54:02,likely consumed/staged on floor -> verify if on-hand should be 0
22040,7984-140,1,PICK,MFG Floor,09/25/25 09:31:01,likely consumed/staged on floor -> verify if on-hand should be 0
13983,7880-12,1,PICK,MFG Floor,02/27/26 12:13:48,likely consumed/staged on floor -> verify if on-hand should be 0
22466,8345-30,1,PICK,MFG Floor,09/04/25 14:05:07,likely consumed/staged on floor -> verify if on-hand should be 0
13978,7880-17,1,PICK,MFG Floor,02/27/26 11:28:40,likely consumed/staged on floor -> verify if on-hand should be 0
23604,8328-100,1,PICK,MFG Floor,10/20/25 09:38:13,likely consumed/staged on floor -> verify if on-hand should be 0
13957,8095-210,1,PICK,MFG Floor,02/27/26 13:28:09,likely consumed/staged on floor -> verify if on-hand should be 0
4692,ACI-3788,1,PICK,MFG Floor,01/30/26 10:10:14,likely consumed/staged on floor -> verify if on-hand should be 0
24222,6588L-70,1,PICK,MFG Floor,01/09/26 08:00:23,likely consumed/staged on floor -> verify if on-hand should be 0
32509,7909M-43,1,PICK,MFG Floor,08/13/25 15:20:49,likely consumed/staged on floor -> verify if on-hand should be 0
13820,8222-75,1,PICK,MFG Floor,01/30/26 10:46:37,likely consumed/staged on floor -> verify if on-hand should be 0
4687,ACI-3815,1,PICK,MFG Floor,12/12/25 12:38:09,likely consumed/staged on floor -> verify if on-hand should be 0
4676,ACI-3816,1,PICK,MFG Floor,12/12/25 12:38:59,likely consumed/staged on floor -> verify if on-hand should be 0
4675,ACI-3810,1,PICK,MFG Floor,12/12/25 10:59:00,likely consumed/staged on floor -> verify if on-hand should be 0
11852,8343ML-75,1,PICK,MFG Floor,05/21/24 14:49:49,likely consumed/staged on floor -> verify if on-hand should be 0
4662,ACI-3832,1,PICK,MFG Floor,12/12/25 10:59:27,likely consumed/staged on floor -> verify if on-hand should be 0
4661,ACI-3819,1,PICK,MFG Floor,12/12/25 12:38:53,likely consumed/staged on floor -> verify if on-hand should be 0
13818,8238-35,1,PICK,MFG Floor,10/01/25 11:15:07,likely consumed/staged on floor -> verify if on-hand should be 0
13817,8222-80,1,PICK,MFG Floor,01/30/26 10:47:03,likely consumed/staged on floor -> verify if on-hand should be 0
7384,8063L-28,1,PICK,MFG Floor,09/25/25 09:28:36,likely consumed/staged on floor -> verify if on-hand should be 0
4654,ACI-3823,1,PICK,MFG Floor,01/30/26 10:10:09,likely consumed/staged on floor -> verify if on-hand should be 0
24964,8399M-170,1,PICK,MFG Floor,01/09/26 08:00:31,likely consumed/staged on floor -> verify if on-hand should be 0
4604,ACI-3770,1,PICK,MFG Floor,08/27/25 08:20:26,likely consumed/staged on floor -> verify if on-hand should be 0
4578,ACI-3740,1,PICK,MFG Floor,08/14/25 13:10:43,likely consumed/staged on floor -> verify if on-hand should be 0
4559,ACI-3629,1,PICK,MFG Floor,12/12/25 09:22:27,likely consumed/staged on floor -> verify if on-hand should be 0
4549,ACI-3713,1,PICK,MFG Floor,01/30/26 10:27:25,likely consumed/staged on floor -> verify if on-hand should be 0
26539,8444-80,1,PICK,MFG Floor,02/20/26 07:15:10,likely consumed/staged on floor -> verify if on-hand should be 0
7406,8063L-27,1,PICK,MFG Floor,02/11/26 13:29:54,likely consumed/staged on floor -> verify if on-hand should be 0
11025,8122-300,1,PICK,MFG Floor,02/12/26 08:14:41,likely consumed/staged on floor -> verify if on-hand should be 0
7422,7584-89,1,PICK,MFG Floor,02/11/26 12:50:01,likely consumed/staged on floor -> verify if on-hand should be 0
4541,ACI-3701,1,PICK,MFG Floor,12/12/25 12:38:15,likely consumed/staged on floor -> verify if on-hand should be 0
26775,8444-95,1,PICK,MFG Floor,09/04/25 13:44:29,likely consumed/staged on floor -> verify if on-hand should be 0
7447,8060M-25,1,PICK,MFG Floor,02/11/26 13:26:45,likely consumed/staged on floor -> verify if on-hand should be 0
4539,ACI-3629,1,PICK,MFG Floor,12/12/25 10:59:05,likely consumed/staged on floor -> verify if on-hand should be 0
4501,ACI-3695,1,PICK,MFG Floor,01/30/26 10:10:04,likely consumed/staged on floor -> verify if on-hand should be 0
39434,8619ML-60,1,PICK,MFG Floor,02/24/26 14:30:52,likely consumed/staged on floor -> verify if on-hand should be 0
4418,ACI-3547,1,PICK,MFG Floor,09/04/25 15:06:21,likely consumed/staged on floor -> verify if on-hand should be 0
4370,ACI-3566,1,PICK,MFG Floor,09/04/25 14:50:26,likely consumed/staged on floor -> verify if on-hand should be 0
32490,8090L-250,1,PICK,MFG Floor,08/13/25 15:22:23,likely consumed/staged on floor -> verify if on-hand should be 0
4369,ACI-3565,1,PICK,MFG Floor,09/04/25 15:05:41,likely consumed/staged on floor -> verify if on-hand should be 0
3259,ACI-2575,1,PICK,MFG Floor,01/30/26 10:09:52,likely consumed/staged on floor -> verify if on-hand should be 0
4363,ACI-3567,1,PICK,MFG Floor,09/04/25 14:05:32,likely consumed/staged on floor -> verify if on-hand should be 0
13614,8089L-80,1,PICK,MFG Floor,01/12/26 12:13:13,likely consumed/staged on floor -> verify if on-hand should be 0
3106,ACI-2439,1,PICK,MFG Floor,08/27/25 11:35:30,likely consumed/staged on floor -> verify if on-hand should be 0
4354,ACI-3552,1,PICK,MFG Floor,09/04/25 14:50:55,likely consumed/staged on floor -> verify if on-hand should be 0
3110,ACI-2432,1,PICK,MFG Floor,08/27/25 11:34:53,likely consumed/staged on floor -> verify if on-hand should be 0
12766,8161-55,1,PICK,MFG Floor,01/15/26 08:44:23,likely consumed/staged on floor -> verify if on-hand should be 0
4348,ACI-3560,1,PICK,MFG Floor,09/04/25 15:05:53,likely consumed/staged on floor -> verify if on-hand should be 0
41469,7703ML-3-12,1,PICK,MFG Floor,10/22/25 11:33:58,likely consumed/staged on floor -> verify if on-hand should be 0
3195,ACI-2505,1,PICK,MFG Floor,12/12/25 09:22:21,likely consumed/staged on floor -> verify if on-hand should be 0
30305,6590L-30,1,PICK,MFG Floor,05/30/25 10:57:46,likely consumed/staged on floor -> verify if on-hand should be 0
4076,ACI-3380,1,PICK,MFG Floor,02/09/26 11:18:50,likely consumed/staged on floor -> verify if on-hand should be 0
4073,ACI-3383,1,PICK,MFG Floor,02/09/26 11:44:57,likely consumed/staged on floor -> verify if on-hand should be 0
4071,ACI-3385,1,PICK,MFG Floor,02/09/26 11:45:10,likely consumed/staged on floor -> verify if on-hand should be 0
3345,7157-48,1,PICK,MFG Floor,02/27/26 10:26:01,likely consumed/staged on floor -> verify if on-hand should be 0
38410,6779ML-139,1,PICK,MFG Floor,11/04/25 09:43:06,likely consumed/staged on floor -> verify if on-hand should be 0
4065,ACI-3371,1,PICK,MFG Floor,02/09/26 11:44:25,likely consumed/staged on floor -> verify if on-hand should be 0
11738,7682-18,1,PICK,MFG Floor,02/02/26 13:01:05,likely consumed/staged on floor -> verify if on-hand should be 0
32453,7307-12,1,PICK,MFG Floor,08/14/25 13:08:16,likely consumed/staged on floor -> verify if on-hand should be 0
4055,ACI-3362,1,PICK,MFG Floor,02/09/26 11:44:31,likely consumed/staged on floor -> verify if on-hand should be 0
33273,8566ML-70,1,PICK,MFG Floor,02/25/26 11:01:03,likely consumed/staged on floor -> verify if on-hand should be 0
32467,8210-210,1,PICK,MFG Floor,08/13/25 15:03:19,likely consumed/staged on floor -> verify if on-hand should be 0
11062,8135-90,1,PICK,MFG Floor,02/12/26 08:03:35,likely consumed/staged on floor -> verify if on-hand should be 0
6824,7157-52,1,PICK,MFG Floor,02/27/26 11:02:50,likely consumed/staged on floor -> verify if on-hand should be 0
6804,6441-18,1,PICK,MFG Floor,02/27/26 10:25:56,likely consumed/staged on floor -> verify if on-hand should be 0
36082,8619ML-90,1,PICK,MFG Floor,02/24/26 14:30:56,likely consumed/staged on floor -> verify if on-hand should be 0
6831,7157-53,1,PICK,MFG Floor,02/27/26 10:25:50,likely consumed/staged on floor -> verify if on-hand should be 0
8537,7984-1,1,PICK,MFG Floor,09/16/25 07:17:45,likely consumed/staged on floor -> verify if on-hand should be 0
36106,6970L-G1-9,1,PICK,MFG Floor,09/04/25 13:44:23,likely consumed/staged on floor -> verify if on-hand should be 0
6794,7890L-26,1,PICK,MFG Floor,01/09/26 14:26:44,likely consumed/staged on floor -> verify if on-hand should be 0
4052,ACI-3367,1,PICK,MFG Floor,02/09/26 11:45:15,likely consumed/staged on floor -> verify if on-hand should be 0
11079,8137L-140,1,PICK,MFG Floor,02/12/26 08:03:04,likely consumed/staged on floor -> verify if on-hand should be 0
6738,8054-21,1,PICK,MFG Floor,02/27/26 10:26:45,likely consumed/staged on floor -> verify if on-hand should be 0
6723,8054-22,1,PICK,MFG Floor,02/27/26 10:26:24,likely consumed/staged on floor -> verify if on-hand should be 0
6721,8054-20,1,PICK,MFG Floor,02/27/26 10:26:35,likely consumed/staged on floor -> verify if on-hand should be 0
4049,ACI-3360,1,PICK,MFG Floor,02/09/26 11:18:12,likely consumed/staged on floor -> verify if on-hand should be 0
16741,8271-135,1,PICK,MFG Floor,09/05/25 08:30:34,likely consumed/staged on floor -> verify if on-hand should be 0
11099,8136L-115,1,PICK,MFG Floor,02/27/26 07:37:31,likely consumed/staged on floor -> verify if on-hand should be 0
6684,8012L-29,1,PICK,MFG Floor,08/26/25 09:02:18,likely consumed/staged on floor -> verify if on-hand should be 0
11102,8137L-335,1,PICK,MFG Floor,02/26/26 10:45:31,likely consumed/staged on floor -> verify if on-hand should be 0
3297,ACI-2582,1,PICK,MFG Floor,01/30/26 10:46:45,likely consumed/staged on floor -> verify if on-hand should be 0
15607,8245L-365,1,PICK,MFG Floor,09/03/25 08:42:08,likely consumed/staged on floor -> verify if on-hand should be 0
4046,ACI-3366,1,PICK,MFG Floor,02/09/26 11:45:26,likely consumed/staged on floor -> verify if on-hand should be 0
11042,8122-280,1,PICK,MFG Floor,02/12/26 08:03:40,likely consumed/staged on floor -> verify if on-hand should be 0
17776,8245L-165,1,PICK,MFG Floor,09/03/25 08:41:53,likely consumed/staged on floor -> verify if on-hand should be 0
7156,8066-47,1,PICK,MFG Floor,09/03/25 08:40:56,likely consumed/staged on floor -> verify if on-hand should be 0
7159,8066-45,1,PICK,MFG Floor,02/04/26 14:40:54,likely consumed/staged on floor -> verify if on-hand should be 0
7160,8066-42,1,PICK,MFG Floor,01/09/26 14:26:50,likely consumed/staged on floor -> verify if on-hand should be 0
7161,8066-14,1,PICK,MFG Floor,09/02/25 09:25:06,likely consumed/staged on floor -> verify if on-hand should be 0
32522,8090L-240,1,PICK,MFG Floor,08/13/25 15:08:00,likely consumed/staged on floor -> verify if on-hand should be 0
17805,8279L-295,1,PICK,MFG Floor,01/09/26 08:54:59,likely consumed/staged on floor -> verify if on-hand should be 0
3274,ACI-2555,1,PICK,MFG Floor,09/25/25 09:27:50,likely consumed/staged on floor -> verify if on-hand should be 0
18294,7393-65,1,PICK,MFG Floor,02/26/26 10:34:03,likely consumed/staged on floor -> verify if on-hand should be 0
18662,7758-110,1,PICK,MFG Floor,12/17/25 11:57:25,likely consumed/staged on floor -> verify if on-hand should be 0
18664,7758-245,1,PICK,MFG Floor,12/17/25 11:57:41,likely consumed/staged on floor -> verify if on-hand should be 0
6263,8038-13,1,PICK,MFG Floor,01/12/26 15:11:37,likely consumed/staged on floor -> verify if on-hand should be 0
15468,8177M-180,1,PICK,MFG Floor,01/20/26 11:24:51,likely consumed/staged on floor -> verify if on-hand should be 0
18860,7758-245,1,PICK,MFG Floor,12/17/25 11:57:47,likely consumed/staged on floor -> verify if on-hand should be 0
