pcn,item,mpn,current_onhand,corrected_onhand,phantom_removed,relabel_adjt_count,relabel_units,loc_to,mfg_qty
33687,8335ML-10,06035C103KAT4A,20000,0,20000,2,20000,MFG Floor,10000
38827,8119L-115,ERJ-3GEYJ103V,25000,5000,20000,2,20000,MFG Floor,5000
11554,7798-25,RC0402FR-07100KL,26910,8970,17940,2,17940,1305803,0
9291,7808-8,MF1/4DCT52R1501F,13625,0,13625,4,13625,MFG Floor,3250
9279,7906-11,MF1/4DCT52R1002F,13520,0,13520,5,13520,MFG Floor,2220
32411,8525ML-1-660,ERJ-2RKF1003X,10000,0,10000,1,10000,MFG Floor,10000
30314,8525ML-1-640,RC0402FR-0710KL,10000,0,10000,1,10000,MFG Floor,10000
782,8245L-460,ERJ-2RKF2213X,19900,9950,9950,1,9950,1505309,0
219,ACI-215,ERJ-2RKF1203X,19000,9500,9500,1,9500,1505207,0
1247,7686-43,ERJ-2RKF10R0X,18000,9000,9000,1,9000,MFG Floor,0
9257,6779ML-80,MF1/4DCT52R2202F,11755,2870,8885,4,8885,MFG Floor,530
34581,8757L-10,CL10B104KB8WPND,8700,0,8700,2,8700,MFG Floor,4350
9352,7906-10,MF1/4DCT52R3300F,8675,0,8675,3,8675,MFG Floor,1000
1899,29028,CRCW1206100RFKEA,12540,4180,8360,2,8360,MFG Floor,4180
7516,8594l-680,RC1206JR-070RL,8200,0,8200,2,8200,MFG Floor,4100
33027,5189-1-89,RMCF0805JT10K0,11670,3890,7780,2,7780,1406506,0
1755,ACI-1706,C0603C103K5RAC7867,7600,0,7600,2,7600,MFG Floor,3800
8572,7131-8,C322C104K1R5TA7301,7205,0,7205,3,7205,MFG Floor,2165
9038,7726-9,1N4148TR,6600,0,6600,3,6600,MFG Floor,1600
9320,5684L-3,1N4003-T,6500,0,6500,2,6500,MFG Floor,2500
8990,8186-60,MF1/4DCT52R1003F,6470,0,6470,4,6470,MFG Floor,1045
822,ACI-1083,CRCW0402330KFKED,12800,6400,6400,1,6400,15051424,0
55,ACI-006,1N4148WT-7,8058,2686,5372,2,5372,1404104,0
14154,6590L-15,RMCF0805FT1K50,5000,0,5000,1,5000,MFG Floor,5000
31848,7754L-5,CRCW1206220RFKEA,5000,0,5000,1,5000,MFG Floor,5000
7927,8124L-65,ERJ-3EKF1004V,5000,0,5000,1,5000,MFG Floor,5000
8082,8119-115,RC0603FR-0710KL,5000,0,5000,1,5000,MFG Floor,5000
8189,8119-115,ERJ-3GEYJ103V,5000,0,5000,1,5000,MFG Floor,5000
12990,ACI-7007,MF1/4D C T52R 1003 F,5000,0,5000,1,5000,MFG Floor,5000
40175,7946L-330,ERJ-3GEYJ103V,5000,0,5000,1,5000,MFG Floor,5000
40173,7946L-330,ERJ-3GEYJ103V,5000,0,5000,1,5000,MFG Floor,5000
13849,8210L-130,EXB-V4V223JV,5000,0,5000,1,5000,MFG Floor,5000
40174,7946L-330,ERJ-3GEYJ103V,5000,0,5000,1,5000,MFG Floor,5000
30514,7584-18,C1005X7R1C104K050BC,5000,0,5000,1,5000,MFG Floor,5000
835,7785-42,RK73H1JTTD7501F,10000,5000,5000,1,5000,1204144,0
2259,8063L-38,CRCW12062K40FKEA,5000,0,5000,1,5000,1404611,0
31258,8243-75,RC0805FR-074K7L,5000,0,5000,1,5000,MFG Floor,5000
157,7816L-47,ERJ-3EKF8201V,9878,4939,4939,1,4939,14051112,0
816,8083-10,CRCW0805124KFKEA,4900,0,4900,1,4900,MFG Floor,4900
830,7816L-47,ERJ-3EKF8201V,9700,4850,4850,1,4850,14051106,0
478,8119-130,CRCW0603330RFKEA,4800,0,4800,1,4800,MFG Floor,4800
480,8119-130,RC0603JR-07330RL,4800,0,4800,1,4800,MFG Floor,4800
477,8119-130,CRCW0603330RFKEA,4800,0,4800,1,4800,MFG Floor,4800
8699,7453-13,RNMF14FTC10K0,4750,0,4750,3,4750,MFG Floor,1250
13598,6225-8,RC0805FR-073K3L,4700,0,4700,1,4700,MFG Floor,4700
6128,8083-12,RNCP0805FTD10K0,4700,0,4700,1,4700,MFG Floor,4700
33080,7754L-70,CRCW12061K00FKEA,4700,0,4700,1,4700,MFG Floor,4700
617,8083-11,MCR10EZPF2493,4700,0,4700,1,4700,MFG Floor,4700
6214,5189-89,RC0805FR-0710KL,4700,0,4700,1,4700,MFG Floor,4700
7899,8044-9,ERJ-3EKF1002V,4600,0,4600,1,4600,MFG Floor,4600
3850,ACI-3202,CRCW060356K0FKEA,9200,4600,4600,1,4600,15051417,0
8691,7279-20,MF-251/4W1%50PPM43.2K,8970,4470,4500,1,4500,2103111,30
30137,8243-1-45,RMCF0805JT4K70,4500,0,4500,1,4500,MFG Floor,4500
12150,6248-5,CCF552K21FKE36,9000,4500,4500,1,4500,2102201,0
512,7343-115,ERA-6AED103V,4500,0,4500,1,4500,MFG Floor,4500
12518,6225L-8,RC0805FR-073K3L,4500,0,4500,1,4500,MFG Floor,4500
24261,8243-1-40,RC0805FR-073K3L,4500,0,4500,1,4500,MFG Floor,4500
11555,7798-26,RC0805FR-0710RL,6000,1500,4500,3,4500,1305805,0
901,8208M-240,CRCW06035K62FKEA,4400,0,4400,1,4400,MFG Floor,4400
203,ACI-053,CRCW060330K1FKEA,8700,4350,4350,1,4350,1505911,0
2988,6970-4A-24,RC1206FR-0713KL,4730,430,4300,1,4300,1505108,0
1091,8433L-475,CRCW0603270RFKEA,8580,4290,4290,1,4290,1305701,0
23466,8119L-115,ERJ-3GEYJ103V,4200,0,4200,1,4200,MFG Floor,4200
216,8507l-215,CRCW060330K0FKEA,8400,4200,4200,1,4200,1303604,0
28047,8335ML-220,RC0603FR-07383KL,4200,0,4200,2,4200,MFG Floor,2100
6016,ACI-4592,CRCW08054M02FKEA,8400,4200,4200,1,4200,15051425,0
34141,8233L-5,CBC3225T330KRV,4480,320,4160,52,4160,1403012,0
1213,8119-115,ERJ-3GEYJ103V,4100,0,4100,1,4100,MFG Floor,4100
39661,6779ML-105,273-1.8K-RC,8200,4100,4100,1,4100,2105501,0
2528,7144L-39,CRCW06035K90FKEA,4100,0,4100,1,4100,MFG Floor,4100
1070,7785-45,CRCW0402499RFKED,5500,1500,4000,1,4000,1404919,0
24381,7183L-1,CRCW06034K70FKEA,4000,0,4000,1,4000,MFG Floor,4000
30141,7946L-185,RMCF0805JT2K20,4000,0,4000,1,4000,1502203,0
28075,8335ML-200,RC0603FR-07210KL,4000,0,4000,1,4000,1304409,4000
7166,8119-115,RMCF0603FT10K0,4000,0,4000,1,4000,MFG Floor,4000
32163,6163L-8,C1608X7R1H104K080AA,4000,0,4000,1,4000,MFG Floor,4000
17930,8252M-3-55,C0603C104K5RACTU,4000,0,4000,1,4000,MFG Floor,4000
17931,8252M-3-55,C0603C104K5RACTU,4000,0,4000,1,4000,MFG Floor,4000
12853,6163L-8,CC0603JRX7R9BB104,4000,0,4000,1,4000,MFG Floor,4000
10235,8185M-180,2N5551,4000,0,4000,1,4000,2202202,0
33722,8336ML-160,WSL2512R1000FEA,4000,0,4000,1,4000,MFG Floor,4000
40062,7946l-10,C0603C104M5RACTU,4000,0,4000,1,4000,1502101,0
9277,7726-22,MFR-25FRF52100R,6740,2740,4000,1,4000,2205204,1135
24244,6590L-14,743C083103JPTR,4000,0,4000,1,4000,MFG Floor,4000
12596,ACI-7003,MF25C12R0FT,8000,4000,4000,1,4000,2102111,0
8112,8317-270,ERJ-6ENF4992V,4000,0,4000,1,4000,MFG Floor,0
32126,8481L-260,RC0603FR-0710KL,4000,0,4000,1,4000,MFG Floor,4000
4256,8125L-35,CRG0603F1M0,3950,0,3950,1,3950,MFG Floor,3950
33701,8335ML-15,06035C104KAZ2A,3950,0,3950,1,3950,MFG Floor,3950
26876,8243-1-40,RC0805FR-073K3L,3950,0,3950,1,3950,MFG Floor,3950
2490,8124L-65,CRCW06031M00FKEA,3900,0,3900,1,3900,MFG Floor,3900
351,7990M-54,CRCW0805200KFKEA,3900,0,3900,1,3900,MFG Floor,3900
11528,8119L-115,ERJ-3GEYJ103V,3900,0,3900,1,3900,MFG Floor,3900
1541,8119-5,CC0603KRX7R9BB102,3850,0,3850,1,3850,MFG Floor,3850
12356,8080L-330,ERJ-3EKF1002V,3800,0,3800,1,3800,MFG Floor,3800
31528,6519l-2-5,CRCW1206100KFKEA,3800,0,3800,1,3800,MFG Floor,3800
37706,7946l-345,BLM18KG601SN1D,7600,3800,3800,1,3800,1502304,0
9163,7906-9,RNF14FTD750R,7000,3250,3750,1,3750,2102201,500
969,8024L-54,ERJ-3EKF2491V,3700,0,3700,1,3700,14041116,0
731,8208M-225,ERJ-3EKF5622V,3700,0,3700,1,3700,1405206,0
1847,6753-14,C0805C104J5RAC7800,3700,0,3700,1,3700,MFG Floor,3700
2554,7816L-8,GRM188R71H104KA93D,3600,0,3600,1,3870,MFG Floor,3870
24779,8119L-115,RC0603JR-0710KL,3560,0,3560,1,3560,MFG Floor,3560
34314,6970L-2A-20,CRCW1206100KFKEA,3500,0,3500,1,3500,MFG Floor,3500
30254,8243-1-45,RC0805FR-074K7L,3500,0,3500,1,3500,MFG Floor,3500
1134,8243-65,CRCW0805120RFKEA,3500,0,3500,1,3500,MFG Floor,3500
9041,6779ML-34,1N4739A-TR,7000,3500,3500,1,3500,2104203,0
8979,6390-29,MF1/4DCT52R3322F,3500,0,3500,1,3500,MFG Floor,2300
8604,8143m-55,SFR16S0001000FR500,6985,3485,3500,1,3500,2103111,15
4173,ACI-3468,RT0603FRE074K7L,7000,3500,3500,1,3500,15051420,0
33200,7249-4,CC0603KRX7R9BB104,3500,0,3500,1,3500,MFG Floor,3500
29819,7946l-35,PC0603C103K5RACTU,3500,0,3500,1,3500,1502101,0
11402,8119L-10,C1608X7R1E104K080AA,3400,0,3400,1,3400,MFG Floor,3400
21265,8584M-230,RMCF0603FT49K9,3400,0,3400,1,3400,MFG Floor,3400
1848,6753-14,C0805C104K5RAC7800,3600,200,3400,2,3400,MFG Floor,1700
511,7785-38,ERJ-2RKF1002X,3400,0,3400,1,3400,MFG Floor,3400
2607,8438-5,CRCW080510K0JNEA,3380,0,3380,2,3380,1406113,1690
2004,ACI-1855,CC1206KRX7R9BB224,6672,3336,3336,1,3336,1205423,0
2587,7990M-14,C0805C103K5RAC7800,3300,0,3300,1,3300,MFG Floor,3300
8811,7727-90,RNMF14FTC4K70,4475,1175,3300,2,3300,2104111,125
1858,7826-35,C0603C104J5RAC7867,3200,0,3200,1,3200,MFG Floor,3200
8774,7669-3,MF1/4DCT52R8201F,3000,0,3000,1,3000,MFG Floor,2275
33307,7944L-36,ERJ-3EKF1002V,3000,0,3000,1,3000,MFG Floor,3000
34534,7307-1,C0805C104K5RACTU,3000,0,3000,1,3000,MFG Floor,3000
30080,7183l-5,C0603C103J5RACTU,3000,0,3000,1,3000,MFG Floor,3000
2265,6225-8,RC0805FR-073K3L,3000,0,3000,1,3000,MFG Floor,3000
9081,7728-310,MF1/4DCT52R3010F,5925,2925,3000,1,3000,2201104,75
25743,6163L-9,GRM21BR61E106KA73L,3000,0,3000,1,3000,MFG Floor,3000
29122,ACI-10432,IS354,6000,3000,3000,1,3000,1103317,0
8318,8095-25,GCM21BR72A104KA37L,3000,0,3000,1,3000,MFG Floor,3000
32131,8481L-200,RC0603FR-071KL,3000,0,3000,1,3000,MFG Floor,3000
13556,8167M-355,"74LVC1GU04GW,125",3000,0,3000,1,3000,MFG Floor,3000
29102,7754l-5,CRCW1206220RFKEA,3000,0,3000,1,3000,MFG Floor,3000
40176,8119L-115,ERJ-3GEYJ103V,3000,0,3000,1,3970,MFG Floor,3970
32907,7946L-165,ERJ-6GEYJ560V,3000,0,3000,1,3000,1502202,0
37493,7905-11,RNMF14FTC10K0,2980,0,2980,1,2980,MFG Floor,2980
3854,7686-17,MI0603M121R-10,2954,0,2954,1,2954,MFG Floor,2954
30156,8243-75,RMCF0805JT4K70,2950,0,2950,1,2950,MFG Floor,2950
1737,6753-14,C0805C104K5RAC7800,2900,0,2900,1,2900,MFG Floor,2900
2329,6590-28,1N4148WS-7-F,2900,0,2900,1,2900,MFG Floor,2900
1343,8257M-3-95,ERJ-8GEY0R00V,2900,0,2900,1,2900,MFG Floor,2900
493,8335ML-180,RC0603FR-0710KL,2900,0,2900,1,2900,MFG Floor,2900
1102,8343ML-470,CRCW0603150RFKEA,2880,0,2880,1,2880,MFG Floor,0
1860,7363L-15,C1608X7R1H104K080AA,2800,0,2800,1,2800,MFG Floor,2800
1896,8142M-370,ERJ-2RKF1002X,2800,0,2800,1,2800,MFG Floor,2800
25016,6163L-8,C1608X7R1H104K080AA,2800,0,2800,1,2800,MFG Floor,2800
20989,8119L-115,RC0603JR-0710KL,2680,0,2680,1,2700,MFG Floor,2700
16698,6163L-8,C1608X7R1H104K080AA,2650,0,2650,1,2650,MFG Floor,2650
1747,7993M-36,1N4148W-7-F,2650,0,2650,1,2650,MFG Floor,2650
52,7993M-36,1N4148W-7-F,2613,0,2613,1,2613,MFG Floor,2613
142,7993M-36,1N4148W-7-F,2541,0,2541,1,2541,MFG Floor,2541
151,7863L-5,ERJ-6ENF1004V,2500,0,2500,1,2500,1303408,2500
37496,5540L-1,C326C104K5R5TA7301,2500,0,2500,1,2500,MFG Floor,2500
14205,8119L-115,RC0603FR-0710KL,2500,0,2500,1,2500,MFG Floor,2500
5677,7584-18,C1005X7R1C104K050BC,2500,0,2500,1,2500,MFG Floor,2500
380,6252-41,CRCW12061K00FKEA,2500,0,2500,1,2500,MFG Floor,2500
8556,7595-85,C410C471K1R5TA7200,5000,2500,2500,1,2500,2101101,0
494,7918-25,ERA-2AEB103X,2500,0,2500,1,2500,MFG Floor,2500
8220,8119L-20,GRM21BR61E106KA73L,2450,0,2450,1,2450,MFG Floor,2450
9142,7726-33,ERO-S2PHF1502,2425,0,2425,1,2500,2202104,75
1963,7183L-2,UMK107AB7105KA-T,3354,954,2400,1,2400,MFG Floor,1446
33618,8335ML-5,AV30K3225G202N,2400,0,2400,1,2400,MFG Floor,2400
19862,7946L-205,RMCF0603FT698R,4660,2330,2330,1,2330,MFG Floor,0
866,8243-75,RC0805FR-074K7L,2300,0,2300,1,2300,MFG Floor,2300
1787,7143L-12,CL10A105KA8NNNC,3000,700,2300,1,2300,MFG Floor,2300
20096,7946L-340,RMCF0603ZT0R00,4436,2218,2218,1,2218,MFG Floor,0
1724,7944-30,C0603C104K5RACTU,3700,1500,2200,1,2200,1404718,0
1694,6163L-8,C0603C104K5RACTU,2200,0,2200,1,2200,MFG Floor,2200
13291,8197-30,RR0816P-103-D,5080,2880,2200,1,2200,1303511,0
14480,8219-20,ERA-3AED101V,4400,2200,2200,1,2200,1404105,0
1626,5189-1,C0805C103K5RACTU,2800,700,2100,3,2100,MFG Floor,0
30145,7946L-185,RMCF0805JT2K20,2100,0,2100,1,2100,1502203,0
19855,7946L-210,ERJ-3EKF4220V,4120,2060,2060,1,2060,MFG Floor,0
19869,8500-285,RMCF0805JT2K20,2030,0,2030,1,2030,MFG Floor,2030
38560,7946l-65,C0603C470J5GACTU,2020,0,2020,1,2020,1502101,0
8549,6008-4,C323C104K5R5TA7301,2000,0,2000,1,2000,MFG Floor,1875
6753,8083-1,C2012X7R2A104K125AE,2000,0,2000,1,2000,MFG Floor,2000
7581,8243-70,CRCW080515K0FKEA,2000,0,2000,1,2000,MFG Floor,2000
8218,6163L-11,HR2220V801R-10,2000,0,2000,1,2000,MFG Floor,2000
14346,6590L-A-15,RMCF0805JT1K50,2000,0,2000,2,2000,MFG Floor,1000
11809,8109L-3,MK01-B,2000,0,2000,1,2000,MFG Floor,2000
40051,8148L-10,CL21A106KAYNNNE,4000,2000,2000,1,2000,1406404,0
29109,7754l-25,CRCW1206330RFKEA,2000,0,2000,1,2000,MFG Floor,2000
9047,7726-11,1N5240B-TAP,3725,1725,2000,1,2000,2201202,275
9039,ACI-5326,1N4746A-TR,2000,0,2000,2,2000,MFG Floor,400
9318,7451-5,C316C104K5R5TA7301,2000,0,2000,1,2000,MFG Floor,2000
853,8178M-260,ERJ-6ENF4991V,2000,0,2000,1,2000,MFG Floor,2000
35322,8520L-145,CC0402JRNPO9BN470,4000,2000,2000,1,2000,MFG Floor,0
1725,8095-5,C0805C106K4PACTU,2000,0,2000,1,2000,MFG Floor,2000
8927,7726-24,MFR-25FRF52-1K,2000,0,2000,1,2000,MFG Floor,1250
1832,7700-12,GRM033R61A104KE15D,2000,0,2000,1,2000,MFG Floor,2000
8903,7123-11,C320C104K5R5TA7301,2000,0,2000,1,2000,MFG Floor,2000
32603,7307-1,C0805C104K5RACTU,2000,0,2000,1,2000,MFG Floor,2000
9319,7453-1,C316C104K5R5TA7301,2000,0,2000,1,2000,MFG Floor,2000
1863,7307-1,NMC0805X7R104K50TRPF,1990,0,1990,1,1990,MFG Floor,1990
37789,7946L-325,RMCF0805JT10R0,3980,1990,1990,1,1990,1502303,0
256,8178M-180,CRCW0805220RFKEA,1990,0,1990,1,1990,MFG Floor,1990
33535,8461L-55,C0603C104K5RACTU,3350,1430,1920,1,1920,MFG Floor,1920
19298,7124-9,CRCW060310K0FKEA,1900,0,1900,1,1900,MFG Floor,1900
1321,C8081M-6,CRCW06035R10FKEA,1900,0,1900,1,1900,MFG Floor,1900
1825,7848-7,C3216X7R2A104K160AM,1900,0,1900,1,1900,MFG Floor,1900
8755,7848-7,MFR-25FRF52-56K2,3295,1400,1895,1,1895,MFG Floor,0
19859,7946L-195,ERJ-3EKF6341V,1830,0,1830,1,1830,1502204,0
21980,7307-1,C0805C104K5RACTU,1800,0,1800,1,1800,MFG Floor,1800
1602,7183L-5,C0603C103J5RACTU,1800,0,1800,1,1800,MFG Floor,1800
160,7548-4,ERJ-12ZYJ471U,1800,0,1800,1,1800,MFG Floor,1800
23151,8080L-1-500,CRCW060310K0FKEA,1800,0,1800,1,1800,MFG Floor,1800
31766,6654L-20,TMK107ABJ225KA-T,1800,0,1800,1,1800,1303202,0
11406,8119L-130,ERJ-3GEYJ331V,1800,0,1800,1,1800,MFG Floor,1800
28076,8336ML-25,06035C102KAT2A,1800,0,1800,1,1800,MFG Floor,1800
13554,8167M-355,"74LVC1GU04GW,125",1800,0,1800,1,1800,MFG Floor,1800
9141,6779ML-100,271-33K-RC,1800,0,1800,1,1800,1501601,0
8906,6390-2,C322C104K5R5TA7301,1750,0,1750,1,1750,MFG Floor,1750
30985,7451-22,770101103P,1750,0,1750,1,1750,2204208,1750
8612,7451-17,RNMF14FTC10K0,1750,0,1750,1,1750,MFG Floor,1750
1843,7143L-3,GRM188R71C104KA01D,1700,0,1700,1,1700,MFG Floor,1700
26041,6590L-16,RC0805FR-0710KL,1700,0,1700,1,1700,MFG Floor,1700
2272,6590-16,RC0805FR-0710KL,1700,0,1700,1,1700,MFG Floor,1700
8304,8080L-110,C1608X7R1H104K080AA,1700,0,1700,1,1700,MFG Floor,1700
13850,8210L-130,EXB-V4V223JV,1700,0,1700,1,1700,MFG Floor,1700
25638,8119L-70,MSP430G2755IDA38R,1672,0,1672,1,1672,MFG Floor,1672
19875,7946L-320,ERJ-3EKF3831V,3200,1600,1600,1,1600,1502305,0
1779,8148L-15,C3216X7R2A105M160AA,1600,0,1600,1,1600,MFG Floor,1600
606,8343ML-290,CRCW0603475KFKEA,1600,0,1600,1,1600,MFG Floor,0
2123,8335ML-40,T491A106M016AT,1600,0,1600,1,1600,MFG Floor,1600
24153,7595-21,C0805C105K3RACTU,3200,1600,1600,8,1600,1506005,0
19858,8243-75,RMCF0805JT4K70,1600,0,1600,1,1600,MFG Floor,1600
1628,7989M-4,08055C103K4T2A,1550,0,1550,1,1550,MFG Floor,1550
1502,8119L-15,C1608C0G1H470JT000N,1550,0,1550,1,1550,MFG Floor,1550
2033,6458-2,06033C104KAT4A,1540,0,1540,1,1540,MFG Floor,1540
33923,8695l-5,JB2835AWT-W-U57EA0000-N0000001,1500,0,1500,1,1500,MFG Floor,1500
5294,7944-38,RC0603JR-071KL,1500,0,1500,1,1500,MFG Floor,1500
16546,5189-2,C0805C104K5RACTU,1500,0,1500,1,1500,MFG Floor,1500
8609,8166-20,RNF12FTD1M00,2875,1375,1500,1,1500,2103111,125
16854,6654l-5,CRCW06034K70FKEA,2480,980,1500,1,1500,MFG Floor,520
2096,7686-11,GRM219R61E106KA12D,1500,0,1500,3,1500,MFG Floor,500
19868,7946l-175,ERJ-6ENF1623V,1475,0,1475,1,1475,1502203,0
21464,8350M-255,CRCW25121R00JNEG,1400,0,1400,1,1400,MFG Floor,1400
7164,8080L-110,C1608X7R1H104K080AA,1400,0,1400,1,1400,MFG Floor,1400
11553,7798-5,C0402C120J5GACTU,1400,0,1400,1,1400,14041123,0
10326,7331-1,C0805C104J5RAC7800,1400,0,1400,1,1400,MFG Floor,1400
12403,8080L-330,CRCW060310K0FKEA,1350,0,1350,1,1350,MFG Floor,1350
38254,5540L-1,C316C104K5R5TA,1320,0,1320,1,1320,MFG Floor,1320
2254,6588-43,RC0805FR-0710KL,1250,0,1250,1,1250,MFG Floor,1250
430,7183L-1,ERJ-3EKF4701V,1247,0,1247,1,1247,MFG Floor,1247
14533,7682-11,S1MB-13-F,1220,0,1220,1,1220,MFG Floor,1220
255,8178M-180,CRCW0805220RFKEA,1200,0,1200,1,1200,MFG Floor,1200
2249,7993M-15,C0805C220J5GAC7800,1200,0,1200,1,1200,MFG Floor,1200
30077,6654l-15,UMK107B7104KA-T,1200,0,1200,1,1200,MFG Floor,1200
30076,6654l-10,UMK107BJ105KA-T,1200,0,1200,1,1200,MFG Floor,1200
8435,8070-1,UMK107AB7105KA-T,1190,0,1190,1,1190,MFG Floor,1190
8570,7669-10,2N3904TF,1175,0,1175,3,1175,MFG Floor,275
4150,6163L-11,HR2220V801R-10,1157,0,1157,1,1157,MFG Floor,1157
22732,8080L-1-425,CL31A106KBHNNNE,1150,0,1150,1,1150,MFG Floor,1150
40198,7946L-285,SZNUD3124LT1G,1100,0,1100,1,1100,MFG Floor,1100
13388,8080L-25,C1608X5R1E225K080AB,1100,0,1100,1,1100,MFG Floor,1100
981,6590-15,RMCF0805FT1K50,1100,0,1100,1,1100,MFG Floor,1100
2978,6970-G1-7,S5MC-13-F,1500,425,1075,1,1075,MFG Floor,1075
9178,6779ML-36,FRJ50E36,1070,0,1070,1,1070,MFG Floor,1070
19853,7946L-170,ERJ-6ENF2202V,1060,0,1060,1,1060,1502202,0
37723,7946l-45,C0603C333K3RACTU,1050,0,1050,1,1050,1502101,0
2049,5189-86,RC0805FR-071KL,1000,0,1000,1,1000,MFG Floor,1000
8293,7686-24,C1608X5R1V475K080AC,1000,0,1000,1,1000,MFG Floor,1000
2076,7686-15,TMK107ABJ225KA-T,1000,0,1000,1,1000,MFG Floor,1000
495,7944-36,RG1608N-103-B-T1,1000,0,1000,1,1000,MFG Floor,1000
43852,8755L-15,101510GN/YE,2000,1000,1000,1,1000,MFG Floor,0
2203,5189-8,EEV-FC1V470P,1000,0,1000,1,1000,MFG Floor,1000
1713,7543-4,GRM155R61A224KE19D,1000,0,1000,1,1000,MFG Floor,1000
8891,5678ML-1,C322C104K1R5TA7303,1000,0,1000,1,1000,MFG Floor,1000
18087,6163L-9,C0805C106K4PACTU,1000,0,1000,1,1000,MFG Floor,1000
2046,8037-34,ERJ-3EKF1002V,1000,0,1000,1,1000,MFG Floor,1000
30079,6654l-25,C0603C103J5RACTU,1000,0,1000,1,1000,MFG Floor,1000
20137,8311M-4-5,XPEBRD-L1-0000-00901,1000,0,1000,1,1000,MFG Floor,1000
8281,7686-17,FBMH1608HL121-T,1000,0,1000,1,1000,MFG Floor,1000
1745,8044-4,ERJ-3EKF1001V,1000,0,1000,1,1000,MFG Floor,1000
1870,7848-7,C1206C104K5RAC7867,1000,0,1000,1,1000,MFG Floor,1000
5961,8223L-40,RC0402FR-0710KL,1000,0,1000,1,1000,MFG Floor,1000
565,6753-76,RG2012P-1542-B-T5,1000,0,1000,1,1000,MFG Floor,1000
12794,ACI-7004,C322C103K5R5TA7301,1000,0,1000,1,1000,MFG Floor,1000
988,7989M-36,ERJ-6ENF1001V,1000,0,1000,1,1000,MFG Floor,0
11446,7785-54,RC0402JR-070RL,1000,0,1000,1,1000,MFG Floor,1000
13622,6588-55,MCR10EZHFLR220,1000,0,1000,1,1000,MFG Floor,1000
38253,5540L-1,C326C104K1R5TA7301,1000,0,1000,2,1000,MFG Floor,500
32655,6163L-9,GRM21BR61E106KA73L,1000,0,1000,1,1000,MFG Floor,1000
40061,7946l-35,C0603C103K5RACTU,980,0,980,1,980,1502101,0
30144,7946L-190,RMCF0603FT10R0,921,0,921,1,921,1502203,0
7821,7860-6,C0603C101J5GACTU,920,0,920,1,920,MFG Floor,920
1727,8095-100,APL3015SURCK-F01,900,0,900,1,900,MFG Floor,900
34252,6590L-A-4,CC0805KRX7R9BB104,900,0,900,1,900,MFG Floor,900
37742,8162l-30,205-0398,1800,900,900,1,900,2103502,0
31704,8233L-110,MC33926PNBR2,1800,900,900,1,900,1103401,0
10314,8243-75,RC0805FR-074K7L,900,0,900,2,900,MFG Floor,0
1795,8083-2,0805ZC105KAT2A,900,0,900,1,900,MFG Floor,900
5750,7143L-12,CL10A105KA8NNNC,900,0,900,1,900,MFG Floor,900
376,8083-15,MCR10EZHF3320,900,0,900,1,900,MFG Floor,900
15891,8464L-40,ESR03EZPF1003,860,0,860,1,860,MFG Floor,0
33009,7946L-165,ERJ-6GEYJ560V,860,0,860,1,860,1502202,0
3829,8507l-130,MMBT5551,1700,850,850,1,850,1303603,0
37792,7946l-50,C1206C106K3PACTU,840,0,840,1,840,1502101,0
16054,8245L-240,RMCF0402FT47K0,820,0,820,1,820,MFG Floor,820
12919,8245L-45,CGA5L1X7R1H106K160AC,807,0,807,1,807,MFG Floor,807
13527,8243-1-45,RC0805FR-074K7L,800,0,800,1,800,MFG Floor,800
1923,8443L-20,GRM155R71C224KA12D,1380,580,800,1,800,1605003,0
483,8124L-60,RMCF0603JT10K0,800,0,800,1,800,MFG Floor,800
32912,8335ML-90,MC56F8323MFBE,800,0,800,1,800,MFG Floor,800
8222,8173-1-5,C0603C104K5RACTU,800,0,800,1,800,MFG Floor,800
4316,6970L-G1-12,FGB30N6S2D,800,0,800,1,800,MFG Floor,800
32911,8335ML-90,MC56F8323MFBE,800,0,800,1,800,MFG Floor,800
37719,7946l-345,BLM18KG601SN1D,800,0,800,1,800,MFG Floor,800
32910,8335ML-90,MC56F8323MFBE,1590,795,795,1,795,1602004,0
19418,8525ML-1-50,CL05A105KO5NNNC,755,0,755,1,755,MFG Floor,755
9246,7727-75,CMF552K0000FHEB,750,0,750,1,750,MFG Floor,575
9465,7726-23,RN60D4700FB14,1350,600,750,1,750,2202104,150
9438,7727-105,CMF5512K100FHEK,1440,690,750,1,750,2202304,60
29492,6758-125,ERJ-3EKF1003V,750,0,750,1,750,MFG Floor,750
9358,7728-340,MF1/4DCT52R4700F,750,0,750,1,750,MFG Floor,625
30691,6590L-A-4,CC0805KRX7R9BB104,740,0,740,1,740,MFG Floor,740
2240,6588-3,CC0805KRX7R9BB104,700,0,700,1,700,MFG Floor,700
11392,8342ML-280,ERJ-3GEYJ103V,700,0,700,2,700,MFG Floor,350
16667,8080L-1-325,C1608X7R1H103K080AA,700,0,700,1,700,MFG Floor,700
1966,6970L-2A-4,12063C224KAT2A,700,0,700,1,700,MFG Floor,700
9021,7808-5,1N4001-TP,700,0,700,1,700,MFG Floor,625
14074,8139L-5,06035C104JAT2A,700,0,700,1,700,1405305,0
33011,7946l-45,C0603C333K3RACTU,700,0,700,1,700,1502101,0
25648,6590L-14,743C083103JP,700,0,700,1,700,MFG Floor,700
5287,4682-9,S1MB-13-F,700,0,700,1,700,MFG Floor,700
5938,8335ML-180,RC0603FR-0710KL,700,0,700,1,700,MFG Floor,700
14083,8210L-60,0ZCJ0050FF2G,700,0,700,1,700,MFG Floor,700
23397,6138L-12,C1608X7R1H104K080AA,700,0,700,1,700,MFG Floor,700
1837,8135L-10,CL10B104JO8NNNC,700,0,700,1,700,MFG Floor,0
34531,7946L-85,B330-13-F,700,0,700,1,700,1502201,0
4321,6588-72,TCA0372DM2ELG,700,0,700,1,700,MFG Floor,700
7344,8080L-110,C1608X7R1H104K080AA,700,0,700,1,700,MFG Floor,700
38614,7760-4,1N4001-TP,690,0,690,1,690,MFG Floor,690
40669,8740L-15,39-00-0039,676,0,676,1,676,MFG Floor,676
37587,5540L-1,C326C104K1R5TA7301,674,0,674,1,674,MFG Floor,674
434,7946l-315,ERJ-3GEYJ472V,1340,670,670,1,670,1502304,0
31478,8243-1-45,RC0805FR-074K7L,670,0,670,1,670,MFG Floor,670
9479,5477-19,CMF551K0000FHEB,650,0,650,1,650,MFG Floor,650
15211,6654L-30,ZLLS400TA,650,0,650,1,650,MFG Floor,650
2508,7331-5,C0805C475K3PAC7800,650,0,650,1,650,MFG Floor,650
12162,8119L-20,GRM21BR61E106KA73L,650,0,650,1,650,MFG Floor,650
15046,8167M-210,MF-LSMF260X-2,650,0,650,1,650,MFG Floor,650
17638,8764L-500,RNCP0603FTD10K0,640,0,640,2,640,MFG Floor,320
21406,8167M-120,B1100-13-F,1240,620,620,1,620,1101117,0
2516,4682-2,F971V104MAA,620,0,620,1,620,MFG Floor,620
36563,8562-30,ERJ-3GEY0R00V,1240,620,620,1,620,1503007,0
534,8119L-120,CRCW06031M00JNEA,620,0,620,1,1000,MFG Floor,1380
32781,8765-20,TMK107ABJ225KA-T,619,0,619,1,619,MFG Floor,619
44426,8804L-5,1586315-1,616,0,616,1,616,MFG Floor,616
1749,7694l-9,LTST-C191KGKT,810,200,610,1,610,1503005,0
1150,8122-140,TNPW0603100RBETA,600,0,600,1,600,MFG Floor,600
30069,8766L-45,ERJ-6GEYJ103V,600,0,600,1,600,MFG Floor,600
11490,7918-10,GRM188R6YA475KE15D,1200,600,600,1,600,MFG Floor,600
10262,8080L-1-545,YC164-JR-07150RL,600,0,600,1,600,MFG Floor,600
16858,6654l-20,TMK107ABJ225KA-T,600,0,600,1,600,MFG Floor,600
1241,5189-89,RMCF0805JT10K0,600,0,600,1,600,MFG Floor,600
1898,7848-46,ERJ-8ENF49R9V,600,0,600,1,600,MFG Floor,600
17472,6163L-8,C1608X7R1H104K080AA,600,0,600,1,600,MFG Floor,600
23147,8080L-1-395,RC1206FR-074K87L,600,0,600,1,600,MFG Floor,600
7824,8080L-100,GRM188R6YA475KE15D,600,0,600,2,600,MFG Floor,300
9136,6970-G1-20,ERJ-8ENF1003V,600,0,600,1,600,MFG Floor,600
5470,6138L-22,CRCW08051K00FKEA,600,0,600,1,600,MFG Floor,600
16221,8256L-35,CL05A224KP5NNNC,600,0,600,1,600,MFG Floor,600
6131,7595-35,ERJ-P06J472V,1200,600,600,1,600,1406110,0
13893,8314-305,CRCW04024K70FKED,600,0,600,1,600,MFG Floor,600
3885,7946L-340,RMCF0603ZT0R00,1197,600,597,1,597,1502304,0
7887,6590l-37,AUIPS6041GTR,588,0,588,1,588,MFG Floor,588
2253,6138L-22,CRCW08051K00FKEA,580,0,580,1,580,MFG Floor,580
37788,7946L-330,ERJ-3GEYJ103V,1148,574,574,1,574,1502303,0
21407,8167M-215,ZXMP10A18KTC,1120,560,560,1,560,1101117,0
7442,7686-50,ERJ-2GEJ472X,556,0,556,1,556,MFG Floor,556
43053,8390L-65,CC1206KRX7R9BB104,550,0,550,1,550,MFG Floor,550
15588,6106-20,CRCW1206100KFKEA,550,0,550,1,550,MFG Floor,550
13551,8167M-355,"74LVC1GU04GW,125",1080,540,540,1,540,1304711,0
6094,6753-8,500R15W102KV4T,520,0,520,1,520,MFG Floor,520
764,6106-60,CRCW1206220KFKEA,520,0,520,1,520,MFG Floor,520
14370,8033-1,STM32F446RET6,517,0,517,1,517,MFG Floor,517
4114,7377-33,ERJ-3GEY0R00V,510,0,510,1,510,MFG Floor,510
33031,7123L-31,LM2575N-5.0/NOPB,509,0,509,1,509,MFG Floor,509
12781,6590L-40,ILD206T,500,0,500,1,500,MFG Floor,500
145,8464L-105,MMBD4148,500,0,500,1,500,MFG Floor,500
2057,4682-4,F931D105MAA,500,0,500,1,500,MFG Floor,500
8915,7726-26,RNF14FTD2K21,500,0,500,1,500,MFG Floor,500
11863,8177M-140,CRCW06031K00FKEA,500,0,500,1,500,MFG Floor,500
27599,5189-65,APTD3216CGCK,500,0,500,1,500,MFG Floor,500
2268,6590-1,T491C106K020AT,500,0,500,1,500,MFG Floor,500
14274,7946-10,C0805C104K5RACTU,500,0,500,1,500,MFG Floor,500
2505,7685-6,RC0805FR-071KL,500,0,500,1,500,MFG Floor,500
5735,8033-13,RC0805FR-0710KL,500,0,500,1,500,MFG Floor,500
41297,1557-1-16,TLC271ACP,500,0,500,5,500,MFG Floor,0
1827,7932L-3,C1005X7R1C104K050BC,500,0,500,1,500,MFG Floor,500
13082,6588-9,T491C106K020AT,500,0,500,1,500,MFG Floor,500
9480,5477-21,CMF5510K000FHEB,500,0,500,1,500,MFG Floor,500
2633,6590-2,T495X336K035ATE250,500,0,500,1,500,MFG Floor,500
6386,7584-4,GRM188R6YA475KE15D,500,0,500,2,500,MFG Floor,250
9164,8186-105,MF1/4DCT52R6800F,500,0,500,1,500,MFG Floor,500
2034,6163L-9,GRM21BR61A106KE19L,500,0,500,1,500,MFG Floor,500
1568,6753-25,251R15S101JV4E,500,0,500,1,500,MFG Floor,500
2634,6590-2,T495X336K035ATE250,500,0,500,1,500,MFG Floor,500
553,8119L-120,ERJ-3EKF1004V,500,0,500,1,500,MFG Floor,500
903,7076-1-17,ERJ-6ENF5601V,500,0,500,1,500,MFG Floor,500
12274,6590L-22,RC0805FR-071KL,500,0,500,1,500,MFG Floor,500
8711,7453-13,RNMF14FTC10K0,500,0,500,1,500,MFG Floor,500
2270,6590-1,T491C106K020AT,500,0,500,1,500,MFG Floor,500
13473,8314-245,CRCW040225K5FKED,500,0,500,1,500,MFG Floor,500
8992,6390-4,1.5KE33A,750,250,500,1,500,MFG Floor,250
11862,8080L-1-560,CRCW06031K00FKEA,500,0,500,1,500,MFG Floor,500
6085,7331-28,ERJ-P06J201V,500,0,500,1,500,MFG Floor,500
36427,7946l-10,C0603C104M5RAC7867,500,0,500,2,1000,1502101,0
14266,8271-10,C0805C104K5RACTU,1000,500,500,1,500,MFG Floor,0
33438,6970l-g1-9,0460005.UR,500,0,500,1,500,MFG Floor,500
2186,8210-40,EEE-FC1H101P,500,0,500,1,500,MFG Floor,500
32293,7254R-5,CRCW08051K00FKEA,500,0,500,1,500,MFG Floor,500
11729,6590-1,T491C106K020AT,500,0,500,1,500,MFG Floor,500
3769,8239-25,T491B106K016AT,500,0,500,1,500,MFG Floor,500
22932,6753L-14,CC0805KRX7R9BB104,500,0,500,1,500,MFG Floor,500
2630,8080L-110,C1608X7R1H104K080AA,500,0,500,1,1000,MFG Floor,1000
30154,7946l-65,C0603C470J5GACTU,500,0,500,1,500,1502101,0
4830,6588-9,T491C106K020AT,500,0,500,1,500,MFG Floor,500
1191,8389L-5,ERJ-8GEYJ101V,500,0,500,1,500,MFG Floor,500
8685,4187-4,KNP100JR-73-2R7,500,0,500,1,500,MFG Floor,500
5935,7944-42,TL3301AF260QG,493,0,493,1,493,MFG Floor,493
8972,7183L-3,GRM188R72A104KA35D,490,0,490,1,490,MFG Floor,490
15515,8239-30,BAS16LT1G,482,0,482,1,482,MFG Floor,482
23596,6519L-2-11,SMAZ6V2-13F,480,0,480,1,480,MFG Floor,480
28600,8584M-160,5015,480,0,480,1,480,MFG Floor,480
1902,6106-10,CRCW12061M00FKEA,480,0,480,1,480,MFG Floor,480
38691,7946L-305,1206USB-223MLC,940,470,470,1,470,1502302,0
37498,5684L-1,C326C104K5R5TA7301,470,0,470,1,470,MFG Floor,470
36926,8515L-1-310,ERJ-6ENF1002V,470,0,470,1,470,MFG Floor,470
20143,8080L-1-35,UCL1A221MCL1GS,470,0,470,1,470,MFG Floor,470
2085,8080L-130,C2012X5R1E685K125AC,470,0,470,1,470,MFG Floor,470
2754,ACI-975,CRCW0402150RJNED,920,460,460,1,460,1403013,0
30423,8500-15,GRM21BR61H106KE43L,450,0,450,1,450,MFG Floor,450
13528,7603-38,RC0805FR-074K7L,450,0,450,1,450,MFG Floor,450
1732,8385L-25,ERJ-6GEYJ103V,450,0,450,1,450,MFG Floor,450
20025,6590L-4,C0805C104K5RACTU,450,0,450,1,450,MFG Floor,450
1904,6138L-22,CRCW08051K00FKEA,450,0,450,1,450,MFG Floor,450
16709,8080L-330,ERJ-3EKF1002V,450,0,450,1,450,MFG Floor,450
16605,8245L-5,CL05B104KP5NNNC,450,0,450,1,450,MFG Floor,450
5334,7143L-12,CL10A105KA8NNNC,450,0,450,1,450,MFG Floor,450
44194,8565ML-40,C0402C180K3GACTU,900,450,450,1,450,2204402,0
21233,7331M-39,CG0603MLU-05E,450,0,450,1,450,MFG Floor,450
16576,6252-22,BGX50AE6327,450,0,450,1,450,1604004,0
40987,7307-28,IRLML2502TR,440,0,440,1,440,MFG Floor,440
18898,8467L-55,RMCF0402FT47K0,440,0,440,1,440,MFG Floor,0
5173,8083-13,RG2012P-1023-B-T5,440,0,440,1,440,MFG Floor,440
8371,8133-35,GRM155R71E103KA01D,440,0,440,1,440,MFG Floor,440
16620,7758-208,RMCF0402FT47K0,440,0,440,1,440,MFG Floor,0
44142,5944-1-20,T491B106K016AT,432,0,432,1,432,MFG Floor,432
19867,7946L-190,RMCF0603FT10R0,430,0,430,1,430,1502203,0
10230,6273ML-22,STTH512D,430,0,430,1,430,MFG Floor,430
40228,7146-1,ECQ-E2474KF,485,60,425,1,425,MFG Floor,425
21469,8167M-350,VC121048H101DP,840,420,420,1,420,1304714,0
29434,7754L-75,UWT1V101MCL1GS,420,0,420,1,420,MFG Floor,420
34951,7249-48,ERJ-3GEYJ103V,417,0,417,1,417,MFG Floor,417
37934,1557-1-16,TLC271ACP,616,200,416,1,416,MFG Floor,416
17162,8223L-20,GRM155R61A225KE95D,415,0,415,1,415,MFG Floor,415
1199,6590L-A-13,RC0805FR-074K7L,410,0,410,1,410,MFG Floor,410
27291,8539-5,C0805C104K5RACTU,410,0,410,3,610,MFG Floor,200
40205,7946L-230,300SP1J1BLKM7QE,406,0,406,1,406,MFG Floor,406
6520,8016L-2,EE2-24NU-L,802,401,401,1,401,MFG Floor,401
8059,6590-14,743C083103JP,400,0,400,1,400,MFG Floor,400
8436,8080L-25,TMK107ABJ225KA-T,400,0,400,1,400,MFG Floor,400
16344,5189-1-86,RC0805FR-071KL,400,0,400,2,400,MFG Floor,200
3832,7466L-7,C1812V334KCRACTU,400,0,400,1,400,MFG Floor,400
37573,7946L-15,EEE-FC1A101P,800,400,400,1,400,1502101,0
3830,7694L-32,ERJ-3EKF1002V,400,0,400,1,400,MFG Floor,400
1061,8178M-195,CRCW0805330RFKEA,400,0,400,1,400,MFG Floor,400
23149,8080L-1-225,CRCW060311K0FKEA,400,0,400,1,400,MFG Floor,400
29436,8233L-115,RDC503013A,800,400,400,1,400,1302501,0
20550,8219-25,ERA3AED103V,400,0,400,1,400,MFG Floor,400
811,8083-14,CRCW120610K0FKEA,400,0,400,1,400,MFG Floor,400
1147,8133-230,ERJ-2RKF1000X,400,0,400,1,400,MFG Floor,400
1151,8060M-56,ERJ-6ENF1001V,400,0,400,1,400,MFG Floor,400
21561,5189-1-86,RC0805FR-071KL,400,0,400,2,400,MFG Floor,200
1156,7990M-67,ERJ-6ENF1001V,400,0,400,1,400,MFG Floor,400
17355,8322-10,GRM188R71H104KA93D,800,400,400,1,400,MFG Floor,400
23148,8080L-449,CRCW06030000Z0EA,800,400,400,1,400,1404920,0
6084,8160-15,C0805C104K5RACTU,400,0,400,1,400,MFG Floor,400
1869,8161-25,C0805C104K3RAC7800,400,0,400,1,400,MFG Floor,400
8415,8080L-1-400,CRCW060333K2FKEA,400,0,400,1,400,MFG Floor,400
9112,7726-32,RN55D1102FRE6,725,325,400,1,400,2201302,75
30857,8233L-45,CRCW12061K00FKEA,1200,800,400,1,400,1504002,0
1153,7104-5,RR0816P-102-D,400,0,400,1,400,MFG Floor,400
6137,6753-56,RC0805FR-073K3L,400,0,400,1,400,MFG Floor,400
31868,7143L-23,MCP1700T-3302E/MB,400,0,400,1,400,MFG Floor,400
6138,6590-4,CC0805KRX7R9BB104,400,0,400,1,400,MFG Floor,400
31814,6970l-g1-22,LR645N8-G,400,0,400,1,400,1301304,400
34518,7946L-80,ES3D,400,0,400,1,400,1502101,0
2526,7143L-9,GRM31CR61E106MA12L,400,0,400,1,400,MFG Floor,400
16024,8311M-3-10,CGA6M3X7S2A475K200AB,390,0,390,1,390,MFG Floor,390
1947,4553-140,2N7002MTF,530,140,390,1,390,1605001,0
16860,8256L-135,RMCF0402JT27R0,390,0,390,1,390,MFG Floor,390
30515,7143L-12,GRM188R61C105KA93D,390,0,390,1,390,MFG Floor,390
12178,ACI-4534,C0603C100D5GACTU,760,380,380,1,380,1202202,0
11811,6590-3,C0805C105K5RACTU,380,0,380,1,380,MFG Floor,380
1306,8352-40,ERJ-12ZYJ510U,380,0,380,1,380,MFG Floor,380
28371,8530L-2-60,GRM188R61E105KA12D,380,0,380,1,380,MFG Floor,380
1895,8340-5,C1608X5R1A106K080AC,380,0,380,1,380,MFG Floor,380
20559,8349M-180,PS2733-1-A,377,0,377,1,377,MFG Floor,377
8296,7584-13,GRM155R71H102KA01D,375,0,375,1,375,MFG Floor,375
1250,8302L-130,CRCW060310K0FKEA,375,0,375,1,375,MFG Floor,375
8929,8098-1-130,MCMF0W4FF5111A50,740,370,370,1,370,1504004,0
7070,6948-22,SML-LX0603GW-TR,740,370,370,1,370,MFG Floor,370
18321,8256L-130,RMCF0402ZT0R00,370,0,370,1,370,MFG Floor,370
22007,8037-25,C1608X5R1A106K080AC,367,0,367,1,367,MFG Floor,367
10362,1557-1-3,UK16-104,400,34,366,1,366,MFG Floor,366
859,7603-38,CRCW08054K70FKEA,365,0,365,1,365,MFG Floor,365
38557,8740L-15,39-00-0039,360,0,360,2,360,MFG Floor,180
18166,6138L-22,CRCW08051K00FKEA,350,0,350,1,350,MFG Floor,350
2144,6753-11,T491C106K020AT,350,0,350,1,450,MFG Floor,450
4829,6590-1,T491C106K020AT,350,0,350,1,350,MFG Floor,350
38958,6163L-4,350759-4,350,0,350,1,350,MFG Floor,350
15047,8314-250,CSRN2010FK50L0,350,0,350,1,350,MFG Floor,350
26614,8582ML-400,CRCW060310K0FKEA,350,0,350,1,350,MFG Floor,350
7929,6590-4,CC0805KRX7R9BB104,350,0,350,1,350,MFG Floor,350
17722,8452-180,CRCW060311K0FKEA,350,0,350,1,350,MFG Floor,350
5946,8148L-5,C1005X7R1H104K050BB,350,0,350,1,350,MFG Floor,350
10937,8123M-280,CRCW08054K99FKEA,350,0,350,1,350,MFG Floor,350
17724,8080L-1-345,06035C333JAT2A,350,0,350,1,350,MFG Floor,350
13881,7686-7,RC0402JR-070RL,350,0,350,1,350,MFG Floor,350
12920,8256L-150,CRCW040210K0FKED,350,0,350,1,350,MFG Floor,350
12777,8170L-80,RC0805FR-0710KL,350,0,350,1,350,MFG Floor,350
36928,5678ML-1,C322C104K1R5TA7303,350,0,350,1,350,MFG Floor,0
14081,8210L-50,CPDT-5V0USP-HF,350,0,350,1,350,MFG Floor,350
6910,8123M-120,BLM31PG330SN1L,345,0,345,1,345,MFG Floor,345
26626,ACI-4656,ATS2D3G-NC-LFG,680,340,340,1,340,1404708,0
2520,7143L-11,GRM188R71H102KA01D,340,0,340,1,340,MFG Floor,340
6177,8230ML-255,RC0603FR-07100RL,340,0,340,2,340,MFG Floor,0
7971,6588L-14,SMBJ30CA,335,0,335,1,335,MFG Floor,335
21974,7331M-39,CG0603MLU-05E,335,0,335,1,335,MFG Floor,335
34522,8335ML-90,MC56F8323MFBE,335,0,335,1,335,MFG Floor,335
31891,8765-20,TMK107ABJ225KA-T,333,0,333,1,333,MFG Floor,333
32313,6970L-G1-3,T491B106K016AT,330,0,330,1,330,MFG Floor,330
30517,7584-43,DLP11SN900HL2L,330,0,330,1,330,MFG Floor,330
34336,8764L-260,ERJ-2RKF3000X,330,0,330,1,330,MFG Floor,330
32778,8119L-52,XR33038ID-F,611,283,328,1,328,MFG Floor,45
6407,7207-3,MMBZ5231,324,0,324,1,324,MFG Floor,324
36016,8778L-80,CRCW0402100KFKED,320,0,320,1,320,MFG Floor,320
810,7916M-7,RK73H2BTTD1002F,320,0,320,1,320,MFG Floor,320
3138,8035-8,BSS138,320,0,320,1,320,MFG Floor,320
17575,8481l-200,RC0603FR-071KL,320,0,320,1,320,MFG Floor,320
29929,6654L-30,ZLLS400TA,320,0,320,1,320,MFG Floor,320
30818,8765-30,ZLLS400TA,320,0,320,1,320,MFG Floor,320
31849,7754l-30,MC7805BDTRKG,315,0,315,1,315,MFG Floor,315
10664,8169M-175,"PESD3V3U1UT,215",310,0,310,1,310,MFG Floor,310
2184,8210L-30,EEE-FC1H101P,310,0,310,1,310,MFG Floor,310
7557,8440L-10,GRM188R71E105KA12D,310,0,310,1,310,MFG Floor,310
1789,7681L-125,5015,310,0,310,1,310,MFG Floor,310
8468,8507l-175,CRCW0603220RFKEA,620,310,310,1,310,1303603,0
27806,6590L-2,T495X336K035ATE260,302,0,302,1,302,MFG Floor,302
34324,7249-48,ERJ-3GEYJ103V,300,0,300,1,300,MFG Floor,300
18098,8287L-1-25,"BAT54C,215",600,300,300,1,300,1404916,0
37793,7946L-340,RMCF0603ZT0R00,600,300,300,1,300,1502304,0
6136,7944-4,C0805C475K3PAC7800,300,0,300,1,300,MFG Floor,300
6218,8497l-90,RMCF0603ZT0R00,300,0,300,1,300,MFG Floor,300
6548,7944-6,UMK212BJ105KG-T,300,0,300,1,300,MFG Floor,300
3016,6970-G1-19,ERJ-8ENF2003V,300,0,300,1,300,MFG Floor,300
5333,7143L-39,ERJ-3EKF1001V,300,0,300,1,300,MFG Floor,300
14082,8210L-45,GSOT03C-HG3-08,300,0,300,1,300,MFG Floor,300
2991,6970-G1-20,ERJ-8ENF1003V,300,0,300,1,300,MFG Floor,300
5331,7143L-8,C0805C106K8PACTU,300,0,300,1,300,MFG Floor,300
33739,8119L-10,UMK107B7104KA-T,300,0,300,1,300,MFG Floor,300
30263,6590L-29,SMAJ30CA,300,0,300,1,300,MFG Floor,300
2322,6590-28,1N4148WS-7-F,300,0,300,1,300,MFG Floor,300
16895,7143l-36,ERJ-3EKF1002V,300,0,300,1,300,MFG Floor,300
32982,7946L-80,ES3D,300,0,300,2,600,1502101,0
15346,7307-28,IRLML2502TR,300,0,300,1,300,MFG Floor,300
41907,8766LF-3-15,3811/10 100,300,0,300,1,300,MFG Floor,300
41905,8766LF-3-15,3811/10 100,300,0,300,1,300,MFG Floor,300
16523,7584-59,ERJ-2GEJ104X,300,0,300,1,300,MFG Floor,300
6487,8033-12,RC0805FR-071KL,300,0,300,1,300,MFG Floor,300
1086,8080L-395,CRCW0603220RFKEA,300,0,300,1,700,MFG Floor,700
13611,6588-14,SMBJ30CA,300,0,300,1,300,MFG Floor,300
999,8173-1-65,ERJ-P06J102V,300,0,300,1,300,MFG Floor,300
554,8124L-65,CRCW06031M00FKEA,300,0,300,1,300,MFG Floor,300
7686,7944L-210,RC1210JR-070RL,300,0,300,1,300,MFG Floor,300
20113,6590L-4,CC0805KRX7R9BB104,300,0,300,1,300,MFG Floor,300
499,7331-29,RK73H2ATTD1002F,300,0,300,1,300,MFG Floor,300
13416,8219-5,06035A470JAT2A,300,0,300,1,300,MFG Floor,300
36421,7946L-325,RMCF0805JT10R0,600,300,300,1,300,1502303,0
332,4683-21,CRCW1206100KFKEA,300,0,300,1,300,MFG Floor,300
317,7944-41,CRCW1206100KFKEA,300,0,300,1,300,MFG Floor,300
8033,7221L-6,08055C103JAT2A,300,0,300,1,300,MFG Floor,300
5652,8317-225,RC0805FR-071KL,300,0,300,1,300,MFG Floor,300
1369,8171L-250,CRCW06030000Z0EA,300,0,300,1,300,MFG Floor,300
32604,7946L-170,ERJ-6ENF2202V,300,0,300,1,300,1502202,0
45244,5477-6,91773A145,390,90,300,1,300,2204303,0
17702,8256L-40,GRM188R60J226MEA0D,300,0,300,1,300,MFG Floor,300
38842,6858L-25,91841A006,300,0,300,1,300,MFG Floor,0
19065,8481l-5,RC0603JR-070RL,300,0,300,2,600,MFG Floor,300
2970,6970-G1-12,FGB30N6S2D,300,0,300,1,300,MFG Floor,300
18490,6588L-9,T491C106K020AT,300,0,300,1,300,MFG Floor,300
1841,7946l-10,C0603C104M5RAC7867,300,0,300,1,300,1502101,0
1842,8080L-110,C1608X7R1H104K080AA,300,0,300,1,300,MFG Floor,300
1736,8095-5,C0805C106K4PACTU,300,0,300,1,300,MFG Floor,300
1196,7990M-48,ERJ-6ENF10R0V,300,0,300,1,300,MFG Floor,300
21179,8340-80,SML-LXT0805GW-TR,300,0,300,1,300,MFG Floor,300
730,7823-17,CRCW120647K0FKEA,400,100,300,1,300,MFG Floor,300
479,8119-130,CRCW0603330RFKEA,300,0,300,1,300,MFG Floor,300
7913,7144L-7,06035D105KAT2A,300,0,300,1,300,MFG Floor,300
32981,7946L-55,EEE-FC1E101P,300,0,300,1,300,1502101,0
44175,8771L-20,3365/20,300,0,300,1,300,MFG Floor,300
43794,8766LF-2-15,3811/10 300,300,0,300,1,300,MFG Floor,300
6399,7207-1-3,MMBZ5231B,298,0,298,1,298,MFG Floor,298
7792,8206-8,CRCW0603100KFKEA,295,0,295,1,295,MFG Floor,295
5341,7944-40,ERJ-3EKF1003V,295,0,295,1,295,MFG Floor,295
23079,6590L-A-11,MCR10EZPJ105,294,0,294,1,294,MFG Floor,294
4177,6590-38,SN74LV14APWR,290,0,290,1,290,MFG Floor,290
2036,6590-4,CC0805KRX7R9BB104,290,0,290,1,290,MFG Floor,290
38285,6779ML-7,TAP105K025SCS,290,0,290,1,415,1501501,0
7143,8566ML-700,ERJ-3EKF1000V,290,0,290,1,290,MFG Floor,290
24189,6590L-A-40,ILD206T,285,0,285,1,285,MFG Floor,285
3773,6134-26,ERJ-6GEYJ221V,282,0,282,1,282,MFG Floor,282
31908,7124-12,RC0603FR-071KL,580,300,280,1,280,1401105,0
7345,8080L-110,C1608X7R1H104K080AA,280,0,280,1,280,MFG Floor,280
2524,7143L-10,UMK325BJ106KM-T,280,0,280,1,280,MFG Floor,280
16229,7946-160,RMCF1206ZT0R00,280,0,280,1,280,MFG Floor,280
32471,8159-25,CDSOT23-SM712,280,0,280,1,280,MFG Floor,280
19652,8045-2,C0603C104Z3VACTU,560,280,280,1,280,1604003,0
33006,7946l-20,C1210C107M8PACTU,280,0,280,1,280,1502101,0
15626,8266L-10,CL21A106KOQNNNE,280,0,280,1,350,1605001,0
1781,8170L-20,C3216X7R2A105K160AA,280,0,280,1,280,MFG Floor,280
9638,6163L-4,350759-4,275,0,275,1,275,MFG Floor,275
10551,5477-13,UHE1V561MPD,275,0,275,1,275,MFG Floor,275
30519,6779ML-61,MF1/4DCT52R4701F,275,0,275,1,2790,MFG Floor,2790
1481,8080L-45,C0603C101K5RACTU,275,0,275,1,275,MFG Floor,275
21688,8328-45,ERJ-3EKF1103V,275,0,275,1,275,MFG Floor,275
7633,7907LB-21,CRCW060347K0FKEA,270,0,270,1,270,MFG Floor,270
40193,7946L-230,300SP1J1BLKM7QE,270,0,270,1,270,MFG Floor,270
14500,8218L-60,"TL431BFDT,215",270,0,270,1,270,MFG Floor,270
12499,6758-150,ERJ-8ENF4701V,270,0,270,1,270,MFG Floor,270
1865,8080L-110,C1608X7R1H104K080AA,270,0,270,1,270,MFG Floor,270
31544,7754l-75,UWT1V101MCL1GS,270,0,270,1,270,MFG Floor,270
4511,8342ML-270,2N7002-7-F,270,0,270,1,270,MFG Floor,270
11704,8169M-85,CC0805KRX7R9BB104,267,0,267,1,267,MFG Floor,267
2051,7816L-8,GRM188R71H104KA93D,265,0,265,1,265,MFG Floor,265
3779,7860-94,5015,265,0,265,1,265,MFG Floor,265
14713,8433L-350,RMCF0603JT10K0,265,0,265,1,265,MFG Floor,265
7479,6970-G1-9,0460005.UR,265,0,265,1,265,MFG Floor,265
6685,7144L-27,ILHB1206ER750V,263,0,263,1,263,MFG Floor,263
41820,6779ML-56,2N3906BU,260,0,260,2,590,1501504,0
15338,7207-1,M95256-WMN6P,260,0,260,1,260,MFG Floor,260
4147,8483-25,ES1D,260,0,260,1,260,MFG Floor,260
11700,8123M-395,"PESD3V3U1UT,215",260,0,260,1,260,MFG Floor,260
16542,7946L-45,C0603C333K3RACTU,260,0,260,1,260,MFG Floor,260
19949,8098-1-150,MF1/4DCT52R2701F,520,260,260,1,260,1504004,0
8695,8098-1-200,RNF14FTD4K32,4250,3995,255,1,255,MFG Floor,255
6107,8119-90,10118194-0001LF,254,0,254,1,254,MFG Floor,254
13496,8314-265,RT0402BRD0768KL,250,0,250,1,250,MFG Floor,250
13434,5189-108,RC0805FR-074K7L,1250,1000,250,1,250,MFG Floor,0
8559,5477-16,TAP105K035SRW,250,0,250,1,250,MFG Floor,250
3785,6134-25,ERJ-6GEYJ241V,250,0,250,1,250,MFG Floor,250
146,6463-70,PGB1010603NR,250,0,250,1,250,MFG Floor,250
8563,6779ML-7,TAP105K025SRW,250,0,250,1,250,MFG Floor,250
13463,8167M-200,VC080503A100DP,500,250,250,1,250,1503008,0
13478,8167M-110,MMSZ5227B-7-F,500,250,250,1,250,1202414,0
8188,8080L-100,C1608X5R1V475K080AC,250,0,250,1,250,MFG Floor,250
11516,7584-17,C0805C106M4PACTU,250,0,250,1,250,MFG Floor,250
3236,6753-13,GRM188R61C105KA93D,250,0,250,1,250,MFG Floor,250
33834,7254R-5,CRCW08051K00FKEA,250,0,250,1,250,MFG Floor,250
37270,8778L-80,CRCW0402100KFKED,250,0,250,1,250,MFG Floor,250
12390,6590L-3,C0805C105K5RACTU,250,0,250,1,250,MFG Floor,250
11928,8037-33,RC0805FR-0710KL,250,0,250,1,250,MFG Floor,250
37714,7946L-30,C1206C475K5PACTU,450,200,250,1,250,1502101,0
3006,6970-4A-9,0464005.DR,250,0,250,1,250,MFG Floor,250
44374,8740L-10,RBC14-14,250,0,250,1,250,MFG Floor,0
18483,6588L-9,T491C106K020AT,250,0,250,1,250,MFG Floor,250
11861,7159-38,CRCW06036K80FKEA,500,250,250,1,250,1604003,0
37790,7946l-280,"74HC4052D,653",500,250,250,1,250,1502303,0
639,7584-52,RC0805FR-07255KL,250,0,250,1,250,MFG Floor,250
3781,6134-1,C0805C104K3RAC7800,250,0,250,1,250,MFG Floor,250
32342,8294M-3-25,RT1206BRD07100RL,250,0,250,1,250,MFG Floor,250
17357,7584-4,GRM188R6YA475KE15D,250,0,250,1,250,MFG Floor,250
7648,8035-8,BSS138,250,0,250,1,250,MFG Floor,250
13407,6590L-36,TPS73618DBVT,249,0,249,1,249,MFG Floor,249
13404,6590-36,TPS73618DBVT,247,0,247,1,247,MFG Floor,247
19979,8311M-3-50,B160-13-F,246,0,246,1,246,MFG Floor,246
11854,8176-25,C0805C105K5RACTU,245,0,245,1,245,MFG Floor,245
4325,6590-40,ILD206T,245,0,245,1,245,MFG Floor,245
15339,7750-40,CRCW120610K0FKEA,245,0,245,1,245,MFG Floor,245
8058,6252-4,T495X336K035ATE260,245,0,245,1,245,MFG Floor,245
6056,8080L-395,CRCW0603220RFKEA,241,0,241,1,241,MFG Floor,241
4188,5189-69,HCPL-0600,240,0,240,1,240,MFG Floor,240
24092,8584M-25,GRM32ER71J106MA12L,240,0,240,1,240,MFG Floor,240
34533,7946l-25,C0603C682K3RACTU,240,0,240,1,370,1502101,0
42010,7254R-16,1-66103-7,240,0,240,1,240,MFG Floor,240
6206,8078-86,ERJ-PA3F1000V,240,0,240,1,240,MFG Floor,240
6152,7331-28,ERJ-P06J201V,238,0,238,1,238,MFG Floor,238
18632,7466L-6,S1M,237,0,237,1,237,MFG Floor,237
11713,7466L-8,35201K0JT,235,0,235,1,235,MFG Floor,235
4324,6590-41,BTS4140N,230,0,230,1,230,MFG Floor,230
20140,8080L-1-515,MOC3041SR2VM,230,0,230,1,230,MFG Floor,230
4427,7584-50,ERJ-2GEJ103X,230,0,230,1,230,MFG Floor,230
39558,8515L-7-770,561349100,230,0,230,1,230,1604006,0
1791,ACI-1907,C1812C105K5RAC7800,460,230,230,1,230,1304614,0
13934,8385L-25,ERJ-6GEYJ103V,230,0,230,1,230,MFG Floor,230
38561,8740l-15,39-00-0039,230,0,230,1,230,MFG Floor,230
3233,8171L-10,CL10B104JO8NNNC,230,0,230,1,230,MFG Floor,230
243,8170L-70,CRCW080522K0JNEA,225,0,225,1,225,MFG Floor,225
25602,6590L-A-34,SS14-E3/61T,225,0,225,3,225,MFG Floor,75
11530,6753L-73,CRCW25122K70JNEG,225,0,225,1,225,MFG Floor,225
8041,8350M-30,C0805C122K5RACTU,225,0,225,1,225,MFG Floor,225
11326,8138M-215,V85MLA1210NH,220,0,220,1,220,MFG Floor,220
11548,8037-33,RC0805FR-0710KL,440,220,220,1,220,MFG Floor,0
17697,8245L-245,CRGCQ0402F82K,440,220,220,1,220,MFG Floor,220
225,8229L-70,RC0805FR-071ML,220,0,220,1,220,MFG Floor,220
1557,6189-10,SMAJ26CA,220,0,220,1,252,MFG Floor,252
13587,6588-14,SMBJ30CA,220,0,220,1,220,MFG Floor,220
13533,8314-235,CRCW040280K6FKED,220,0,220,1,220,MFG Floor,220
720,8390L-45,RC1206JR-0730KL,220,0,220,1,220,MFG Floor,220
10288,8098-1-80,LM317T,390,172,218,2,218,MFG Floor,28
12803,7331M-9,MF-MSMF050-2,215,0,215,1,215,MFG Floor,215
40942,8737L-10,RA717,214,0,214,2,214,MFG Floor,107
12171,8321-3-25,GRM188R71E104KA01D,210,0,210,1,210,MFG Floor,210
18263,7331-32,ERJ-6ENF1004V,210,0,210,1,210,MFG Floor,210
32093,8520L-265,PTS647SN70SMTR2LFS,210,0,210,1,210,MFG Floor,210
2138,8095-5,C0805C106K4PACTU,210,0,210,1,210,MFG Floor,210
12517,6590L-A-6,CC0805KRX7R9BB103,210,0,210,1,210,MFG Floor,210
40075,8736l-10,P10-10R-D,220,10,210,1,210,MFG Floor,210
1367,aci-1529,CRCW06030000Z0EA,280,70,210,3,210,1505905,0
18438,8080L-1-420,SC4501MSETRT,205,0,205,1,205,MFG Floor,205
24252,6590L-2,T495X336K035ATE250,205,0,205,1,205,MFG Floor,205
35411,7004-60,0ZCJ0035AF2E,200,0,200,1,200,MFG Floor,200
5342,7144L-5,GRM31CR61E106MA12L,200,0,200,1,200,MFG Floor,200
5880,7750-40,CRCW120610K0FKEA,200,0,200,1,200,MFG Floor,200
7926,8231-5,GRM188R71H104KA93D,200,0,200,1,200,MFG Floor,200
36067,7605-10,ERJ3EKF1002V,200,0,200,1,200,MFG Floor,200
12323,8080L-345,CRCW06034K70FKEA,200,0,200,1,200,MFG Floor,200
19635,7759-2,150141VS73100,200,0,200,1,200,MFG Floor,200
2290,6590-33,BZX84C2V7LT1G,200,0,200,1,200,MFG Floor,200
13932,8176-55,EEV-FK1E102Q,200,0,200,1,200,MFG Floor,200
35131,8159-10,CC0805KRX7R9BB104,200,0,200,1,200,MFG Floor,200
5699,7104-4,ESR03EZPF1002,200,0,200,1,200,MFG Floor,200
9837,7996-8,C0805C106M4PACTU,200,0,200,1,200,MFG Floor,200
20193,6463-125,ERJ-3EKF1002V,200,0,200,1,200,MFG Floor,200
33454,8500-430,FOD817BSD,200,0,200,1,280,MFG Floor,280
14343,6588-9,T491C106K020AT,200,0,200,1,200,MFG Floor,200
19150,8349M-315,RC0603FR-071KL,200,0,200,1,200,MFG Floor,200
21252,7143l-12,GRM188R61C105KA93D,200,0,200,1,200,MFG Floor,200
15887,8170L-80,RC0805FR-0710KL,400,200,200,1,200,1206117,0
2075,7686-15,C1608X5R1C225M080AB,200,0,200,1,200,MFG Floor,200
30966,7004-120,LTL-4261N,200,0,200,1,200,MFG Floor,200
5404,8070-9,MM3Z12VT1G,200,0,200,1,210,MFG Floor,210
28302,7254T-1,TPSA106K006R1500,200,0,200,1,200,MFG Floor,200
19432,8258L-20,GRM188R61A106KE69D,200,0,200,1,200,MFG Floor,200
1884,8115-75,C1206C104J5RACTU,200,0,200,1,200,MFG Floor,200
7879,8095-50,UMK325BJ106KM-T,200,0,200,1,200,MFG Floor,200
2493,7307-40,CRCW080520K0FKEA,200,0,200,1,200,MFG Floor,200
21399,8167M-210,MF-LSMF260X-2,400,200,200,1,200,1301306,0
19157,7038-5,ERJ-3EKF4701V,400,200,200,1,200,1605012,0
8712,7728-240,MF1/4DCT52R1000F,200,0,200,1,200,MFG Floor,200
34132,7946l-35,C0603C103K5RACTU,200,0,200,1,200,1502101,0
30162,7946l-65,C0603C470J5GACTU,200,0,200,1,200,1502101,0
36772,7946L-75,WP1503CB/GD,200,0,200,1,200,1502101,4
10463,7004-5,UPW1V101MPD,200,0,200,1,200,MFG Floor,200
1155,7990M-69,9C08052A9310FKHFT,200,0,200,1,200,MFG Floor,200
13357,7307-41,CRCW080515K0FKEA,200,0,200,1,200,MFG Floor,200
16066,8080L-1-55,GRM21BR61E106KA73L,200,0,200,1,200,MFG Floor,200
7333,5189-112,ERJ-6GEYJ473V,200,0,200,1,200,MFG Floor,0
21500,8167M-170,LBR2012T220K,400,200,200,1,200,1403011,0
17295,7595-27,ERJ-6ENF1004V,200,0,200,1,200,MFG Floor,200
4428,8119L-20,GRM21BR61E106KA73L,200,0,200,1,200,MFG Floor,200
16055,8245L-280,CRGCQ0402F3K3,200,0,200,1,200,MFG Floor,200
41067,8803L-20,C2102A.12.02,206,6,200,1,200,1602004,0
31850,8233L-35,CRCW12062K20FKEA,400,200,200,1,200,1504002,0
38138,1557-2-3,140-50U5-104M-RC,900,700,200,1,200,2102504,0
14117,6590L-A-20,RC0805FR-0710RL,200,0,200,2,300,MFG Floor,150
5616,6590-22,RC0805FR-071KL,200,0,200,1,200,MFG Floor,200
11709,8160-45,GRT31CR61H106KE01L,200,0,200,1,200,MFG Floor,200
39835,8738L-5,1028-8/133T-54,200,0,200,1,200,MFG Floor,200
1141,6134-36,ERJ-8GEYJ471V,200,0,200,1,200,MFG Floor,200
11587,8314-10,C0805C104J1RACTU,200,0,200,1,200,MFG Floor,200
32986,7946l-50,C1206C106K3PACTU,200,0,200,1,200,1502101,0
22172,8322-5,BLM18EG221TN1D,400,200,200,1,200,MFG Floor,200
30790,7254R-1,TPSA106K006R1500,200,0,200,1,200,MFG Floor,200
36945,6779ML-19,TAP225K035SCS,250,51,199,1,199,1501502,0
501,8123M-245,CRCW080510K0FKEA,198,0,198,1,198,MFG Floor,198
11961,7144L-185,GRM31CR61E106MA12L,198,0,198,1,198,MFG Floor,198
21629,8349M-310,ERA-3AEB1651V,198,0,198,1,198,MFG Floor,198
41337,7254R-6,M64W504KB40,195,0,195,1,195,MFG Floor,195
17116,8314-5,22201C475KAT2A,194,0,194,1,194,MFG Floor,194
15493,8340-80,SML-LXT0805GW-TR,194,0,194,1,194,MFG Floor,194
13439,6654L-5,CRCW06034K70FKEA,190,0,190,1,190,MFG Floor,190
30073,7696L-4,BSS138,390,200,190,1,190,1506403,0
16277,8245L-245,CRGCQ0402F82K,380,190,190,1,190,MFG Floor,190
5929,6588-23,APT2012SRCPRV,190,0,190,1,190,MFG Floor,190
12939,8080L-165,B160-13-F,190,0,190,1,190,MFG Floor,190
14670,6948L-4,ERJ-6GEYJ104V,190,0,190,1,190,MFG Floor,190
23882,8399M-15,CGA3E2X7R1E104K080AA,190,0,190,1,190,MFG Floor,190
25861,6519L-9,UWT1V101MCL1GS,190,0,190,1,190,MFG Floor,190
12317,7696L-5,ERJ-3EKF1002V,276,88,188,1,188,MFG Floor,100
17851,8210L-25,UWT1A102MNL1GS,185,0,185,1,185,MFG Floor,185
37833,7143L-17,C0805C475K3PACTU,185,0,185,1,185,MFG Floor,185
5669,6948L-3,CRCW08050000Z0EA,185,0,185,1,185,MFG Floor,185
15911,8288-5,CS1G-E3/I,185,0,185,1,185,MFG Floor,185
14272,5189-65,APTD3216CGCK,185,0,185,1,185,MFG Floor,185
21997,7331M-9,MF-MSMF050-2,185,0,185,1,185,MFG Floor,185
15479,8525ML-1-195,GRM188R61C475KAAJD,182,0,182,1,182,MFG Floor,182
4508,5189-74,PS2701-1-F3-A,180,0,180,1,180,MFG Floor,180
8282,7686-17,FBMH1608HL121-T,180,0,180,1,180,MFG Floor,180
30450,8532l-105,1N4148W-7-F,180,0,180,1,180,MFG Floor,180
11573,8314-30,CC0805KRX7R9BB471,180,0,180,1,180,MFG Floor,180
28377,8223l-35,BLM18KG601SN1D,180,0,180,1,180,MFG Floor,180
15566,8245L-275,RMCF0402JT240R,180,0,180,1,180,MFG Floor,180
38574,6779ML-53,ZTX851,180,0,180,1,220,1501504,0
37835,7143L-18,C1608C0G1H060D080AA,180,0,180,1,180,MFG Floor,180
3471,7155-9,STPS2L60A,180,0,180,2,180,MFG Floor,90
24089,8584M-40,GRM32ER72A225KA35K,180,0,180,1,180,MFG Floor,180
22744,8356L-45,C1608X5R1E475K080AC,180,0,180,1,180,MFG Floor,180
3194,8041-15,B150-13-F,180,0,180,1,180,MFG Floor,180
415,7990M-51,CRCW080513K7FKEA,177,0,177,1,177,MFG Floor,177
9432,7727-85,CMF553K3200FHEB,175,0,175,1,175,MFG Floor,115
18871,8328-60,ERJ-3EKF1001V,175,0,175,1,175,MFG Floor,175
24380,8119l-10,UMK107B7104KA-T,175,0,175,1,175,MFG Floor,175
8917,7906-13,MF1/4DCT52R2201F,175,0,175,1,175,MFG Floor,175
37070,8369L-70,501648-1000,200,25,175,1,175,MFG Floor,175
16189,8169M-165,1SR154-600TE25,348,174,174,1,174,1303810,0
2204,8210L-30,EEE-FC1H101P,172,0,172,1,172,MFG Floor,172
19121,ACI-4628,RMCF0603FT20K0,344,172,172,1,172,1403001,0
19257,8080L-1-70,SMAJ15A,170,0,170,1,170,MFG Floor,170
12929,8080L-50,C3216X5R1H106K160AB,170,0,170,1,170,MFG Floor,170
21008,8311M-3-60,S1M,170,0,170,1,170,MFG Floor,170
2728,8448L-335,CRCW040284K5FKED,170,0,170,1,170,MFG Floor,0
24372,6654l-20,TMK107ABJ225KA-T,170,0,170,1,170,MFG Floor,170
38694,7946L-240,TPD2E001DZDR,340,170,170,1,170,1502301,0
11697,8176-150,ERJ-6ENF8662V,170,0,170,1,170,MFG Floor,170
22745,7143L-57,MBR0520LT1G,170,0,170,1,170,MFG Floor,170
41816,5678ML-6,ZTX951,200,30,170,1,170,1602303,0
44174,8771L-20,3365/20,170,0,170,1,170,MFG Floor,170
8475,8223-5,TMK105B7104KV-FR,170,0,170,1,170,MFG Floor,170
21397,8167M-210,MF-LSMF260X-2,340,170,170,1,170,1101118,0
37704,7946L-265,SP0503BAHTG,340,170,170,1,170,1502301,0
8943,8098-95,MF1/4DCT52R6801F,340,170,170,1,170,Count Area,0
29142,8417l-90,CR0805-FX-1002ELF,168,0,168,1,168,MFG Floor,168
21002,8311M-3-50,B160-13-F,168,0,168,1,168,MFG Floor,168
6286,7686-20,C0805C475K3PACTU,168,0,168,1,168,MFG Floor,168
18329,7144L-35,C0603C104J4RACTU,165,0,165,1,165,MFG Floor,165
17218,7143L-11,GRM188R71H102KA01D,165,0,165,1,165,MFG Floor,165
19514,7331M-16,MH2029-300Y,165,0,165,1,165,MFG Floor,165
4409,6590-39,MIC2954-03WSTR,165,0,165,1,165,MFG Floor,165
6178,8002M-124,RC0603FR-071K43L,246,82,164,2,164,1503001,0
38193,8579-5,C322C104K1R5TA,164,0,164,2,164,MFG Floor,82
22740,8080L-1-370,SMAJ5.0CA,160,0,160,1,160,1504012,0
20999,8311M-3-85,MMBF170,160,0,160,1,160,MFG Floor,160
6057,8080L-395,CRCW0603220RFKEA,160,0,160,1,160,MFG Floor,160
12191,8141M-250,CRCW06032K00FKEA,160,0,160,2,160,MFG Floor,80
12628,6588L-10,TMK212BJ105KG-T,160,0,160,2,160,MFG Floor,80
38578,6779ML-20,TAP226K020SCS,160,0,160,1,270,1501502,0
20493,8311M-3-150,LM3409HVMY/NOPB,160,0,160,1,160,MFG Floor,160
17965,8037-70,ERJ-3EKF1243V,160,0,160,1,160,MFG Floor,160
17302,8245L-220,CRGCQ0402F15K,320,160,160,1,160,MFG Floor,160
3108,7694L-5,EEE-FK1E220R,160,0,160,1,160,MFG Floor,160
20993,8311M-3-55,MMSZ5256B-7-F,160,0,160,1,160,MFG Floor,160
15165,8266L-120,RMCF0402FT10K0,160,0,160,2,160,MFG Floor,80
153,6252-5,C0805C104K5RACTU,160,0,160,1,160,MFG Floor,160
33030,7946l-280,"74HC4052D,653",320,160,160,1,160,1502303,0
9240,8098-1-235,1N4742A-TAP,3516,3357,159,1,159,MFG Floor,159
26424,8439l-190,CRCW120680R6FKEA,471,314,157,1,157,1301507,0
21005,8311M-3-40,MDB6S,157,0,157,1,157,MFG Floor,157
21674,8328-200,RC0603FR-0730K1L,157,0,157,1,157,MFG Floor,157
19104,8349M-390,RMCF0603FT54K9,155,0,155,1,155,MFG Floor,155
11899,7996-10,CL21A226MAQNNNE,155,0,155,1,155,MFG Floor,0
21695,7943-28,RC0603FR-072KL,155,0,155,1,155,MFG Floor,0
8118,8317-35,GRM21BR71C225KA12K,155,0,155,1,155,MFG Floor,155
397,6189-53,ERJ-14YJ202U,154,0,154,1,154,MFG Floor,154
6205,8507l-170,RC0603FR-0771K5L,304,152,152,1,152,1503001,0
21697,8328-235,ESR03EZPJ272,304,152,152,1,152,1603001,0
2825,8488l-15,C0805C180J5GACTU,228,76,152,2,152,1403014,0
41501,8725L-2,54104,150,0,150,1,150,MFG Floor,150
35344,8500-365,D1213A-02SOL-7,150,0,150,3,450,MFG Floor,150
2303,6588-17,APHCM2012CGCK-F01,150,0,150,1,150,MFG Floor,150
19497,8258L-65,BLM15PX221SN1D,150,0,150,1,150,MFG Floor,150
8302,7686-8,CC1206KKX7R9BB474,150,0,150,1,150,MFG Floor,150
7448,8317-285,ERJ-6ENF51R1V,150,0,150,1,150,MFG Floor,150
305,6138L-14,ERJ-6ENF4751V,150,0,150,1,150,MFG Floor,150
13593,6588-9,T491C106K020AT,150,0,150,1,150,MFG Floor,150
1280,6189-46,ERJ-14NF13R0U,150,0,150,1,150,MFG Floor,150
6014,7915-17,C0805C104K5RAC7800,150,0,150,1,150,MFG Floor,150
20997,8311M-3-45,SMBJ54A-13-F,150,0,150,1,150,MFG Floor,150
33422,8500-190,"PMBT3906,235",150,0,150,1,180,MFG Floor,180
37996,7801L-F-18,92146A530,150,0,150,1,150,MFG Floor,150
10675,7453-11,382811-8,150,0,150,1,150,MFG Floor,150
19159,7038-10,ERJ-3EKF3300V,300,150,150,1,150,1605012,0
2089,7910-5,12065C475KAT2A,150,0,150,1,150,MFG Floor,150
25988,8748l-150,RC0402FR-0710KL,150,0,150,1,150,MFG Floor,150
12906,7944-11,SML-LX0603GW-TR,150,0,150,1,150,MFG Floor,150
26211,8173-1-55,ERJ-P06J100V,150,0,150,1,150,MFG Floor,150
22731,8080L-1-447,GRM188R61H224KAC4D,150,0,150,1,150,MFG Floor,150
13631,6588-23,APT2012SRCPRV,150,0,150,1,150,MFG Floor,150
2514,8258L-30,GRM155R71C224KA12D,150,0,150,1,150,MFG Floor,150
4387,5189-141,MMBT3904-7-F,150,0,150,1,150,1506201,0
30315,8778L-10,CC0402KRX7R7BB104,150,0,150,1,670,MFG Floor,670
2128,6753L-5,T491D106K035AT,150,0,150,1,150,MFG Floor,150
30789,7254R-5,CRCW08051K00FKEA,150,0,150,1,150,MFG Floor,150
19332,8258L-125,CRGCQ0402J4K7,150,0,150,1,150,MFG Floor,150
36429,7946l-290,TPS54283PWPR,149,0,149,1,149,MFG Floor,150
27605,8691L-2,C0805C105K4RACTU,149,0,149,1,149,MFG Floor,149
19074,8399M-75,T491D157K016AT,145,0,145,1,145,MFG Floor,145
38678,7801L-F-17,91772A106,214,70,144,1,144,MFG Floor,144
4263,6225-10,VNH3SP30TR-E,143,0,143,1,143,MFG Floor,143
2391,6802-55,AA2810AZGS/G,140,0,140,1,140,MFG Floor,140
15553,5684L-2,RNMF14FTC10K0,140,0,140,1,140,MFG Floor,140
16551,7946L-235,RCT-0C,140,0,140,1,140,MFG Floor,140
11459,8037-115,RL1220S-R10-F,140,0,140,1,140,MFG Floor,140
41734,8603-10,185104J63RAA-F,140,0,140,2,140,MFG Floor,70
500,8483-50,CRCW080510K0FKEA,137,0,137,1,137,MFG Floor,137
13536,8314-35,EMZA250ADA471MJA0G,137,0,137,1,137,MFG Floor,137
5345,7143L-36,ERJ-3EKF1002V,136,0,136,1,136,MFG Floor,136
12993,8159-5,CGA5L1X7R1H106K160AC,135,0,135,1,135,MFG Floor,135
5698,7584-47,ESR03EZPF1002,135,0,135,2,270,MFG Floor,135
13062,ACI-4595,MM5829-2700RJ4,270,135,135,1,135,1406802,0
13423,8167M-350,VC121048H101DP,135,0,135,1,135,MFG Floor,135
10429,8317-310,MMBT2222ALT1HTSA1,134,0,134,1,134,2203102,0
4192,7907L-9,CPF0603F200KC1,134,0,134,1,134,MFG Floor,134
24206,6590L-2,T495X336K035ATE250,132,0,132,1,132,MFG Floor,132
15213,8352-85,MJD127G,132,0,132,1,132,MFG Floor,132
4412,7907L-17,RT0603DRD07470RL,132,0,132,1,132,MFG Floor,132
17929,6163L-11,HR2220V801R-10,130,0,130,1,130,MFG Floor,130
6378,6753-3,TMK212BJ475KG-T,130,0,130,1,130,MFG Floor,130
4234,8413L-165,BLM21PG221SN1D,130,0,130,1,130,MFG Floor,130
31855,7754l-60,C1206C474K5RACTU,130,0,130,1,130,MFG Floor,130
4172,4553-225,CPF0603F1K0C1,135,5,130,1,130,MFG Floor,130
390,8756L-230,ERJ-2RKF1001X,130,0,130,1,130,MFG Floor,130
19094,8399M-15,CGA3E2X7R1E104K080AA,130,0,130,1,130,MFG Floor,130
4320,6590-57,744227,130,0,130,1,130,MFG Floor,130
2390,6189-49,9C12063A2003JLHFT,130,0,130,1,130,MFG Floor,130
12954,8173-1-20,C2012X7R1H334K125AA,130,0,130,1,130,MFG Floor,130
40138,6858L-4,MF1/4DCT52R1301F,130,0,130,1,130,MFG Floor,0
6161,6753-72,RC0805FR-0710KL,130,0,130,1,130,MFG Floor,130
19513,8258L-35,CL10A475KP8NNNC,130,0,130,1,130,MFG Floor,130
10941,8083-1-65,RG2012P-1023-B-T5,130,0,130,1,130,MFG Floor,130
10753,7686-3,ADS7846IRGVT,130,0,130,1,130,1301504,0
19392,7750-70,UWT1V101MCL1GS,130,0,130,1,130,MFG Floor,130
40192,7946L-230,300SP1J1BLKM7QE,129,0,129,1,129,MFG Floor,129
8259,6970-G1-22,LR645N8-G,129,0,129,1,129,MFG Floor,129
4153,6224L-2,ASMT-MT00-00001,129,0,129,1,129,MFG Floor,129
506,8178M-220,RMCF0805FT10K0,128,0,128,1,128,MFG Floor,128
3486,8210L-35,STPS2L60A,128,0,128,2,128,MFG Floor,64
11737,7682-30,MJD127G,126,0,126,1,126,MFG Floor,126
14632,8159-5,GRT31CR61H106KE01L,125,0,125,1,125,MFG Floor,125
10568,6705-7,929647-09-02-EU,125,0,125,1,125,MFG Floor,125
4605,6980-29,SKRKAEE010,125,0,125,1,125,MFG Floor,125
14398,ACI-4604,LM2676SDX-5.0/NOPB,250,125,125,1,125,1602204,0
6941,8766L-30,2N7002LT1G,125,0,125,1,125,MFG Floor,125
21804,7686-40,ERJ-8GEY0R00V,125,0,125,1,125,MFG Floor,125
2511,7584-51,ERJ-2GEJ472X,125,0,125,1,125,MFG Floor,125
22627,8460L-120,STM32F446RET6,124,0,124,1,124,MFG Floor,124
14362,6588-9,T491C106K020AT,124,0,124,1,124,MFG Floor,124
6599,8080L-335,ERJ-3EKF4871V,123,0,123,1,123,MFG Floor,123
16579,6252-16,SMBJ30CA,120,0,120,1,120,MFG Floor,120
20501,8311M-3-85,MMBF170,120,0,120,1,120,MFG Floor,120
13549,8167M-120,B1100-13-F,120,0,120,1,120,MFG Floor,120
7559,8582ML-45,C0603C103K5RACTU,120,0,120,1,120,MFG Floor,120
23166,8080L-1-55,GRM21BR61E106KA73L,120,0,120,1,120,MFG Floor,120
1442,7307-5,08055C221KAT2A,120,0,120,1,120,MFG Floor,120
34330,8594l-1110,RMCF1206FG100R,120,0,120,2,120,MFG Floor,60
43350,8731L-25,RA717,120,0,120,1,120,MFG Floor,120
38577,6779ML-54,ZTX951,120,0,120,1,120,1501504,0
15569,8258L-130,RMCF0402FT47K0,240,120,120,1,120,MFG Floor,120
16973,8260L-10,CL05B104KP5NNNC,120,0,120,1,120,MFG Floor,120
19715,8098-100,MF1/4DCT52R1002F,120,0,120,1,120,MFG Floor,120
15909,8288-10,ERJ-P6WF2201V,120,0,120,1,120,MFG Floor,120
30906,8525ML-1-40,C3225X7S1H106K250AB,120,0,120,1,120,MFG Floor,120
23262,7331-9,MF-MSMF050-2,240,120,120,1,120,1403012,0
11120,8277-45,CRCW12061K00FKEA,120,0,120,1,120,MFG Floor,120
4861,6590-36,TPS73618DBVT,120,0,120,1,120,MFG Floor,120
2276,6588-20,SS14-E3/61T,120,0,120,1,120,MFG Floor,120
41447,8741L-80,39-28-1023,120,0,120,1,120,MFG Floor,120
8421,6654L-5,CRCW06034K70FKEA,120,0,120,1,120,MFG Floor,120
14483,8218L-45,"PZU5.1B3A,115",120,0,120,1,120,MFG Floor,120
4268,7254T-4,CRCW0805200KFKEA,120,0,120,1,120,MFG Floor,120
11717,8252M-3-85,S1M,120,0,120,1,120,MFG Floor,120
12940,8080L-1-65,SMBJ7.0A,120,0,120,1,120,MFG Floor,120
31895,7141L-20,0460005.UR,118,0,118,1,118,MFG Floor,118
36888,7703ML-3-56,TSW-102-07-L-S,115,0,115,1,115,MFG Floor,115
34561,7249-18,0ZCJ0035AF2E,115,0,115,1,115,MFG Floor,115
14536,8218L-55,TCM0J106M8R,115,0,115,1,115,MFG Floor,115
19292,8080L-1-250,TPD2E007DCKR,115,0,115,1,115,MFG Floor,115
37162,7394-15,MF1/4DCT52R3300F,115,0,115,1,115,MFG Floor,115
20114,8169M-175,"PESD3V3U1UT,215",115,0,115,1,115,1603001,0
22897,6590L-1,T491C106K020AT,115,0,115,1,115,MFG Floor,115
27533,7946l-175,ERJ-6ENF1623V,115,0,115,2,230,1502203,0
44288,8796L-15,39-00-0039,114,0,114,1,114,MFG Floor,114
20157,8080L-1-315,ABS07-32.768KHZ-T,114,0,114,1,114,MFG Floor,114
21983,7331-19,SMTRA-440-9-6ET,114,0,114,1,114,MFG Floor,114
2000,8582ML-565,ERT-J1VR103J,113,0,113,1,113,MFG Floor,113
4185,6590-43,AMIS42665TJAA1RG,112,0,112,1,112,MFG Floor,112
26479,8439l-165,RC0402FR-0710KP,224,112,112,1,112,1301507,0
7086,7144L-30,ERJ-3EKF1002V,111,0,111,1,111,MFG Floor,111
42009,8731L-25,RA717,111,0,111,1,111,MFG Floor,111
8466,6654L-30,ZLLS400TA,110,0,110,1,110,MFG Floor,110
41088,8603-40,1N4148,110,0,110,2,110,MFG Floor,55
18891,8256L-20,CL05B104KP5NNNC,110,0,110,1,110,MFG Floor,110
19043,6590L-2,T495X336K035ATE250,110,0,110,1,110,MFG Floor,110
2642,8176-105,ERJ-6GEYJ103V,110,0,110,1,110,MFG Floor,110
12523,6590L-33,BZX84C2V7LT1G,110,0,110,1,110,MFG Floor,110
4411,6588-15,SSA24-E3/61T,110,0,110,1,110,MFG Floor,110
25808,8766L-30,2N7002LT1G,110,0,110,1,110,MFG Floor,110
24369,8080L-1-300,STM32F207IGT6,109,0,109,1,109,MFG Floor,109
7126,8262-55,1N4148WS,109,0,109,1,109,MFG Floor,109
24282,6590L-39,MIC2954-03WSTR,107,0,107,1,107,MFG Floor,107
6713,7907LB-25,LTC3105EMS#PBF,107,0,107,1,107,MFG Floor,107
16554,8311M-3-75,ZXMP10A18KTC,107,0,107,1,107,MFG Floor,107
33056,7686-62,SN74LVCH16T245DGGR,106,0,106,1,106,MFG Floor,106
1916,7221L-2,C1206C106J8RACTU,105,0,105,1,105,MFG Floor,105
5494,6590-2,T495X336K035ATE250,105,0,105,1,105,MFG Floor,105
1986,7993M-75,2N7002,105,0,105,1,105,MFG Floor,105
18338,7143L-8,LMK212BJ106KG-T,105,0,105,1,105,MFG Floor,105
5814,8507l-60,ES1J,105,0,105,1,105,MFG Floor,105
19186,7249-3,GRM31CR71H225KA88L,105,0,105,1,105,MFG Floor,105
16195,8148l-110,ERJ-2RKF1003X,210,105,105,1,105,1301204,0
15356,7944-12,BAT54LT1G,105,0,105,1,105,MFG Floor,105
22166,8169M-175,"PESD3V3U1UT,215",105,0,105,1,105,MFG Floor,0
22831,6163L-11,HR2220V801R-10,105,0,105,1,105,MFG Floor,105
15287,8245L-230,CRGCQ0402F15K,210,105,105,1,105,MFG Floor,105
14513,8218L-50,TCJB106M035R0200,105,0,105,1,105,MFG Floor,105
35520,7249-16,02540101Z,105,0,105,1,105,MFG Floor,105
12153,8138M-35,C5750X7R2A475M,103,0,103,1,103,MFG Floor,103
3299,7686-33,93AA46A-I/ST,103,0,103,1,103,MFG Floor,103
26274,8439l-45,C0402C181K5GAC7867,204,102,102,1,102,1503002,0
9284,7726-43,MFR-25FRF52-1M,100,0,100,1,100,MFG Floor,100
10764,4187-14,A202204,100,0,100,1,100,MFG Floor,100
15878,8245L-295,RMCF0402ZT0R00,100,0,100,1,100,MFG Floor,100
12398,8349M-255,CRCW0603100KFKEA,100,0,100,1,100,MFG Floor,100
37569,7946L-90,MF-LSMF300/24X-2,100,0,100,1,100,1502201,0
14211,8037-155,EEE-1AA101WR,100,0,100,1,100,MFG Floor,100
4270,7307-5,08055C221KAT2A,100,0,100,1,100,MFG Floor,100
5927,6252-26,MPZ1608S221A,100,0,100,1,100,MFG Floor,100
4266,7254T-1,TPSA106K006R1500,100,0,100,1,100,MFG Floor,100
11206,8154-25,CC0603KRX7R7BB104,100,0,100,1,100,MFG Floor,100
4910,7944-36,ERJ-3EKF1002V,100,0,100,1,100,MFG Floor,100
16637,8594l-1190,RMCF0402FT10K0,100,0,100,2,200,MFG Floor,100
37215,8608ML-20,CRCW060310R0JNEA,100,0,100,1,100,2201402,100
37418,8119L-10,UMK107B7104KA-T,100,0,100,1,100,MFG Floor,100
28036,7144l-155,FBMH1608HM601-T,100,0,100,1,100,MFG Floor,100
12537,ACI-7002,CF12JT3K30,200,100,100,1,100,MFG Floor,0
863,6590L-A-13,RC0805FR-074K7L,100,0,100,1,100,MFG Floor,100
23869,8037-175,EEE-1AA101WR,100,0,100,1,100,MFG Floor,100
44376,8740L-10,RBC14-14,100,0,100,1,100,MFG Floor,0
43856,ACI-10437,MVS-1310-(3.50),200,100,100,1,100,2105403,0
1888,8766L-30,2N7002,100,0,100,1,100,MFG Floor,100
3093,8035-8,BSS138,100,0,100,1,100,MFG Floor,100
19494,6519l-2-13,ICL7660SCBAZ-T,100,0,100,1,100,MFG Floor,100
26429,8439l-40,C0402C100K5GACTU,200,100,100,1,100,1301507,0
11662,7144L-30,ERJ-3EKF1002V,100,0,100,1,100,MFG Floor,100
15368,8594l-180,SMAJ58A-13-F,100,0,100,3,150,1502801,0
20353,8135L-100,RMCF0603FT200R,100,0,100,1,100,MFG Floor,100
20397,6753L-35,1N4148WS-E3-08,100,0,100,1,100,MFG Floor,100
25353,8747L-65,RC0603FR-071KL,100,0,100,1,100,MFG Floor,100
31526,6519l-2-11,SMAZ6V2-13F,100,0,100,1,100,MFG Floor,100
3026,6970-G1-13,FCX558TA,100,0,100,1,100,MFG Floor,100
1783,6970-G1-5,C1206C105K3RACTU,100,0,100,1,100,MFG Floor,100
16013,8311M-3-85,MMBF170,100,0,100,1,100,MFG Floor,100
30568,7143L-9,GRM31CR61E106MA12L,100,0,100,1,100,MFG Floor,100
17207,7143L-8,LMK212BJ106KG-T,100,0,100,1,100,MFG Floor,100
1975,8161-60,BAT1000-7-F,100,0,100,1,100,MFG Floor,100
43427,6779ML-104,273-2.7K-RC,200,100,100,1,100,1501601,0
9019,6008-1,UF4004,100,0,100,1,100,MFG Floor,100
40241,8003-2,185104J63RAA-F,100,0,100,1,100,MFG Floor,100
23173,8080L-1-20,C0603C101J5GACTU,100,0,100,1,100,MFG Floor,100
16485,8037-190,MBR0530,100,0,100,1,100,MFG Floor,100
29513,7144l-115,ERJ-3EKF1003V,100,0,100,1,100,MFG Floor,100
17813,8245L-190,BSS138W-TP,200,100,100,1,100,MFG Floor,100
42353,8746L-10,P10-10R-D,100,0,100,2,100,MFG Floor,50
33050,7584-40,245602670001829H+,100,0,100,1,100,MFG Floor,100
2267,6590L-A-9,C0805C473K5RACTU,100,0,100,1,100,MFG Floor,100
3452,8582ML-80,UMK107AB7105KA-T,100,0,100,1,100,MFG Floor,100
8998,8080L-150,6A05-T,100,0,100,1,100,MFG Floor,100
16538,8245L-10,CL05B103KA5NNNC,200,100,100,1,100,MFG Floor,100
794,6948l-4,ERJ-6GEYJ104V,100,0,100,1,100,MFG Floor,100
19089,8349M-410,ERJ-3EKF7501V,100,0,100,1,100,MFG Floor,100
24484,6948L-17,FM4001,100,0,100,1,100,MFG Floor,100
13669,8311M-3-100,ERJ-3EKF5621V,100,0,100,1,100,MFG Floor,100
16672,6802-10,C1608X7R1H104K080AE,100,0,100,1,100,MFG Floor,100
7006,7124-3,C0603C103J5RACTU,100,0,100,1,100,MFG Floor,100
40776,5684L-3,1N4003-T,100,0,100,1,100,MFG Floor,100
27001,6519L-2-11,SMAZ6V2-13F,100,0,100,1,100,MFG Floor,0
1761,8488l-410,RCWCTE,200,100,100,1,100,1403002,0
4957,8025-63,RC0805FR-0730K1L,1000,900,100,1,100,MFG Floor,100
20998,6753L-3,TMK212BJ475KG-T,100,0,100,1,100,MFG Floor,100
8954,6971ML-1,MF1/4DCT52R2702F,100,0,100,1,100,MFG Floor,100
2328,6588-18,APT2012SRCPRV,100,0,100,1,100,MFG Floor,100
6606,6457-7,DS8921M/NOPB,100,0,100,1,100,MFG Floor,100
37721,7946l-65,C0603C470J5GACTU,99,0,99,1,100,1502101,0
4120,8100L-105,ERJ-3EKF4992V,98,0,98,1,98,MFG Floor,98
39238,7801L-F-27,92141A008,98,0,98,1,98,MFG Floor,98
15851,8210L-160,693063020911,98,0,98,1,98,MFG Floor,98
4445,6590-57,744227,97,0,97,1,97,MFG Floor,97
8190,7603-27,XF2M-6015-1AH,97,0,97,1,97,MFG Floor,97
4262,6590-54,ECS-160-20-5P-TR,97,0,97,1,97,MFG Floor,97
8001,7907LB-11,1-292230-2,96,0,96,1,96,MFG Floor,96
4189,6588-16,APT2012SYCK,96,0,96,1,96,MFG Floor,96
15967,8461L-55,C0603C104K5RACTU,400,305,95,1,95,MFG Floor,95
3742,7793L-104,MNR04MRAPJ330,95,0,95,1,95,MFG Floor,95
23599,7754L-75,UWT1V101MCL1GS,95,0,95,1,95,MFG Floor,95
9501,5477-22,CMF554K7500FHEB,95,0,95,1,95,2203303,0
6261,8038-115,RC0603FR-0751KL,95,0,95,1,95,MFG Floor,95
24349,7183L-8,AS5040-ASST,95,0,95,1,95,MFG Floor,95
19935,7331M-22,10118194-0001LF,95,0,95,1,95,MFG Floor,95
10763,4187-15,A202210,95,0,95,1,95,MFG Floor,95
40053,8771L-10,1658621-4,95,0,95,1,95,MFG Floor,95
26444,7747-15,150141YS73100,95,0,95,1,95,MFG Floor,95
42156,8779L-5,1586315-1,94,0,94,1,94,MFG Floor,94
33041,7584-101,USB2514B-AEZC,94,0,94,1,94,MFG Floor,94
15564,8245L-340,ERJ-2GEJ133X,94,0,94,1,94,MFG Floor,94
7246,8142M-210,CRCW040280K6FKED,93,0,93,1,93,MFG Floor,93
41341,8128L-5,A-HDF44PP/Z,92,0,92,1,92,MFG Floor,92
3142,7694L-7,PDS560-13,92,0,92,1,92,MFG Floor,92
2756,7958-11,RC0603FR-071KL,92,0,92,1,92,MFG Floor,92
6208,7944-7,EEE-FK1V331GP,92,0,92,1,92,MFG Floor,92
5760,8080L-435,CRCW06031K50FKEA,92,0,92,1,92,MFG Floor,92
1992,7848-33,2N7002TA,91,0,91,1,91,MFG Floor,91
6917,8095-20,C0805C104K5RACTU,91,0,91,1,91,MFG Floor,91
37566,7946L-80,ES3D,91,0,91,1,91,1502101,0
11822,8146-7,GRM31CR61E226KE15L,90,0,90,1,90,MFG Floor,90
13467,8167M-185,LTST-C193TBKT-5A,180,90,90,1,90,1503008,0
11575,8314-260,CRCW040222K0FKED,90,0,90,1,90,MFG Floor,90
20300,8037-140,PE2512FKE070R1L,90,0,90,1,90,MFG Floor,90
20226,6753L-29,SRV05-4HTG,90,0,90,1,90,MFG Floor,90
4860,6753L-42,1210L020WR,90,0,90,1,90,MFG Floor,90
4905,6588-66,ILD206T,90,0,90,1,90,MFG Floor,90
37383,7355-40,1N4148,90,0,90,1,90,MFG Floor,90
33233,7944L-1-65,CL10C330JB8NNNC,90,0,90,1,90,1403007,90
22763,8080L-1-143,S3B-XH-SM4-TBLFSN,90,0,90,1,90,MFG Floor,90
28346,7944L-1-165,NDS7002A,90,0,90,1,90,MFG Floor,90
15619,8245L-85,CGA2B2C0G1H101J050BA,180,90,90,1,90,MFG Floor,90
15594,7584-53,CRGCQ0402J2K2,90,0,90,1,90,MFG Floor,90
25653,6948L-10,08055C104KAT2A,90,0,90,1,90,MFG Floor,90
3595,7249-28,ACM9070-701-2PL-TL01,90,0,90,1,90,MFG Floor,90
33445,8500-415,LTC2400CS8#PBF,90,0,90,1,90,MFG Floor,90
38191,6779ML-22,TAP105K035SCS,90,0,90,1,140,1501502,0
37844,8003-14,MFR-25FBF52-10K,90,0,90,1,90,MFG Floor,90
38829,7946L-115,292304-1,90,0,90,1,90,1502202,0
16457,8037-115,APD3224SGC-F01,90,0,90,1,90,MFG Floor,90
6604,6458-11,CP2102-GM,90,0,90,1,90,MFG Floor,90
37936,1557-1-3,C317C104M5U5TA7301,90,0,90,1,90,MFG Floor,90
7200,6753-11,T491C106K020AT,89,0,89,1,89,MFG Floor,89
6102,8258L-180,ERJ-2GE0R00X,89,0,89,1,89,MFG Floor,89
17574,6519L-2-6,UWX1V100MCL1GB,89,0,89,1,89,MFG Floor,89
17299,7595-60,CG0603MLU-05E,88,0,88,1,88,MFG Floor,88
32091,8520l-155,2199230-4,87,0,87,1,87,MFG Floor,87
16673,8223L-35,BLM18KG601SN1D,87,0,87,1,87,MFG Floor,87
17687,8245L-255,RMCF0402FT221K,174,87,87,1,87,MFG Floor,87
12223,8314-240,CSRN2010FKR300,86,0,86,1,86,1301407,86
38020,7396-315,91772A110,170,85,85,1,85,2204102,0
4900,8183L-205,CRCW040247K0FKED,85,0,85,1,85,MFG Floor,85
7219,8210-35,UWT1A102MNL1GS,85,0,85,1,85,MFG Floor,85
37610,7396-390,RNF14FTD1M00,85,0,85,1,85,MFG Floor,85
8013,8112-450,RNCP1206FTD10R0,85,0,85,1,85,MFG Floor,85
20151,7144l-115,ERJ-3EKF1003V,85,0,85,1,85,MFG Floor,85
39565,8736l-10,P10-10R-D,300,215,85,1,85,MFG Floor,85
38825,7946l-290,TPS54283PWPR,170,85,85,1,85,1502302,0
41859,6779ML-25,S682M43Z5UN63L0R,85,0,85,1,85,MFG Floor,85
11306,ACI-4514,RMCF0805FT4K99,170,85,85,1,85,1503001,0
2913,8055-10,UMK105BJ224KV-F,85,0,85,1,85,1403014,0
11302,ACI-4515,RMCF0805FT249K,170,85,85,1,85,1406702,0
12585,6463-125,ERJ-3EKF1002V,85,0,85,1,85,MFG Floor,85
19637,6753L-4,CGJ4J2X7R1H334K125AA,85,0,85,1,85,MFG Floor,85
8201,7762-4,ERJ-P08F2700V,85,0,85,1,85,MFG Floor,85
17520,7694L-1,C0603C104J5RACTU,85,0,85,1,85,MFG Floor,85
18741,8173-1-20,08055C334K4Z2A,84,0,84,1,84,1403011,84
36964,6779ML-7,TAP105K025SRW,84,0,84,1,84,MFG Floor,84
3588,6901-27,CRCW120610K0FKEA,84,0,84,1,90,MFG Floor,90
38148,7394-155,CD4068BE,83,0,83,1,83,MFG Floor,83
4134,7747-10,150141VS73100,83,0,83,1,83,MFG Floor,83
26443,7747-10,150141VS73100,82,0,82,1,82,MFG Floor,82
2591,7839L-92,5016,82,0,82,1,82,MFG Floor,82
39845,8730l-10,1658621-4,82,0,82,1,82,MFG Floor,82
4564,6252-65,ADM803TAKSZ-REEL7,82,0,82,1,82,MFG Floor,82
15288,8245L-240,CRGCQ0402J1M0,82,0,82,1,82,MFG Floor,82
3586,8002m-40,CM1214A-01SO,80,0,80,2,80,1401106,0
12535,ACI-7000,CF1/4C162J,160,80,80,1,80,2104501,0
13396,8080L-1-250,TPD2E007DCKR,80,0,80,1,80,MFG Floor,80
17588,ACI-10439,CHP2512-JW-103ELF,80,0,80,1,84,1604003,0
11701,8123M-35,12061C104KAT2A,80,0,80,1,80,MFG Floor,80
3383,8778L-55,BLM18AG601SN1D,80,0,80,1,80,MFG Floor,80
13897,8488l-200,BSS138,160,80,80,1,80,1603004,0
29153,8766L-5,08055C104KAT2A,120,40,80,2,80,2102402,0
6784,8112-465,CRCW040210K0FKED,80,0,80,1,80,MFG Floor,80
28257,8384L-105,C0603C470J5RAC7867,80,0,80,1,80,1603006,80
2415,6209-92,ERJ-8GEYJ562V,80,0,80,1,80,MFG Floor,80
6192,8037-110,RC0603FR-0734K8L,80,0,80,1,80,MFG Floor,80
8258,6970-G1-13,FCX558TA,80,0,80,1,80,MFG Floor,80
18330,7915-12,ERJ-3EKF1002V,80,0,80,1,80,MFG Floor,80
16574,6753L-84,LP2980IM5-ADJ/NOPB,80,0,80,1,80,MFG Floor,80
33456,8500-470,SM95-3251AH-60.000MHZ,130,50,80,1,80,1506403,0
19109,8242M-395,RC0603FR-073K3L,160,80,80,1,80,1504002,0
6182,8002M-135,RC0603FR-073K32L,160,80,80,1,80,MFG Floor,0
2636,6590-2,T495X336K035ATE250,80,0,80,1,80,MFG Floor,80
31395,8582ML-365,2N7002-7-F,80,0,80,1,80,MFG Floor,80
4556,6588-48,ERJ-6GEY0R00V,80,0,80,1,80,MFG Floor,80
4669,8766L-30,2N7002-7-F,80,0,80,1,80,MFG Floor,80
2979,6970-G1-7,S5MC-13-F,80,0,80,1,80,MFG Floor,80
23155,8080L-1-25,GCM188R71H683KA57D,80,0,80,1,80,MFG Floor,80
30738,8119L-10,06033C104KAT2A,80,0,80,1,80,MFG Floor,80
37107,8803L-10,39-01-2025,160,80,80,1,80,2204103,0
36431,7946L-240,TPD2E001DZDR,160,80,80,1,80,1502301,0
8752,8098-1-120,MF1/4DCT52R4701F,80,0,80,1,80,MFG Floor,80
22935,6753L-3,TMK212BJ475KG-T,80,0,80,1,80,MFG Floor,80
36424,7946L-30,C1206C475K5PACTU,80,0,80,1,80,1502101,0
21420,7688-11,C0805C106M4PACTU,80,0,80,1,80,MFG Floor,80
7641,8112-155,"TBAT54S,LM",80,0,80,1,80,MFG Floor,80
35853,8515LF-250,MMBTA06LT1G,80,0,80,1,80,MFG Floor,80
14559,8256L-25,GRM155R61A225KE95D,80,0,80,1,80,MFG Floor,80
3466,7860-23,SML-LX23YC-TR,80,0,80,1,80,MFG Floor,80
11838,8447L-180,ERJ-6ENF4021V,80,0,80,1,80,MFG Floor,0
23153,8080L-1-10,C0603C332K5RACTU,80,0,80,1,80,MFG Floor,80
36154,8500-30,GRM32ER71A476KE15L,80,0,80,1,80,MFG Floor,80
7807,8141M-255,ERJ-3EKF4701V,79,0,79,1,79,MFG Floor,79
40055,8771L-15,499252-2,79,0,79,1,79,MFG Floor,79
14593,8037-120,0ZCG0260AF2B,78,0,78,1,78,MFG Floor,78
3134,7584-15,C0805C104K5RACTU,78,0,78,1,78,MFG Floor,78
7652,7207M-1-1,M95256-WMN6TP,77,0,77,1,77,MFG Floor,77
26469,8439l-85,C0603C225K8RACTU,77,0,77,1,77,MFG Floor,77
16950,8249L-20,CL10A475KP8NNNC,77,0,77,1,77,MFG Floor,77
11596,8582ML-465,CRCW040210K0FKED,77,0,77,1,77,MFG Floor,77
13684,8532l-195,ERJ-3EKF4701V,75,0,75,1,75,MFG Floor,75
3997,7957ML-24,ERJ-1GNF1000C,75,0,75,1,75,MFG Floor,75
6276,7144L-16,1206L075THYR,75,0,75,1,75,MFG Floor,75
33098,6519L-1,CFAH2002A-NGG-JT,75,0,75,1,75,MFG Floor,75
30182,7946L-80,ES3D,150,75,75,1,75,1502101,0
37709,7946L-260,MIC2026-1YM,150,75,75,1,75,1502301,0
17259,8311M-4-5,XPEBRD-L1-0000-00901,75,0,75,1,75,MFG Floor,75
7674,7603-22,IRLML6302TRPBF,75,0,75,1,75,MFG Floor,75
9628,4187-16,3101.0045,75,0,75,1,75,MFG Floor,75
27973,8515l-1-160,SM4002PL-TP,75,0,75,1,75,MFG Floor,75
22979,8440l-70,CRCW080510K0FKEA,150,75,75,1,75,1605002,0
7685,6796-65,MMSZ15T1G,75,0,75,1,75,MFG Floor,75
9629,4187-16,3101.0045,75,0,75,1,75,MFG Floor,75
34338,8764L-435,RC1210FR-0720KL,75,0,75,1,75,MFG Floor,75
27947,7758-218,ESR18EZPJ222,75,0,75,1,75,MFG Floor,0
26421,8439l-60,C0402C821K5GAC7867,148,74,74,1,74,1503002,0
32957,6758-40,SML-LX23IC-TR,74,0,74,1,74,MFG Floor,74
26425,8439l-80,C2012X7R1A475K125AC,148,74,74,1,74,1301507,0
6097,8258L-115,RC0402FR-07100KL,74,0,74,1,74,MFG Floor,74
12634,6588-19,BZX84C2V7LT1G,74,0,74,1,74,MFG Floor,74
6176,7880-1,C0603C104K5RACTU,74,0,74,1,74,MFG Floor,74
13799,8314-80,B1100-13-F,72,0,72,1,72,MFG Floor,72
1478,8091L-50,C0603C101J5GACTU,72,0,72,1,72,MFG Floor,72
3845,7993M-78,CRCW12063K01FKEA,72,0,72,1,72,MFG Floor,72
42958,7396-225,1N4148,72,0,72,1,72,MFG Floor,72
24564,8730L-10,1658621-4,95,23,72,1,72,MFG Floor,72
21748,ACI-4647,C0603C105K3RAC7411,144,72,72,1,72,1403004,0
19139,8349M-370,RNCP0805FTD499R,72,0,72,1,72,MFG Floor,72
5894,6590-43,AMIS42665TJAA1RG,72,0,72,1,72,MFG Floor,72
26404,8439l-195,RC0402FR-0749K9L,144,72,72,1,72,1503001,0
11848,8095-275,RS1G-13-F,71,0,71,1,71,MFG Floor,71
33442,8500-395,VOD3120AB-T,110,40,70,1,70,1506403,0
33455,8500-435,HCPL-2430-500E,70,0,70,1,90,MFG Floor,90
4329,6590-41,BTS4140N,70,0,70,1,70,MFG Floor,70
16770,6758-60,B140-13-F,70,0,70,1,70,MFG Floor,70
16622,8245L-25,GRM188R61A106KE69D,70,0,70,1,70,MFG Floor,70
4413,7584-54,ERJ-2RKF1001X,70,0,70,1,70,MFG Floor,70
37768,6779ML-64,MF1/4DCT52R5601F,70,0,70,1,125,1501504,0
4439,8071-19,RG2012P-102-B-T5,70,0,70,1,70,MFG Floor,70
9027,8098-1-55,1N4005-TP,2070,2000,70,1,70,1504004,0
2462,6932L-3,SML-LXT0805GW-TR,70,0,70,1,70,MFG Floor,70
32433,7944L-165,NDS7002A,70,0,70,1,70,MFG Floor,70
16505,8245L-95,CGA2B1X7R1E473K050BC,140,70,70,1,70,MFG Floor,70
12209,6163L-9,GRM21BR61E106KA73L,70,0,70,1,70,MFG Floor,70
19675,6753L-8,500R15W102KV4T,70,0,70,1,70,MFG Floor,70
37648,7946l-285,SZNUD3124LT1G,140,70,70,1,70,1502302,0
10811,8245L-30,C2012X5R1H475K125AB,70,0,70,1,70,MFG Floor,0
39677,6779ML-105,273-1.8K-RC,70,0,70,1,300,1501601,0
6563,6753-97,SA555D,70,0,70,1,70,MFG Floor,70
28341,8525ML-1-170,06036D106MAT2A,70,0,70,1,70,MFG Floor,70
43061,6779ML-81,MF1/4DCT52R6800F,70,0,70,1,119,1501601,0
13408,6588L-75,TPS73618DBVT,70,0,70,1,70,MFG Floor,70
4336,6590-42,NCP3063BDR2G,70,0,70,1,70,MFG Floor,70
23159,8080L-1-230,ERJ-3EKF1602V,70,0,70,1,70,MFG Floor,70
13399,8252M-3-75,B160-13-F,70,0,70,1,70,MFG Floor,70
9256,6779ML-103,MF1/4DCT52R1802F,70,0,70,1,192,1501601,0
12761,8532l-185,2N7002K-7,70,0,70,1,70,MFG Floor,70
40243,7146-1,ECQ-E2474KF,70,0,70,1,70,MFG Floor,70
19936,7331M-22,10118194-0001LF,70,0,70,1,70,MFG Floor,70
32698,6779ML-74,MF1/4DCT52R1002F,70,0,70,1,145,1501601,0
6150,7331-39,CG0603MLU-05E,70,0,70,1,70,MFG Floor,70
2145,6590-1,T491C106K020AT,70,0,70,1,70,MFG Floor,70
2875,8390L-150,T491B226K006AT,69,0,69,1,69,MFG Floor,69
31853,7754l-35,214-44-320-01-670800,68,0,68,1,68,MFG Floor,68
34521,7946l-60,RHA1C151MCN1GS,68,0,68,1,68,1502101,0
26420,8439l-200,CRCW120644R2FKEA,134,67,67,1,67,1503001,0
32539,8747L-40,BSS138,67,0,67,1,67,MFG Floor,67
15100,8266L-15,C0603C105K4PACTU,67,0,67,1,67,MFG Floor,67
18742,6771-2,TCJB106M035R0200,67,0,67,1,67,MFG Floor,67
7436,8112-465,CRCW040210K0FKED,67,0,67,1,67,MFG Floor,67
18273,8247-90,ERJ-P6WF2701V,67,0,67,1,67,MFG Floor,67
29128,8418l-90,CR1206-FX-3900ELF,66,0,66,1,66,MFG Floor,66
154,6753L-35,1N4148WS-E3-08,65,0,65,1,65,MFG Floor,65
38714,7946L-140,DS9098P-TRL+,65,0,65,1,65,1502301,0
6506,7307-28,IRLML2502TR,65,0,65,1,65,MFG Floor,65
17303,8245L-305,ERJ-2RKF60R4X,65,0,65,1,65,MFG Floor,65
40229,7146-8,3044-0-15-01-23-01-04-0,65,0,65,1,65,MFG Floor,65
19284,8399M-195,5015,65,0,65,1,65,MFG Floor,65
6526,8016L-4,MK01-H,65,0,65,1,65,MFG Floor,65
13293,8173-1-135,TSM103WIDT,65,0,65,1,65,MFG Floor,65
17466,7944L-1,EMK107B7104KA-T,65,0,65,1,65,MFG Floor,65
11253,7944L-180,ERJ-3GEYJ471V,65,0,65,1,65,MFG Floor,65
5600,6753-27,SSA24-E3/61T,65,0,65,1,65,MFG Floor,65
10027,5188-21,T356A105K035AT,65,0,65,1,65,MFG Floor,65
26413,8439l-70,C0402C560K5GAC7867,130,65,65,1,65,1503002,0
4302,6590-36,TPS73618DBVT,65,0,65,1,65,MFG Floor,65
10855,8314-190,MMBT3904-7-F,65,0,65,1,65,MFG Floor,65
37708,7946L-240,TPD2E001DZDR,115,50,65,1,65,1602203,0
5688,7686-35,BAS70-00-E3-08,65,0,65,1,65,MFG Floor,65
20313,8385L-10,UUD1A101MCL1GS,65,0,65,1,65,MFG Floor,65
4871,6225-2,SMBJ30CA,65,0,65,1,65,MFG Floor,65
12692,6753L-38,ESD112B102ELE6327XTMA1,65,0,65,1,65,MFG Floor,65
20303,8037-205,MBR0530,65,0,65,1,65,MFG Floor,65
26409,8439l-65,C0402C180K5GACTU,130,65,65,1,65,1503001,0
26423,8439l-55,C0402C390K5GAC7867,128,64,64,1,64,1301507,0
28118,8500-30,GRM32ER71A476KE15L,64,0,64,1,64,MFG Floor,64
26412,8439l-95,150060VS86000,124,62,62,1,62,1301507,0
5902,8532l-25,C0603C103J5RACTU,62,0,62,1,62,MFG Floor,62
19794,8294M-3-95,ERA-8AEB3322V,62,0,62,1,62,MFG Floor,62
19634,7759-3,150141YS73100,62,0,62,1,62,MFG Floor,62
13641,8314-100,B370-13-F,62,0,62,1,62,MFG Floor,62
28893,8525ML-1-40,C3225X7S1H106K250AB,62,0,62,1,62,MFG Floor,62
21000,8311M-3-155,TPS7A4101DGNR,60,0,60,1,60,MFG Floor,60
19123,8349M-305,ERJ-PB6D1201V,60,0,60,1,60,MFG Floor,60
10453,6540L-7,ECA-1JM220,60,0,60,1,60,MFG Floor,0
35893,6590L-A-35,"LPC2919FBD144/01/,",60,0,60,1,60,MFG Floor,60
23432,8169M-260,MMBT2222ALT1HTSA1,60,0,60,1,60,1603014,0
39145,8738l-20,1934890,60,0,60,1,60,MFG Floor,60
39153,8764l-135,C0603S103M5RACAUTO,60,0,60,1,60,MFG Floor,60
15677,8314-435,SN74LVC2G34DBVR,60,0,60,1,60,MFG Floor,60
18259,8317-95,US1J-13-F,60,0,60,1,60,MFG Floor,60
21003,8311M-3-150,LM3409HVMY/NOPB,60,0,60,1,60,MFG Floor,60
13910,8176-65,CM315D32768DZCT,60,0,60,1,60,MFG Floor,60
23154,8080L-1-235,CRCW06031K50FKEA,60,0,60,1,60,MFG Floor,60
36778,7946L-100,SSQ-105-01-L-D,60,0,60,2,120,1502201,0
39372,8740l-15,39-00-0039,76,16,60,1,60,MFG Floor,60
39159,8764L-105,C0402C105K4PAC7867,60,0,60,1,60,MFG Floor,60
4182,5189-81,ERJ-12ZQJR47U,60,0,60,1,60,MFG Floor,60
3870,6901-24,CRCW12061K62FKEA,60,0,60,1,60,MFG Floor,60
33440,8500-380,LTC1655CS8#TRPBF,60,0,60,1,60,MFG Floor,60
5391,7995-13,"BAS521,115",120,60,60,1,60,1503010,0
13830,8226-50,APL3015SURCK-F01,60,0,60,1,60,MFG Floor,60
27361,6463-75,SML-LX23YC-TR,180,120,60,1,60,1502303,0
33433,8500-325,AS78L05RTR-E1,60,0,60,1,90,MFG Floor,90
3517,7860-43,MMZ2012S102A,60,0,60,1,60,MFG Floor,60
34355,8594l-1090,RC0402JR-073R3L,60,0,60,2,60,MFG Floor,30
7917,6590-35,"LPC2919FBD144/01/,",60,0,60,1,60,MFG Floor,0
21976,7595-18,ABMM-16.000MHZ-B2-T,60,0,60,1,60,MFG Floor,60
23078,6588L-38,BC846BW-7-F,60,0,60,1,60,MFG Floor,60
15061,8243-1-15,APT2012LSECK/J4-PRV,60,0,60,1,60,MFG Floor,60
36725,6590l-a-33,BZX84C2V7LT1G,60,0,60,1,60,1401303,60
37726,7946L-310,SD12C.TCT,120,60,60,1,60,1502302,0
18343,7331-9,MF-MSMF050-2,60,0,60,1,60,MFG Floor,60
6683,7144L-17,MAX3221IPWR,68,9,59,1,59,MFG Floor,59
42947,8804L-5,1586315-1,59,0,59,1,59,MFG Floor,59
32958,6758-5,T494B105K035AT,59,0,59,1,59,MFG Floor,59
37046,8515LF-2015,728-15946,59,0,59,1,59,MFG Floor,59
10984,8080L-1-190,MINISMDC110F/16-2,59,0,59,1,59,MFG Floor,59
16509,8258L-190,ERJ-2RKF1210X,58,0,58,1,58,MFG Floor,58
42140,8725L-2,54104,500,442,58,1,58,MFG Floor,58
17995,8248-5,CS1G-E3/I,58,0,58,1,58,MFG Floor,58
7839,8176-45,CL21A475KBQNNNE,58,0,58,1,58,MFG Floor,58
20579,7331M-22,10118194-0001LF,57,0,57,1,57,MFG Floor,57
7896,6590-42,NCP3063BDR2G,57,0,57,1,57,MFG Floor,57
39147,8021M-40,640457-2,57,0,57,1,57,MFG Floor,0
7603,6163L-8,C0603C104K5RACTU,57,0,57,1,57,MFG Floor,57
39762,6590L-A-63,95584A201,127,70,57,1,57,MFG Floor,57
21989,7331M-38,MCP2120-I/SL,57,0,57,1,57,MFG Floor,57
11170,8138M-325,ERJ-6ENF1583V,57,0,57,1,57,MFG Floor,57
27660,8460L-130,SZNUP3105LT3G,56,0,56,1,56,MFG Floor,56
6005,6588-66,ILD206T,56,0,56,1,56,MFG Floor,56
12678,6948L-24,PS2505L-1-F3-A,56,0,56,1,56,MFG Floor,56
15994,8245L-195,BC856BWT1G,56,0,56,1,56,MFG Floor,56
16274,8266L-45,BLM18PG121SN1D,56,0,56,1,56,1504001,56
12666,6948L-17,FM4001-W,55,0,55,1,55,MFG Floor,55
37705,7946L-255,LM3704XCMM-308/NOPB,110,55,55,1,55,1502201,0
37977,7396-240,BC182A,55,0,55,1,55,MFG Floor,55
3867,6980-29,TCME687M006R0012,55,0,55,1,55,MFG Floor,55
9183,7394-70,MF1/4DCT52R4703F,1001,946,55,1,55,MFG Floor,55
14880,7331M-5,0805YC475KAT2A,55,0,55,1,55,MFG Floor,55
34376,8764l-115,C0402C220J5GACAUTO,55,0,55,1,55,MFG Floor,55
3433,7860-8,GRM31CR61E106KA12L,55,0,55,1,55,MFG Floor,55
15580,8258L-125,CRGCQ0402J4K7,55,0,55,1,55,MFG Floor,55
4392,6590-39,MIC2954-03WSTR,55,0,55,1,55,MFG Floor,55
19164,8257M-3-150,MMBF170,55,0,55,1,55,MFG Floor,55
3546,7860-61,RC0805FR-0713K3L,55,0,55,1,55,1504009,0
23563,8582ML-530,LVK12R020DER,55,0,55,1,55,MFG Floor,55
2269,6590-1,T491C106K020AT,55,0,55,1,55,MFG Floor,55
12166,8167M-70,EMZA250ADA471MJA0G,54,0,54,1,54,MFG Floor,54
17465,8437L-110,NDS7002A,52,0,52,1,52,MFG Floor,52
2568,8176-100,ERJ-6GEYJ102V,52,0,52,1,52,MFG Floor,52
4869,6588-17,"PESD1CAN,215",52,0,52,1,52,MFG Floor,52
13515,8167M-40,C5750X7R2A475M,104,52,52,1,52,1503008,0
16059,8245L-75,CL10A105KL8NNNC,52,0,52,1,52,MFG Floor,52
4495,6588-77,"LPC2919FBD144/01/,",52,0,52,1,52,MFG Floor,52
17125,8314-35,EMZA250ADA471MJA0G,52,0,52,1,52,MFG Floor,52
30075,7915-12,ERJ-3EKF1002V,52,0,52,1,52,MFG Floor,52
16707,8119L-60,BSS84,52,0,52,1,52,MFG Floor,52
7030,8525ML-1-215,MBRS340T3G,51,0,51,1,51,MFG Floor,51
39547,8740l-10,RBC14-14,51,0,51,1,51,MFG Floor,51
6793,8142M-175,CRCW04021K00FKED,50,0,50,1,50,MFG Floor,50
2655,8282L-70,ERJ-P06J330V,50,0,50,1,50,MFG Floor,50
39839,8740l-10,RBC14-14,50,0,50,1,50,MFG Floor,50
33443,8500-400,APV1122AX,50,0,50,1,90,2203303,0
34363,8594l-730,C0402C104K8RACTU,50,0,50,2,100,MFG Floor,0
19008,8515l-1-20,CL21A106KOQNNNE,50,0,50,1,50,MFG Floor,50
16791,7946L-30,C1206C475K5PACTU,120,70,50,1,50,1502101,0
4478,6588-22,APHCM2012CGCK-F01,50,0,50,1,50,MFG Floor,50
19967,7143L-7,EEE-1VA101XP,50,0,50,1,50,MFG Floor,0
42144,8733L-20,3365/20,50,0,50,1,50,MFG Floor,50
42395,8657ML-195,CL10A105KB8NNNC,50,0,50,1,90,2203403,0
17876,7331M-8,CD0603-S01575,50,0,50,1,50,MFG Floor,50
17936,7758-20,CL05B103KA5NNNC,50,0,50,1,50,MFG Floor,0
21054,7104-1,06033C104KAT4A,100,50,50,1,50,1505908,0
34356,8594l-320,ERJ-2RKF1213X,50,0,50,2,100,2201502,50
6388,8095-20,C0805C104K5RACTU,50,0,50,1,50,MFG Floor,50
16440,8037-170,SMBJP6KE16A-TP,50,0,50,1,50,MFG Floor,50
15804,8247-100,ESR10EZPJ472,50,0,50,1,50,MFG Floor,50
11846,8566ML-1220,C0603C103K5RACTU,50,0,50,1,50,MFG Floor,50
4151,6163L-11,HR2220V801R-10,50,0,50,1,50,MFG Floor,50
38010,7396-395,28B0500-100,50,0,50,1,50,MFG Floor,50
36443,7946L-305,1206USB-223MLC,120,70,50,1,50,1603004,0
11905,8197-15,BSS84DW-7-F,50,0,50,1,50,MFG Floor,50
9005,6779ML-92,MF1/4DCT52R1503F,50,0,50,1,3500,1501601,0
9085,8098-1-165,RNMF14FTC270R,2750,2700,50,1,50,MFG Floor,50
5787,7918-20,ESD9L5.0ST5G,50,0,50,1,50,MFG Floor,50
1655,8582ML-25,C0402C104K4RACTU,50,0,50,1,50,MFG Floor,50
33341,6614L-35,MAX232D,50,0,50,1,50,MFG Floor,50
44601,8736L-10,P10-10R-D,50,0,50,1,50,MFG Floor,50
33086,6707L-1,CFAH2002A-NGG-JT,50,0,50,1,50,MFG Floor,50
33005,7946L-285,LM3704XCMM-308/NOPB,50,0,50,1,50,MFG Floor,50
17010,8245L-115,BAT54CWT1G,50,0,50,1,50,1301803,0
20403,6252-36,744227,50,0,50,1,50,MFG Floor,50
14037,8080L-1-465,CRCW060347K0FKEA,50,0,50,1,50,MFG Floor,50
16684,8520L-215,RMCF0402JT100K,50,0,50,1,50,MFG Floor,50
6282,7144L-21,MAX7414EUA+,50,0,50,1,50,MFG Floor,50
19147,8349M-415,IRF8788TRPBF,50,0,50,1,50,MFG Floor,50
24015,6948L-24,PS2505L-1-F3-A,50,0,50,1,50,MFG Floor,50
17510,7944L-1-50,EEE-FK1V221P,50,0,50,1,50,MFG Floor,50
42292,8243-95,M2027SS1W01,100,50,50,1,50,MFG Floor,0
6510,7144L-24,TLV2761IDBVT,50,0,50,1,50,MFG Floor,50
12536,ACI-7001,271-54.9K-RC,100,50,50,1,50,2104501,0
9408,7726-36,RN55D2212FB14,50,0,50,1,50,MFG Floor,50
2703,8063L-45,CRCW040210M0FKED,50,0,50,1,50,MFG Floor,50
5999,C8081M-4,C1608X8R1E104K,50,0,50,1,50,MFG Floor,50
18881,8532l-10,CL10A475KP8NNNC,50,0,50,1,50,MFG Floor,50
33092,6519L-1,CFAH2002A-NGG-JT,50,0,50,1,50,MFG Floor,50
20209,6753L-48,DLW21SN900SQ2L,50,0,50,1,50,MFG Floor,50
13332,6753-11,T491C106K020AT,50,0,50,1,50,MFG Floor,50
30275,6588L-34,744227,50,0,50,1,50,MFG Floor,50
38513,8739L-5,RD367,50,0,50,1,50,MFG Floor,50
36836,7143L-50,M22-7131042,50,0,50,1,50,MFG Floor,50
37571,7946l-140,DS9098P-TRL,50,0,50,1,50,1502301,0
9927,7307-33,22112032,50,0,50,1,50,MFG Floor,50
33035,6659M-5,D38999/20WH35AN,50,0,50,1,50,MFG Floor,50
20228,6588L-22,APHCM2012CGCK-F01,50,0,50,1,50,MFG Floor,50
3271,7254T-7,INA122UA,50,0,50,1,50,MFG Floor,50
12629,6590L-A-58,BC846BW-7-F,50,0,50,1,50,MFG Floor,50
3102,7694L-7,PDS560-13,49,0,49,1,49,MFG Floor,49
4300,6588-73,MIC2954-03WSTR,49,0,49,1,49,MFG Floor,49
41100,7396-255,CD4098BE,49,0,49,1,49,MFG Floor,49
1991,8766L-30,2N7002-7-F,48,0,48,1,48,MFG Floor,48
13546,8138M-380,TBU-CA065-300-WH,48,0,48,1,48,MFG Floor,48
16566,8258L-250,SN65LVDT2DBVR,48,0,48,1,48,MFG Floor,48
7091,8525ML-1-215,MBRS340T3G,48,0,48,1,48,MFG Floor,48
22532,6463-130,ERJ-3EKF1001V,96,48,48,1,48,1601004,0
20216,6753L-100,KXTF9-4100,48,0,48,1,48,MFG Floor,48
11431,8284-70,ELC-3GN100M,48,0,48,1,48,MFG Floor,48
4434,6590-33,BZX84C2V7LT1G,47,0,47,1,47,MFG Floor,47
17556,8210L-200,ZLDO1117G12TA,47,0,47,1,47,MFG Floor,47
14698,8159-50,PA4341.103NLT,47,0,47,1,47,MFG Floor,47
39862,8766LF-1-10,43031-0012,47,0,47,1,47,MFG Floor,47
2665,7584-16,UMK107ABJ474KA-T,46,0,46,1,46,MFG Floor,46
3238,7848-21,BK2125LM252-T,46,0,46,1,46,MFG Floor,46
19985,8080L-1-320,ABM3B-25.000MHZ-10-1-U-T,46,0,46,1,46,MFG Floor,46
25575,6590L-42,NCP3063BDR2G,46,0,46,1,46,MFG Floor,46
3938,7747-10,150141VS73100,46,0,46,1,46,MFG Floor,46
3608,7943-30,S1A,46,0,46,1,46,MFG Floor,46
22156,8169M-465,HCPL-181-00DE,45,0,45,1,45,MFG Floor,45
18323,7944L-26,ELL-6SH470M,45,0,45,1,45,1503009,45
17599,6252-65,ADM803TAKSZ-REEL7,45,0,45,1,45,MFG Floor,45
25440,6590L-A-43,AMIS42665TJAA1RG,45,0,45,1,45,MFG Floor,45
9532,8204-145,B4B-XH-A(LF)(SN),45,0,45,1,45,MFG Floor,45
30158,7946l-15,c,45,0,45,2,90,1502101,0
9409,7726-38,RN55D4752FB14,45,0,45,1,45,MFG Floor,45
41481,8128L-45,35362-0450,45,0,45,1,45,MFG Floor,45
4438,6588-28,SPD73R-474M,45,0,45,1,45,MFG Floor,45
12259,8314-330,VC121048H101DP,45,0,45,1,45,MFG Floor,45
3936,7747-15,150141YS73100,45,0,45,1,45,MFG Floor,45
17137,8314-140,SRR1806-151M,45,0,45,1,45,MFG Floor,45
20225,6753L-105,24LC025T-I/OT,45,0,45,1,45,MFG Floor,45
8094,3824-8,ERJ-8ENF1002V,45,0,45,1,45,MFG Floor,45
30560,7144l-230,MCP1826T-3302E/DC,45,0,45,1,45,MFG Floor,45
18001,8532l-5,CL10B104KB8NNNC,45,0,45,1,45,MFG Floor,45
40147,8603-40,1N4148,45,0,45,1,45,MFG Floor,45
26272,8119L-40,LP2992AIM5-3.3,45,0,45,1,45,MFG Floor,45
41410,7703ML-1-23,TSW-103-07-L-S,45,0,45,1,45,MFG Floor,45
4597,8160-60,B3100-13-F,44,0,44,1,44,MFG Floor,44
6191,ACI-3896,RNCF2010BTE2M55,88,44,44,1,44,1503001,0
3178,7848-13,SS22-TP,44,0,44,1,44,MFG Floor,44
10287,5570-1/10,FEC15-24D12,44,0,44,1,44,MFG Floor,40
6637,7547-40,MJD127G,44,0,44,1,44,MFG Floor,44
3954,8080L-60,GRM31CR61E226KE15L,44,0,44,1,44,MFG Floor,44
4631,7688-20,CRCW12100000Z0EA,44,0,44,1,44,MFG Floor,44
11940,8247-10,GRT31CR61H106KE01L,44,0,44,2,44,MFG Floor,22
6649,7331M-9,MF-MSMF050-2,44,0,44,1,44,MFG Floor,44
28031,8490M-40,1SMB5920BT3G,44,0,44,1,44,MFG Floor,44
19291,6796-55,SML-LX23YC-TR,44,0,44,1,44,MFG Floor,44
2975,6970-G1-22,LR645N8-G,76,32,44,1,44,MFG Floor,44
13619,6590-42,NCP3063BDR2G,43,0,43,1,43,MFG Floor,43
21192,8796L-20,39-01-4030,43,0,43,1,43,MFG Floor,43
6153,7595-47,TL783CKTTR,43,0,43,1,43,MFG Floor,43
14000,8314-425,LTST-C190CKT,43,0,43,1,43,MFG Floor,43
18271,8539-135,SIT8008BI-13-33E-8.000000G,42,0,42,1,42,MFG Floor,42
6813,8176-120,CRCW08055K10FKEA,42,0,42,1,42,MFG Floor,42
4614,8095-250,LTV-824S,42,0,42,1,42,MFG Floor,42
11269,8138M-310,ERJ-6ENF1002V,42,0,42,1,42,MFG Floor,42
14662,8287L-1-45,B260A-13-F,42,0,42,1,42,MFG Floor,42
29280,7946l-265,SP0503BAHTG,42,0,42,1,42,MFG Floor,42
21801,8320L-20,HSMC-C190,42,0,42,1,42,MFG Floor,42
21001,8311M-3-160,TPS3701DDC,42,0,42,1,42,MFG Floor,42
14640,6846-51,LM741CN,59,17,42,1,42,MFG Floor,25
22835,7143L-62,CPH3225A,42,0,42,1,42,MFG Floor,42
7441,8229L-200,S3B,82,41,41,1,41,1603011,0
4077,7747-15,150141YS73100,41,0,41,1,41,MFG Floor,41
10772,7686-27,MIC2026-1YM-TR,41,0,41,1,41,MFG Floor,41
23626,7686-26,ABM7-25.000MHZ-D2Y-T,41,0,41,1,41,MFG Floor,41
32117,8520l-120,150060RS75000,40,0,40,1,40,MFG Floor,40
28818,7946l-20,C1210C107M8PACTU,40,0,40,1,40,1502101,0
8781,6779ML-65,MF1/4DCT52R1302F,40,0,40,1,280,1501504,0
34449,7946L-90,MF-LSMF300/24X-2,40,0,40,1,40,1502201,0
25649,6588L-22,APHCM2012CGCK-F01,40,0,40,1,40,MFG Floor,40
25614,6948L-10,08055C104KAT2A,40,0,40,1,40,MFG Floor,40
14995,8691L-8,TAJB475K016RNJ,40,0,40,1,40,MFG Floor,40
4608,7210-26,GRM155R71E103KA01D,40,0,40,1,40,MFG Floor,40
31404,7686-26,ABM7-25.000MHZ-D2Y-T,40,0,40,1,40,MFG Floor,40
34379,8764l-395,MMBT5551-7-F,40,0,40,1,40,MFG Floor,40
4471,7907L-25,BSS84PH6433XTMA1,40,0,40,1,40,MFG Floor,40
40730,6138L-3,43045-0800,40,0,40,1,40,MFG Floor,40
34331,8594l-1040,RMCF0603FT4K70,40,0,40,2,80,MFG Floor,0
3590,8071-19,ERA-6AEB102V,40,0,40,1,40,1301405,40
19127,8328-145,GRM32EC70J107ME15L,40,0,40,1,40,MFG Floor,40
27539,8525ML-1-695,MIC2026-1YM,40,0,40,1,40,MFG Floor,40
2556,7124-9,ERJ-3EKF1002V,40,0,40,1,60,MFG Floor,60
6906,8133-120,BAT54C,40,0,40,1,40,MFG Floor,40
37600,7396-105,RNF14FTD1K00,40,0,40,1,40,MFG Floor,40
6656,7595-18,ABMM-16.000MHZ-B2-T,40,0,40,1,40,MFG Floor,40
18811,6463-45,SML-LX23GC-TR,40,0,40,1,40,MFG Floor,40
34527,7946L-285,LM3704XCMM-308/NOPB,40,0,40,1,40,MFG Floor,40
27809,8515l-1-340,CRM1206-JW-4R7ELF,40,0,40,1,40,MFG Floor,40
36965,5678ML-2,SR215C103KAA,40,0,40,1,40,MFG Floor,0
15467,8314-35,EMZA250ADA471MJA0G,40,0,40,1,40,MFG Floor,40
27337,8080L-1-15,C0603C222K5RACTU,80,40,40,1,40,MFG Floor,0
10801,8532l-55,C0805C103K1RACTU,40,0,40,1,40,MFG Floor,40
33423,8500-195,MMBT2222A-TP,40,0,40,1,80,MFG Floor,80
28355,7944L-10,MBRS140T3G,40,0,40,1,40,MFG Floor,40
10804,7848-9,EEE-1VA101XP,40,0,40,1,40,MFG Floor,40
6539,8183L-195,CRCW040227R0FKED,40,0,40,1,40,MFG Floor,40
34346,8594l-260,L-07C3N3SV6T,40,0,40,2,80,MFG Floor,40
17517,8210L-150,IS61LV5128AL-10TLI,40,0,40,1,40,MFG Floor,40
3695,8176-40,C0805C334K5RACTU,40,0,40,1,40,MFG Floor,40
5385,6225-7,FQT1N60CTF_WS,40,0,40,1,40,MFG Floor,40
41305,8128L-35,43650-0219,40,0,40,1,40,MFG Floor,40
30719,3755-150,MV3750,40,0,40,1,40,MFG Floor,40
10278,A1689L-11,MC7908CT,40,0,40,1,40,MFG Floor,40
36942,6779ML-7,TAP105K025SCS,40,0,40,1,40,MFG Floor,40
11046,8122-70,HSMG-C190,80,40,40,1,40,1406504,0
4505,7584-60,ERA-6AEB204V,40,0,40,1,40,MFG Floor,40
34372,8767L-15,GRM21BR61E106KA73K,40,0,40,1,40,MFG Floor,40
2454,7682-20,ERJ-12ZYJ510U,80,40,40,1,40,1503003,0
9658,8186-20,3266W-1-102LF,40,0,40,1,40,MFG Floor,40
36869,5684L-4,22-12-2024,40,0,40,1,40,MFG Floor,40
37060,8369L-40,GHR-03V-S,40,0,40,1,60,MFG Floor,60
33926,7451-32,PCF8574PWR,40,0,40,1,40,MFG Floor,40
33921,7944L-1-50,EEE-FK1V221P,40,0,40,1,40,1301206,0
3168,7848-50,MCR18ERTF2261,40,0,40,1,40,MFG Floor,40
15045,8167M-370,ACPL-M61L-500E,80,40,40,1,40,1101206,0
6458,8721L-75,C0603C103K5RACTU,40,0,40,1,40,MFG Floor,40
15078,8167M-85,06033D104KAT2A,80,40,40,1,40,1503008,0
44917,8731L-25,RA717,40,0,40,1,40,MFG Floor,40
5384,6588-14,SMBJ30CA,40,0,40,1,40,MFG Floor,40
34984,8197-15,BSS84DW-7-F,39,0,39,1,39,MFG Floor,0
6704,7996-15,MBR0530-TP,39,0,39,1,39,MFG Floor,39
20155,8080l-1-470,SC4501MSETRT,39,0,39,1,39,MFG Floor,39
11320,ACI-4513,RMCF0805FT10R0,78,39,39,1,39,1406701,0
38115,7394-160,CD4050BE,39,0,39,1,39,MFG Floor,39
38201,5678ML-12,1803594,39,0,39,1,39,MFG Floor,0
2835,6441-8,08053A222JAT2A,39,0,39,1,39,MFG Floor,39
15899,8288-80,ERJ-P6WF2701V,38,0,38,1,38,MFG Floor,38
11321,8037-110,CRCW060334K8FKEA,38,0,38,1,38,MFG Floor,38
7262,7907LB-8,SS13FL,38,0,38,1,38,MFG Floor,38
7549,8168L-155,ERJ-3EKF1000V,38,0,38,1,38,MFG Floor,38
11276,8169M-350,ERJ-6ENF2002V,37,0,37,1,37,MFG Floor,0
4305,5189-6,EEE-FC1V331P,37,0,37,1,37,MFG Floor,0
21796,8320L-5,TAJR104M035RNJ,37,0,37,1,37,MFG Floor,37
9945,8191M-110,OP07EPZ,37,0,37,1,37,MFG Floor,37
6779,8183L-270,C1005X5R1H104K050BB,37,0,37,1,37,MFG Floor,37
2289,6590-2,T495X336K035ATE250,37,0,37,1,37,MFG Floor,37
24217,6590L-38,SN74LV14APWR,37,0,37,1,37,MFG Floor,37
17455,8080L-1-205,CRCW060313K7FKEA,37,0,37,1,37,MFG Floor,37
7738,7785-72,FT232RQ-REEL,37,0,37,1,37,MFG Floor,37
3224,8349M-300,ERJ-3EKF1101V,36,0,36,1,36,MFG Floor,36
2714,8019-1,C0603C103K5RACTU,36,0,36,1,36,MFG Floor,36
40305,8736L-10,P10-10R-D,36,0,36,1,36,MFG Floor,36
8510,8037-19,MBR0530,36,0,36,1,36,MFG Floor,36
33592,8620ML-275,TCK-044,36,0,36,1,36,MFG Floor,36
7365,8008-435,1N4148W-7-F,36,0,36,1,36,MFG Floor,36
12819,7331-13,LMV321ILT,36,0,36,1,36,MFG Floor,36
31537,6519l-2-12,SN74HC541DW,35,0,35,1,35,MFG Floor,35
30739,7944L-20,CL21A226MOQNNNE,35,0,35,1,35,MFG Floor,35
3346,8359ML-185,SN65HVD230DR,35,0,35,1,35,MFG Floor,35
30219,6758-195,CHS-01,35,0,35,1,35,MFG Floor,35
11877,8083-1/35,RXEF050,35,0,35,1,35,MFG Floor,35
2738,8054-19,ERJ-2GE0R00X,35,0,35,1,35,MFG Floor,35
10517,4682-32,MOX300005005FE,35,0,35,1,35,MFG Floor,35
6170,8168L-130,RC0603FR-07100KL,35,0,35,1,35,MFG Floor,35
2809,8080L-120,GRM21BR61E106KA73L,35,0,35,1,35,MFG Floor,35
5127,6590-45,ADUM1401BRWZ-RL,35,0,35,1,35,MFG Floor,35
32436,7944L-2,06036D106MAT2A,35,0,35,1,35,MFG Floor,35
13633,6753-81,ILD206T,35,0,35,1,35,MFG Floor,35
16887,6588L-22,APHCM2012CGCK-F01,35,0,35,1,35,MFG Floor,35
6575,8103-15,ERJ-12ZYJ103U,35,0,35,1,35,MFG Floor,35
36811,7946L-230,300SP1J1BLKM7QE,70,35,35,1,35,1502201,0
5693,7686-36,BAT42WS-TP,35,0,35,1,35,MFG Floor,35
13176,8204-220,CC0603KRX5R6BB105,35,0,35,1,35,MFG Floor,35
14499,8218L-65,TSM650P03CXRFG,35,0,35,1,140,MFG Floor,105
8741,8003-18,MF1/4DCT52R1822F,3500,3465,35,1,35,MFG Floor,35
36218,4553-310,C0603C102K5RACTU,55,20,35,1,35,1605001,0
18324,7944L-105,SMAJ24CA,35,0,35,1,35,MFG Floor,35
15089,8258L-180,RMCF0402ZT0R00,35,0,35,1,35,MFG Floor,35
30467,8690L-45,TC1262-3.3VDBTR,35,0,35,1,35,MFG Floor,35
20173,8080L-1-280,BQ2205LYPWR,34,0,34,1,34,MFG Floor,34
6912,8136L-220,SMTSO-440-8ET,34,0,34,1,34,MFG Floor,34
38004,7396-245,FOXLF024S,37,3,34,2,34,MFG Floor,17
11941,7944L-15,CL21B106KOQNNNE,34,0,34,1,34,MFG Floor,34
2866,8691L-7,TCA1C106M8R,34,0,34,1,34,MFG Floor,34
5901,7221L-26,L3G4200DTR,33,0,33,1,33,MFG Floor,33
17224,7143L-13,GMK107BJ105KA-T,33,0,33,1,33,MFG Floor,33
16063,8314-90,SMBJ5373B-TPMSCT-ND,33,0,33,1,33,MFG Floor,33
38120,7396-255,CD4098BE,32,0,32,1,32,MFG Floor,32
12845,7143l-10,UMK325BJ106KM-T,32,0,32,1,32,MFG Floor,32
24220,6590L-39,MIC2954-03WSTR,32,0,32,1,32,MFG Floor,32
16049,8252M-3-105,FDN5618P,32,0,32,1,32,MFG Floor,32
3211,7848-14,BZX84C12LT1G,32,0,32,1,32,MFG Floor,32
44823,8731L-20,39-01-4030,32,0,32,1,136,2203306,0
12570,8126L-275,SMTSO-440-8ET,31,0,31,1,31,MFG Floor,31
37942,1557-1-12,1429-20/19-8,31,0,31,1,31,MFG Floor,0
38815,7946L-255,LM3704XCMM-308/NOPB,60,30,30,1,30,1502201,0
23411,7605-9,ERJ-3EKF2001V,60,30,30,1,30,1503013,0
33444,8500-410,REF5045AIDGKR,50,20,30,1,30,1506403,0
2281,6463-125,ERJ-3EKF1002V,30,0,30,1,30,MFG Floor,30
40360,8098-35,1N4148,30,0,30,1,30,MFG Floor,30
1363,7688-34,ERJ-2GEJ200X,30,0,30,1,30,MFG Floor,30
39183,8021M-60,640443-2,30,0,30,1,150,1603007,0
40785,8737L-25,F2213/8-BK007 50FT RL,30,0,30,1,30,MFG Floor,30
4933,6796-35,C1608X7R1H103K080AA,30,0,30,1,30,MFG Floor,30
36947,5477-10,1N914,30,0,30,1,30,MFG Floor,0
10169,8197-40,WP3VEGW,30,0,30,1,30,MFG Floor,30
13629,6590L-A-36,TPS73618DBVT,30,0,30,1,30,MFG Floor,30
39005,8741L-70,43650-0216,30,0,30,1,30,MFG Floor,30
31523,7944L-1-105,SMAJ24CA,30,0,30,1,30,MFG Floor,30
38192,6779ML-49,68WR1KLF,30,0,30,1,44,1501503,0
40904,8197-40,WP3VEGW,30,0,30,1,30,MFG Floor,0
44344,8730L-20,3365/20,30,0,30,1,30,MFG Floor,30
12424,8195L-10,GMK316AB7106KL-TR,30,0,30,1,30,MFG Floor,30
188,7915-25,ES1J,30,0,30,1,30,MFG Floor,30
37071,8369L-50,501646-2800,30,0,30,1,45,MFG Floor,45
37055,8364L-50,3-640440-2,30,0,30,1,30,MFG Floor,30
3034,8080L-510,ULN2803ADWR,30,0,30,1,30,MFG Floor,30
36621,6590L-A-35,"LPC2919FBD144/01/,551",30,0,30,1,30,MFG Floor,30
14364,8033-3,APA-102-8192,60,30,30,1,30,1301503,0
4323,6588-27,744227,30,0,30,1,30,MFG Floor,30
16315,8245L-350,DRV5032FADBZR,30,0,30,1,30,MFG Floor,0
16593,8525ML-1-50,CL05A105KO5NNNC,30,0,30,1,30,MFG Floor,30
17075,8791L-1-5,CL31B105KCHNNNE,30,0,30,1,30,MFG Floor,30
12900,6948l-21,SML-LX0603IW-TR,30,0,30,1,30,MFG Floor,30
19305,7143L-57,MBR0520LT1G,30,0,30,2,60,MFG Floor,30
21794,7331M-13,LMV321ILT,30,0,30,1,30,MFG Floor,30
24207,6590L-A-57,744227,30,0,30,1,30,MFG Floor,30
25907,8439l-215,LSM6DSOXTR,60,30,30,1,30,1502206,0
28354,7944L-11,SML-LX0603GW-TR,30,0,30,1,30,MFG Floor,30
36826,8127L-30,39-28-1023,29,0,29,1,29,MFG Floor,29
8390,6163L-7,ECJ-1VB1H102K,29,0,29,1,29,MFG Floor,29
17011,8520l-195,RMCF0402FT10K0,29,0,29,1,29,MFG Floor,29
37901,8098-55,CD40106BE,29,0,29,1,29,MFG Floor,29
5996,C8081M-5,C1608X8R1E154K,29,0,29,1,29,MFG Floor,29
25443,6588L-73,MIC2954-03WSTR,29,0,29,1,29,MFG Floor,29
37969,7396-220,1.5KE15A,28,0,28,1,28,MFG Floor,28
14704,8080L-165,B160-13-F,28,0,28,1,28,MFG Floor,28
2798,6134-8,ECJ-GVB1E225K,28,0,28,1,28,MFG Floor,28
19633,7331M-38,MCP2120-I/SL,28,0,28,1,28,MFG Floor,28
2753,7915-21,06035A201FAT2A,28,0,28,1,28,MFG Floor,28
6602,6458-8,SN65LBC182D,28,0,28,1,28,MFG Floor,28
39373,8770L-5,1586027-5,28,0,28,1,28,MFG Floor,0
5720,7686-54,ELC-3GN100M,28,0,28,1,28,MFG Floor,28
19582,8169M-480,TSM103WIDT,28,0,28,1,28,MFG Floor,28
4115,8080L-165,B160-13-F,28,0,28,1,28,MFG Floor,28
38273,A1689L-2,1727010,28,0,28,1,28,MFG Floor,28
20728,6463-105,BSS84,27,0,27,1,27,MFG Floor,27
26895,8119L-40,LP2992AIM5-3.3/NOPB,27,0,27,1,27,MFG Floor,27
37424,8021M-60,640443-2,27,0,27,1,27,MFG Floor,0
20206,6753L-37,SSF-LXH305SGD,27,0,27,1,27,MFG Floor,27
12411,8195L-20,CL32A107MPVNNNE,27,0,27,1,27,MFG Floor,27
18493,8256L-50,CDSOT23-SRV05-4,27,0,27,1,27,MFG Floor,27
38903,6519L-2-14,TSW-113-07-T-S,27,0,27,1,27,MFG Floor,27
4180,6588-35,SPD73R-474M,27,0,27,1,27,MFG Floor,27
30268,6588L-77,"LPC2919FBD144/01/,551",27,0,27,1,27,MFG Floor,27
6049,8488l-80,GRM32ER61E226KE15L,39,13,26,2,26,1403007,0
12800,6252-70,ECS-240-18-5PXEN-TR,26,0,26,1,26,MFG Floor,26
13547,8138M-410,IFX27001TFV33,26,0,26,1,26,MFG Floor,26
40833,7801L-F-85,92141A005,26,0,26,1,26,MFG Floor,26
6866,8038-55,ES3A-E3/57T,26,0,26,1,26,MFG Floor,26
6469,8582ML-505,CRCW12060000Z0EA,26,0,26,1,26,MFG Floor,26
4881,6590-47,ADM803TAKSZ-REEL7,26,0,26,1,26,MFG Floor,26
4297,5189-46,"74HCT541D,652",26,0,26,1,26,MFG Floor,26
10363,8080L-1-515,MOC3041SR2VM,25,0,25,1,25,MFG Floor,25
20608,8467L-70,SN74LVC1G14DCKR,25,0,25,1,25,MFG Floor,25
42977,8098-45,CD14538BE,25,0,25,1,25,MFG Floor,25
38199,6779ML-120,1803426,45,20,25,1,25,1501601,0
29304,7944L-40,CL10B105MO8NNWC,25,0,25,1,25,MFG Floor,25
17077,7944L-30,CL31A106MBHNNNE,25,0,25,1,25,MFG Floor,25
4488,6588-53,TPS73618DBVT,25,0,25,1,25,MFG Floor,25
37578,7946L-245,CY14B104LA-ZS45XIT,50,25,25,1,25,1502402,0
13060,8222-15,LTST-C193KGKT-5A,25,0,25,1,25,MFG Floor,0
27710,7758-150,1984882,25,0,25,1,25,MFG Floor,25
33082,6707L-1,CFAH2002A-NGG-JT,25,0,25,1,25,MFG Floor,25
20219,6753L-98,S558-5999-Z5-F,25,0,25,1,25,MFG Floor,25
2965,6252-14,C2012X7R1E475K,25,0,25,1,25,MFG Floor,25
3688,8064-24,ERA-6AEB103V,25,0,25,1,25,MFG Floor,25
3000,7944-6,UMK212BJ105KG-T,25,0,25,1,25,MFG Floor,25
37429,8513-5,640457-2,25,0,25,1,25,MFG Floor,25
6870,8509L-1-120,IM06GR,25,0,25,1,25,MFG Floor,25
9766,6858L-21,1803578,52,27,25,1,25,2204301,0
19480,8258L-80,5013310607,25,0,25,1,25,MFG Floor,25
16614,8258L-110,BSS138W-TP,25,0,25,1,25,MFG Floor,25
12471,8195L-30,B160-13-F,25,0,25,1,25,MFG Floor,25
41597,8606M-165,AE40BLP/20FG41SN-99,25,0,25,1,25,MFG Floor,25
32431,7944L-16,SMAJ24CA,25,0,25,1,25,MFG Floor,25
15278,8245L-485,CSNL1206FT1L00,25,0,25,1,25,MFG Floor,25
6591,8071-8,MBR0530,25,0,25,1,25,1301405,25
7000,7595-9,204-4ST,25,0,25,1,25,MFG Floor,25
2748,8055-87,RMCF0402FT5K90,25,0,25,1,25,MFG Floor,0
11943,8176-125,ERJ-6GEYJ513V,25,0,25,1,25,MFG Floor,25
33042,7946L-260,MIC2026-1YM,50,25,25,1,25,1502301,0
23284,7750L-60,CRCW120622K0FKEA,25,0,25,1,25,MFG Floor,25
39901,7946L-110,0821-1X1T-36-F,25,0,25,1,25,1502202,0
16995,8256L-60,1277AS-H-1R5MP2,25,0,25,1,25,MFG Floor,25
7261,7907LB-14,"BSS84,215",24,0,24,1,24,MFG Floor,24
5706,8291-225,MBR0530-TP,24,0,24,1,24,MFG Floor,24
2775,7848-9,EEE-1VA101XP,24,0,24,1,24,MFG Floor,24
6246,7603-14,1N4148WS,24,0,24,1,24,MFG Floor,24
39205,7254R-3,VTB8441BH,24,0,24,1,24,MFG Floor,24
12257,8138M-410,IFX27001TFV33,24,0,24,1,24,MFG Floor,24
20311,8080L-1-110,DM3C-SF,24,0,24,1,24,MFG Floor,24
21173,8466L-40,CDSOT23-SRV05-4,24,0,24,1,24,MFG Floor,24
3185,8200-140,EMK107ABJ475KA-T,24,0,24,1,24,MFG Floor,24
11942,8176-110,ERJ-6GEYJ105V,24,0,24,1,24,MFG Floor,24
44289,8731L-5,1586027-5,24,0,24,2,24,MFG Floor,12
20227,6588L-76,AMIS42665TJAA1RG,24,0,24,1,24,MFG Floor,24
4258,6588-65,LTC2704IGW-12#PBF,24,0,24,1,24,MFG Floor,24
12322,8277-20,CRCW12061K50FKEA,24,0,24,1,24,MFG Floor,24
13979,8202L-30,S2B-PH-K-SLFSN,46,23,23,1,23,MFG Floor,23
17436,8314-370,PIC24EP256GU810-I/PT,23,0,23,1,23,MFG Floor,23
22742,8384L-40,87340-0613,23,0,23,1,23,MFG Floor,23
35681,4553-45,2350-6121TG,23,0,23,1,25,2205303,0
11107,8171L-215,DMN3404L-7,23,0,23,1,23,MFG Floor,23
35471,7396-180,C410C472K1R5TA,23,0,23,1,23,MFG Floor,23
6701,7996-21,XF2L-1235-1A,23,0,23,1,23,MFG Floor,23
40049,8736l-10,P10-10R-D,23,0,23,1,23,MFG Floor,23
38698,7946L-260,MIC2026-1YM,46,23,23,1,23,1502301,0
42684,8784L-5,97-3102A-24-27S,23,0,23,1,23,MFG Floor,23
2688,8054-19,ERJ-2GE0R00X,22,0,22,1,22,MFG Floor,22
39613,8770L-5,1586027-5,22,0,22,1,22,MFG Floor,0
16722,8566ML-680,ERJ-3EKF1001V,22,0,22,1,22,MFG Floor,22
3418,ACI-2686,GRT188C81E475ME13D,44,22,22,1,22,1603007,0
42678,8784L-5,97-3102A-24-27S,22,0,22,1,22,MFG Floor,22
11904,8284-30,MBR0530-TP,22,0,22,1,22,MFG Floor,22
4359,7915-22,TAJC336K016RNJ,22,0,22,1,22,MFG Floor,22
6524,8016L-4,MK01-H,22,0,22,1,22,MFG Floor,22
4190,6588-21,APT2012SYCK,22,0,22,1,22,MFG Floor,22
37945,7254R-15,206705-1,22,0,22,2,44,MFG Floor,22
10341,8098-40,CD4093BE,30,8,22,1,22,2203101,22
1572,8100L-45,SMAJ24A-13-F,22,0,22,1,22,MFG Floor,22
20163,8080L-1-167,SRU8043-220Y,22,0,22,1,22,MFG Floor,22
22485,6463-125,ERJ-3EKF1002V,22,0,22,1,22,MFG Floor,22
31448,7783-5,4606X-101-103LF,22,0,22,1,22,MFG Floor,22
14203,8124L-20,ESDA14V2SC5,21,0,21,1,21,MFG Floor,21
43514,8771L-15,3448-89120,21,0,21,1,21,MFG Floor,21
33253,7944L-14,ES1A-LTP,21,0,21,1,21,MFG Floor,21
38770,6366L-37,2955593,42,21,21,1,21,1602101,21
4259,6588-71,LTC2704IGW-12#PBF,21,0,21,1,21,MFG Floor,21
15571,8258L-240,FDC6331L,21,0,21,1,21,MFG Floor,21
42869,8762L-15,09-50-8041,21,0,21,1,21,MFG Floor,21
6467,6519-12,SN74HC541DW,21,0,21,1,21,MFG Floor,21
22005,8345-45,10118194-0001LF,21,0,21,1,21,MFG Floor,21
6675,7688-7,SN74AHC1G126DCKR,21,0,21,1,21,MFG Floor,21
36038,7249-25,08B0-1X1T-36-F,21,0,21,1,21,MFG Floor,21
6147,7595-39,LTV-846S,21,0,21,1,21,MFG Floor,21
22509,8721L-205,ERJ-P06J100V,21,0,21,1,21,MFG Floor,21
41732,8603-40,1N4148,40,20,20,1,20,MFG Floor,0
15102,8266L-100,ERJ-8GEYJ750V,20,0,20,1,20,MFG Floor,20
29514,6758-35,C0805C106K8PACTU,20,0,20,1,20,MFG Floor,20
2648,8515l-1-280,ERJ-6GEYJ471V,20,0,20,1,20,MFG Floor,20
6916,7254R-5,CRCW08051K00FKEA,20,0,20,1,20,MFG Floor,20
27532,7946L-250,"74HC14D,653",40,20,20,1,20,MFG Floor,0
5566,8277-35,CRCW12061M00FKEA,20,0,20,1,20,MFG Floor,20
4257,6588-65,LT1964ES5-BYP#TRMPBF,20,0,20,1,20,MFG Floor,20
9925,8181-165,640456-6,20,0,20,1,20,MFG Floor,20
36426,7946L-255,LM3704XCMM-308/NOPB,40,20,20,1,20,1502201,0
8186,7750L-55,C1206C474K5RACTU,20,0,20,1,20,MFG Floor,20
39999,8733L-20,3365/20,20,0,20,1,20,MFG Floor,20
10191,7734-125,WP113IDT,20,0,20,1,20,MFG Floor,20
8427,7694L-3,GRM31CR71H475KA12L,20,0,20,1,20,MFG Floor,20
9261,6779ML-112,MF1/2DCT52R1501F,20,0,20,1,125,1501601,0
3506,8336ML-75,MMSZ5231BS-7-F,20,0,20,1,20,MFG Floor,20
15805,8247-75,ESR10EZPJ100,20,0,20,1,20,MFG Floor,20
39836,8725l-2,54104,20,0,20,1,20,MFG Floor,20
29439,7750L-30,214-44-320-01-670800,20,0,20,1,20,MFG Floor,20
39849,7944L-28,ZXMP6A13FTA,20,0,20,1,20,MFG Floor,20
9874,6273ML-40,1266,20,0,20,1,20,MFG Floor,20
13602,6588-38,BC846BW-7-F,20,0,20,1,20,MFG Floor,20
37024,7801L-F-27,92141A008,20,0,20,1,20,MFG Floor,20
14884,8033-5,7440700047,20,0,20,1,20,MFG Floor,20
10080,4187-1,CK06BX104K,20,0,20,1,20,MFG Floor,20
10145,5189-11,1-390262-5,20,0,20,1,20,MFG Floor,20
2780,6970-G1-5,ECJ-3YB1E105K,20,0,20,1,20,MFG Floor,20
22552,8552L-10,TAJR104M035RNJ,20,0,20,1,20,MFG Floor,20
16675,8080L-1-65,SMBJ7.0A,20,0,20,1,20,MFG Floor,20
43741,8773L-85,5-104068-4,20,0,20,1,20,MFG Floor,20
16885,8098-1-140,MF1/4DCT52R1002F,20,0,20,1,20,MFG Floor,20
10408,7451-6,ECE-A1HKA010,20,0,20,1,20,2203102,20
33468,6590L-A-35,"LPC2919FBD144/01/,551",20,0,20,1,20,MFG Floor,20
23719,8461l-55,C0603C104K5RACTU,20,0,20,1,20,MFG Floor,20
20161,8080L-1-285,ST3232BTR,20,0,20,1,20,MFG Floor,20
38702,7946L-310,SD12C.TCT,40,20,20,1,20,1502302,0
7665,7124-7,ERJ-3EKF4990V,20,0,20,1,20,MFG Floor,20
3310,7157-44,LM2575SX-3.3/NOPB,19,0,19,1,19,MFG Floor,19
1981,7915-23,BAV99-TP,19,0,19,1,19,MFG Floor,19
17541,8314-420,MC-40532.7680K-A0ROHS,19,0,19,1,19,MFG Floor,19
19295,8080L-1-165,SRU8043-100Y,19,0,19,1,19,MFG Floor,19
6507,7595-23,CB3-3C-3M6864,19,0,19,1,19,MFG Floor,19
3500,7848-16,LM358D,19,0,19,1,19,MFG Floor,19
38791,8737L-15,39-00-0039,19,0,19,1,24,MFG Floor,24
8064,6590L-54,ECS-160-20-5P-TR,19,0,19,1,19,MFG Floor,19
5639,6252-60,NCP3063BDR2G,19,0,19,1,19,MFG Floor,19
4457,8322-130,LM1117MPX-3.3/NOPB,19,0,19,1,19,MFG Floor,19
31442,8500-470,ISM95-3251AH-60.000MHZ,18,0,18,1,18,MFG Floor,18
3463,7785-62,B3S-1000,18,0,18,3,18,MFG Floor,6
8483,8582ML-75,C0805C104K5RACTU,18,0,18,1,18,MFG Floor,18
39186,8805L-35,640452-3,18,0,18,1,18,MFG Floor,0
20149,8080L-1-310,CY62126EV30LL-45ZSXI,18,0,18,1,18,MFG Floor,18
6555,8461l-55,C0603C104K5RACTU,18,0,18,1,18,MFG Floor,18
15279,8245L-305,ERJ-2RKF60R4X,18,0,18,1,18,MFG Floor,18
38190,5678ML-11,1803442,18,0,18,1,18,MFG Floor,0
3176,8199-540,TMK212BJ475KG-T,18,0,18,1,18,MFG Floor,18
8453,8230ML-205,RC0603FR-071ML,18,0,18,1,18,MFG Floor,0
17123,8314-180,ZXMP10A18KTC,18,0,18,1,18,MFG Floor,18
22276,8425ML-30,CRCW060322K1FKEB,17,0,17,1,17,MFG Floor,17
6670,8291-100,CGA3E1X7R1E105K080AE,17,0,17,1,17,MFG Floor,17
4353,5189-32,25C040-I/SN,17,0,17,1,17,MFG Floor,17
42948,8740L-20,1586027-5,17,0,17,1,17,MFG Floor,17
13764,8314-365,MCP6282-E/SN,17,0,17,1,17,MFG Floor,17
8457,8176-140,RC0805FR-0711K8L,17,0,17,1,17,MFG Floor,17
44380,8731L-5,1586027-5,17,0,17,1,17,MFG Floor,17
37954,7396-290,DG23-B2LA,17,0,17,1,17,MFG Floor,17
36834,7307-34,22-11-2032,34,17,17,1,17,Count Area,0
39184,8805L-45,640457-2,17,0,17,1,17,MFG Floor,0
42162,8731L-5,1586027-5,17,0,17,1,17,MFG Floor,17
11973,8566ML-1380,C1608X7R1H474K080AE,17,0,17,1,17,MFG Floor,17
9977,7726-14,MC14081BCPG,17,0,17,1,17,MFG Floor,17
6283,7144L-22,AT45DB321E-SHF-T,17,0,17,1,17,MFG Floor,17
3450,7860-15,T491C226K025AT,17,0,17,1,17,MFG Floor,0
8446,8336ML-180,RC0603FR-0710KL,34,17,17,1,17,1401102,0
7281,7996-15,MBR0530-TP,17,0,17,1,17,MFG Floor,17
33039,7686-5,SN74LVC16T245DGVR,32,16,16,1,16,1406705,0
17126,8314-385,IFX27001TFV33,16,0,16,1,16,MFG Floor,16
22681,8460L-130,SZNUP3105LT3G,16,0,16,2,16,MFG Floor,8
6564,7331M-38,MCP2120-I/SL,16,0,16,1,16,MFG Floor,16
15895,7143L-1-7,EEE-1VA101XP,16,0,16,1,16,MFG Floor,16
14672,6932L-21,SN65HVD35DR,16,0,16,1,16,MFG Floor,16
13900,8083-1-120,MM74HCT05MX,16,0,16,1,16,MFG Floor,16
39595,8725l-2,54104,16,0,16,1,16,MFG Floor,16
20262,8080L-1-170,SPD62R-472M,16,0,16,1,16,MFG Floor,16
13155,8033-4,ADP2303ARDZ-5.0-R7,15,0,15,1,15,MFG Floor,15
13036,8566ML-440,ERJ-3EKF2700V,15,0,15,1,15,MFG Floor,15
12474,8525ML-1-450,RC0603FR-074K75L,15,0,15,1,15,MFG Floor,15
17445,8520L-250,CDSOT23-SM712,15,0,15,1,15,MFG Floor,15
15812,8288-100,10118194-0001LF,15,0,15,1,15,MFG Floor,15
9845,8080L-110,C1608X7R1H104K080AA,15,0,15,1,15,MFG Floor,15
18272,8520l-55,GRT31CR61H106KE01L,15,0,15,1,15,MFG Floor,15
26824,8515l-1-70,CL31A476MPHNNNE,15,0,15,1,15,MFG Floor,15
31961,8555L-235,SPC02SYAN,15,0,15,1,15,MFG Floor,15
20031,7254T-2,08055C221KAT2A,15,0,15,1,15,1406507,15
20160,8080L-1-275,LF347BDR,15,0,15,1,15,MFG Floor,15
5067,8064-9,LS R976-NR-1,15,0,15,1,15,MFG Floor,15
4446,6542-5,LN1451CTR,15,0,15,1,15,MFG Floor,15
37068,8369L-40,GHR-03V-S,15,0,15,1,15,MFG Floor,15
43399,8771L-10,89120-0101-HA,15,0,15,1,15,MFG Floor,15
41142,7394-155,CD4068BE,15,0,15,1,15,MFG Floor,15
34380,8594l-250,CTTF0402F-4N7B,15,0,15,2,30,MFG Floor,0
38706,7946L-100,SSQ-105-01-L-D,15,0,15,1,15,1502201,0
37999,7143l-43,ABS25-32.768KHZ-6-T,15,0,15,1,15,MFG Floor,15
4601,7210-28,CL21A226KQQNNNE,15,0,15,1,15,MFG Floor,0
38026,7396-210,MAL203137101E3,30,15,15,1,15,2204101,0
18223,8258L-255,SN65LVDS1DBVR,15,0,15,1,15,MFG Floor,15
5704,8064-5,CC1206MKX5R5BB107,15,0,15,1,15,MFG Floor,15
4588,6590-42,NCP3063BDR2G,15,0,15,1,15,MFG Floor,15
30752,8520L-250,CDSOT23-SM712,15,0,15,1,15,MFG Floor,15
14712,7946l-265,SP0503BAHTG,15,0,15,1,15,MFG Floor,15
42255,8736L-10,P10-10R-D,115,100,15,1,15,MFG Floor,15
40671,8746L-10,P10-10R-D,15,0,15,1,15,MFG Floor,15
13815,6932L-21,SN65HVD35DR,15,0,15,1,15,MFG Floor,15
4442,6590-27,CGRC501-G,14,0,14,1,14,MFG Floor,14
3580,7860-89,KSC341JLFS,14,0,14,1,14,MFG Floor,14
10391,6846-43,LF347BN,14,0,14,1,14,MFG Floor,14
29119,7944L-175,ERJ-3EKF1002V,14,0,14,1,14,MFG Floor,14
5897,6590-39,MIC2954-03WS TR,14,0,14,1,14,MFG Floor,14
39696,7759-1,MSR516NJR,14,0,14,1,14,MFG Floor,14
11073,8171L-270,SMTSO-440-8ET,14,0,14,1,14,MFG Floor,14
7175,8525ML-1-10,CL31B106KAHNNNE,14,0,14,1,14,MFG Floor,14
41723,8579-25,1N4148,14,0,14,1,14,MFG Floor,14
29509,6758-90,MF-NSMF012,14,0,14,1,14,MFG Floor,14
9747,5189-13,5103310-1,14,0,14,1,14,MFG Floor,14
4671,7932L-8,15MQ060NTR,14,0,14,1,14,MFG Floor,14
44398,8098-1-70,CD40106BE,28,14,14,1,14,2205301,0
3959,8168L-125,"2N7002P,215",14,0,14,1,14,MFG Floor,14
7265,7907LB-10,20021121-00010C4LF,14,0,14,1,14,MFG Floor,14
16715,6463-270,ECS-40-20-5PX-TR,28,14,14,1,14,1601002,0
6674,7688-25,AT24C04C-XHM-T,14,0,14,1,14,MFG Floor,14
10810,8176-35,C2012C0G1H333J125AA,14,0,14,1,14,MFG Floor,14
43029,7249-13,1N4148WS-7-F,28,14,14,1,14,1602203,0
3611,7944-42,TL3301AF260QG,14,0,14,1,14,MFG Floor,14
3341,8277-65,597-3111-407F,13,0,13,1,13,MFG Floor,13
8440,7183L-2,UMK107BJ105KA-T,26,13,13,1,13,MFG Floor,0
2661,7155-27,ERJ-6GEYJ222V,13,0,13,1,13,MFG Floor,13
2674,7584-16,UMK107ABJ474KA-T,13,0,13,1,13,MFG Floor,13
18760,6802-230,VNQ860-E,13,0,13,1,13,MFG Floor,13
3252,8343ML-370,MAX3221EIPWR,13,0,13,1,13,MFG Floor,13
15088,8520L-210,RMCF0402JT100R,13,0,13,1,13,MFG Floor,13
20164,8080L-1-287,TPS61165DBVR,13,0,13,1,13,MFG Floor,13
3090,7694L-42,PIC16F1825-I/SL,13,0,13,1,13,MFG Floor,13
41022,A1689L-1,1727010,13,0,13,1,13,MFG Floor,13
4406,8095-240,LPV511MG/NOPB,13,0,13,1,13,MFG Floor,13
30165,7946L-250,"74HC14D,653",24,12,12,1,12,1502201,0
44830,8731L-25,RA717,12,0,12,1,12,MFG Floor,12
6776,8183L-20,GJM1555C1H6R0BB01D,12,0,12,1,12,MFG Floor,12
23245,8119L-32,ESDA14V2SC5,12,0,12,1,12,MFG Floor,12
23194,8119L-40,LP2992AIM5-3.3/NOPB,12,0,12,1,12,MFG Floor,12
6441,6519L-2-12,SN74HC541DW,12,0,12,1,12,MFG Floor,12
37935,1557-1-5,VTB8441BH,12,0,12,1,12,MFG Floor,12
30571,7144l-220,ABS25-32.768KHZ-6-T,12,0,12,1,12,MFG Floor,12
19333,8258L-80,5013310607,12,0,12,1,12,MFG Floor,12
40921,8791L-1-40,RNF14FTD1M00,12,0,12,1,12,MFG Floor,12
41215,8748L-250,LW QH8G-Q2OO-3K5L-1,12,0,12,1,12,MFG Floor,12
19703,8204-75,ESR03EZPF1001,12,0,12,1,12,MFG Floor,12
37544,7620-20,TDC474K050NSE-F,12,0,12,1,12,MFG Floor,12
35470,8098-70,NE555P,12,0,12,1,12,MFG Floor,12
38993,8098-1-70,CD40106BE,24,12,12,1,12,2105302,0
23445,6463-50,B140-13-F,12,0,12,1,12,MFG Floor,12
42927,8762L-20,CAROL C6353A.41.10,12,0,12,1,12,MFG Floor,12
3831,7466l-7,C1812V334KCRACTU,12,0,12,1,12,MFG Floor,12
26894,8119L-32,ESDA14V2SC5,12,0,12,1,12,MFG Floor,12
21330,8148L-135,ABM3B-8.000MHZ-B2-T,12,0,12,1,12,MFG Floor,12
22281,8343ML-365,X60003CIG3Z-50T1,18,6,12,2,12,1601004,0
18077,8247-140,SI8380P-IU,12,0,12,1,12,MFG Floor,12
12251,8138M-415,SN74LVC2G34DBVR,12,0,12,1,12,MFG Floor,12
9970,8177M-135,CRCW060310K0FKEA,11,0,11,1,11,MFG Floor,0
4351,6590-48,"LM75ADP,118",11,0,11,1,11,MFG Floor,11
6682,7144L-18,MCP1700T-3302E/MB,11,0,11,1,11,MFG Floor,11
7757,7393-35,GRM1885C1H270JA01D,22,11,11,1,11,MFG Floor,0
4543,5189-34,MCP2510-I/SO,11,0,11,1,11,MFG Floor,11
3125,7694L-8,SMCJ15A-13-F,22,11,11,1,11,MFG Floor,0
3020,8083-3,T491B106K016AT,11,0,11,1,11,MFG Floor,11
22380,7754L-35,214-44-320-01-670800,11,0,11,1,11,MFG Floor,11
4699,8277-65,597-3111-407F,11,0,11,1,11,MFG Floor,11
6698,7996-48,2N7002DW-7-F,11,0,11,1,11,MFG Floor,11
15416,8245L-205,BSS138W-TP,11,0,11,1,11,MFG Floor,11
14323,8033-15,ACS722LLCTR-10AB-T,11,0,11,1,11,MFG Floor,11
4437,5189-7,EEU-FC1H391S,11,0,11,1,11,MFG Floor,11
16305,8080L-1-290,ULN2803ADWR,11,0,11,1,11,1301706,11
18769,6463-230,CO4011B-FL,33,22,11,1,11,MFG Floor,0
6678,7688-28,XF2M-6015-1AH,11,0,11,1,11,MFG Floor,11
39092,8764L-380,MAX9610TEXK+T,10,0,10,1,10,1301706,10
7145,8223L-35,BLM18KG601SN1D,10,0,10,1,10,MFG Floor,10
12490,8411-150,CRCW08052R00FKEAC,10,0,10,1,10,MFG Floor,0
27114,8520l-55,GRT31CR61H106KE01L,10,0,10,1,10,MFG Floor,10
44202,8771L-15,3448-89120,10,0,10,1,10,MFG Floor,10
37108,8803L-10,39-01-2025,20,10,10,1,10,2204103,0
22752,8384L-55,LP2950CDTX-3.3/NOPB,10,0,10,1,10,MFG Floor,0
22749,8460L-130,SZNUP3105LT3G,10,0,10,1,10,MFG Floor,10
22294,8343ML-245,MCT06030C1001FP500,15,5,10,2,10,1601004,0
2679,8168L-15,GCM188R71H473KA55D,13,3,10,1,10,MFG Floor,10
2853,8100L-20,GRM219R61E106KA12D,10,0,10,1,10,MFG Floor,10
20593,8467L-40,693071010811,10,0,10,1,10,MFG Floor,10
19680,8355M-55,ERJ-14NF4751U,10,0,10,1,10,MFG Floor,10
2362,7946-220,ERJ-3EKF1502V,10,0,10,1,10,MFG Floor,10
44951,6366L-19,1592589,10,0,10,1,10,MFG Floor,10
21395,8336ML-20,2N7002DW-7-F,10,0,10,1,10,MFG Floor,10
21359,8336ML-20,UMK212B7224KG-T,10,0,10,1,10,MFG Floor,10
16104,8314-375,TC1047AVNBTR,10,0,10,1,10,MFG Floor,10
12074,8564ML-100,T491A225M010AT,10,0,10,1,10,MFG Floor,10
4433,8019-29,LT1964ES5-BYP#TRMPBF,10,0,10,1,10,MFG Floor,10
9940,8171L-175,640456-5,10,0,10,1,10,MFG Floor,10
4901,8183L-265,FXOS8700CQR1,10,0,10,1,10,1606501,10
30122,7946l-20,C1210C107M8PACTU,10,0,10,1,10,1502101,0
5276,8242M-375,RMCF0603FT30K9,10,0,10,1,10,MFG Floor,10
5995,6753-49,744227,10,0,10,1,10,MFG Floor,10
5570,8115-180,CRCW1206499RFKEA,10,0,10,1,10,MFG Floor,10
5581,6590-56,SPD73R-474M,10,0,10,1,10,MFG Floor,10
19609,8247-70,ITS4200SMEOHUMA1,10,0,10,1,10,MFG Floor,10
40807,8657ml-795,SN65LVDS1DBVR,10,0,10,1,10,MFG Floor,10
19560,8328-110,IN-S63ATR,10,0,10,1,10,MFG Floor,10
4360,7830-13,BLM18HG601SN1D,10,0,10,1,10,MFG Floor,10
6442,6519-6,UWX1V100MCL1GB,10,0,10,1,10,MFG Floor,10
11509,8037-125,WSLF25121L000FEA,10,0,10,1,10,MFG Floor,0
44835,8736L-10,P10-10R-D,10,0,10,1,10,MFG Floor,10
32437,7944L-48,LD29080DT33R,10,0,10,1,10,MFG Floor,10
3487,7860-46,SI4346DY-T1-E3,10,0,10,1,10,MFG Floor,10
12670,8277-20,CRCW12061K50FKEA,10,0,10,1,10,MFG Floor,10
18523,7144L-225,MCP1700T-3302E/MB,10,0,10,1,10,MFG Floor,10
20261,8080L-1-120,FH12-36S-0.5SH55,10,0,10,1,10,MFG Floor,10
7428,7996-21,XF2L-1235-1A,10,0,10,1,10,MFG Floor,10
7472,7984-15,APHHS1005SECK,10,0,10,1,10,MFG Floor,10
8411,8016L-1,87833-6520,10,0,10,1,10,MFG Floor,10
8658,7984-35,APHHS1005SECK,10,0,10,1,10,MFG Floor,10
18013,8045-8,MBR0530-TP,10,0,10,1,10,MFG Floor,10
13772,8532l-150,SMBJ40A,10,0,10,1,10,MFG Floor,10
17782,8314-435,SN74LVC2G34DBVR,10,0,10,1,10,MFG Floor,10
37951,7396-290,DG23-B2LA,15,5,10,1,10,MFG Floor,5
9875,7595-40,M20-9980346,10,0,10,1,10,MFG Floor,10
15417,8279L-175,DMN5L06K-7,10,0,10,1,10,MFG Floor,10
18064,7758-115,ZV130K1812T301N,10,0,10,1,10,MFG Floor,0
21771,8169M-480,TSM103WIDT,10,0,10,1,10,MFG Floor,10
34217,6590L-A-43,AMIS42665TJAA1RG,10,0,10,1,10,MFG Floor,10
6108,7331-14,TFDU4101-TT3,10,0,10,1,10,MFG Floor,10
18269,8247-135,LD1085D2M33R,9,0,9,1,9,MFG Floor,9
4451,8168L-65,APHBM2012SURKCGKC,9,0,9,1,9,MFG Floor,9
35658,3755-160,MV3450,9,0,9,1,9,MFG Floor,9
4335,6590-42,NCP3063BDR2G,9,0,9,1,9,MFG Floor,9
2586,8160-120,ERJ-6GEYJ513V,9,0,9,1,9,MFG Floor,9
5440,7996-48,2N7002DW-7-F,9,0,9,1,9,MFG Floor,9
3124,8188L-100,CRCW12061K50FKEAHP,9,0,9,1,9,MFG Floor,9
22437,7144L-160,FT232RL-REEL,9,0,9,1,9,MFG Floor,9
3324,8055-35,SS14,9,0,9,1,9,MFG Floor,0
15148,8266L-40,APFA3011-AK13/F,9,0,9,1,9,MFG Floor,9
12654,7595-23,CB3-3C-3M6864,9,0,9,1,9,MFG Floor,9
29360,7144l-220,ABS25-32.768KHZ-6-T,9,0,9,1,9,MFG Floor,9
18544,8037-240,INA219BIDCNR,9,0,9,1,9,MFG Floor,9
37938,1557-1-6,M64Y504KB40,9,0,9,1,9,MFG Floor,9
31283,4553-35,640456-3,9,0,9,1,19,1605001,0
3593,8090L-5,C1210C104KCRACTU,8,0,8,1,8,MFG Floor,8
28165,8461l-65,TR3E336M025C0175,8,0,8,1,8,MFG Floor,8
10650,6753-47,ADM803TAKSZ-REEL7,8,0,8,1,8,MFG Floor,8
28162,8461l-60,VJ0603Y103JXBPW1BC,8,0,8,1,8,MFG Floor,8
7319,8044-11,SN74AVC1T45DCKR,8,0,8,1,8,MFG Floor,8
28161,8461l-70,TR3E476M025C0150,8,0,8,1,8,MFG Floor,8
7461,8317-100,NRVA4005T3G,8,0,8,1,8,MFG Floor,8
5026,8112-170,SMAJ58A-13-F,8,0,8,1,8,MFG Floor,8
29499,6758-200,CO4011B-FL,8,0,8,1,8,MFG Floor,8
29496,6758-230,ECS-40-20-5PX-TR,8,0,8,1,8,MFG Floor,8
36433,7946l-140,DS9098P-TRL,8,0,8,1,8,1502301,0
3597,8430L-65,S1G,8,0,8,1,8,MFG Floor,0
3407,8012L-7,HMK325B7225KN-T,8,0,8,1,8,MFG Floor,8
3385,8222-10,GRM31CR71A226KE15L,8,0,8,1,8,MFG Floor,8
15249,7183l-8,AS5040-ASST,8,0,8,1,8,MFG Floor,8
39450,8622ML-25,5015,8,0,8,1,8,MFG Floor,8
40924,8603-40,1N4148,8,0,8,2,8,MFG Floor,4
6535,8074L-2,ERA-3AEB7870V,8,0,8,1,8,MFG Floor,8
6823,8525ML-1-5,CL32B226KAJNFNE,8,0,8,1,8,MFG Floor,8
6926,4682-7,F931C106MAA,8,0,8,1,8,MFG Floor,8
37409,8622ML-15,HCLA0075EB,8,0,8,1,8,MFG Floor,8
20121,8415M-230,HCPL-181-00DE,8,0,8,1,8,MFG Floor,8
7270,7907LB-29,LMV358IDT,8,0,8,1,8,MFG Floor,8
7263,7907LB-24,MK16-C-2,8,0,8,1,8,MFG Floor,8
14311,8202L-65,LP2992AIM5-3.3/NOPB,16,8,8,1,8,MFG Floor,8
28163,8461l-75,SDR03EZPF4701,7,0,7,1,7,MFG Floor,7
38893,8726l-2,54130,7,0,7,1,7,MFG Floor,7
17790,8245L-410,SN65LVDS1DBVR,14,7,7,1,7,MFG Floor,7
4710,8136L-250,IFX27001TFV50,7,0,7,1,7,MFG Floor,7
6266,8328-5,ECS-.327-CDX-1074,7,0,7,1,7,MFG Floor,7
21802,8552L-20,TLJR106M010R2000,7,0,7,1,7,MFG Floor,7
38700,7946l-280,"74HC4052D,653",21,14,7,1,7,1502303,0
12615,8126L-325,SST25VF016B-50-4I-S2AF-T,7,0,7,1,7,MFG Floor,7
3964,8531L-2-30,KC5032A16.0000CM0E00,7,0,7,1,7,MFG Floor,7
4581,8160-45,C3216X5R1H106K160AB,7,0,7,1,7,MFG Floor,7
5715,7584-32,FT232RQ-REEL,7,0,7,1,7,1301405,7
5064,7984-14,693021010811,7,0,7,1,7,MFG Floor,7
12617,8126L-190,DM3AT-SF-PEJM5,7,0,7,1,7,MFG Floor,7
4396,5189-52,"PCA82C250T/YM,115",7,0,7,1,7,MFG Floor,7
20211,6753L-49,744227,7,0,7,1,7,MFG Floor,7
21977,7331M-17,CB3-3C-3M6864,7,0,7,1,7,MFG Floor,7
11261,8037-150,CLF7045NIT-4R7N-D,7,0,7,1,7,MFG Floor,7
16946,8249L-175,MMSZ4685T1G,7,0,7,1,7,MFG Floor,7
38802,8730l-10,89120-0101-HA,7,0,7,1,7,2103304,0
5305,7210-4,MPU-9250,7,0,7,1,7,MFG Floor,7
16415,8242M-195,PS2733-1-A,6,0,6,1,6,MFG Floor,6
17815,8245L-320,SN65HVD234DR,12,6,6,1,6,MFG Floor,6
15098,8266L-50,BLM15PX221SN1D,6,0,6,1,6,MFG Floor,6
15280,8245L-160,PA4340.153NLT,6,0,6,1,6,MFG Floor,6
4460,6590-42,NCP3063BDR2G,6,0,6,1,6,MFG Floor,6
4619,8080L-185,LTV-824S,6,0,6,1,6,MFG Floor,6
5729,8525ML-1-320,MPZ2012S221ATD25,6,0,6,1,6,MFG Floor,6
6944,8136L-230,ECMF02-4CMX8,6,0,6,1,6,MFG Floor,6
10269,7726-20,MC7812CT,6,0,6,1,6,MFG Floor,6
13575,8520L-250,CDSOT23-SM712,6,0,6,1,6,MFG Floor,6
13640,8138M-5,530153-2,6,0,6,1,6,MFG Floor,6
22239,8343ML-195,SI2318CDS-T1-GE3,9,3,6,2,6,1601004,0
33089,8567ML-570,Q12N-5,6,0,6,1,6,MFG Floor,6
35521,8203L-5,5555153-1,6,0,6,2,6,MFG Floor,3
4399,8095-290,TPD2E001DRYR,6,0,6,1,6,MFG Floor,6
16361,8279L-80,BAT54AWT1G,6,0,6,1,6,MFG Floor,6
16951,8249L-60,5013310607,6,0,6,1,6,MFG Floor,6
12813,7331-17,CB3-3C-3M6864,6,0,6,1,6,MFG Floor,6
22514,6463-50,B140-13-F,6,0,6,1,6,MFG Floor,6
2849,8160-30,GRM2195C1H103JA01D,6,0,6,1,6,MFG Floor,6
3169,7848-15,SMD185F-2,6,0,6,1,6,MFG Floor,6
3237,7946-260,MIC2026-1YM,6,0,6,1,6,MFG Floor,6
3326,7158-15,BAS70-06-TP,6,0,6,1,6,MFG Floor,0
3411,7158-13,BAV70-TP,6,0,6,1,6,MFG Floor,0
6525,8016L-3,MK01-B,12,6,6,1,6,MFG Floor,6
6785,8183L-35,CC0603KRX5R7BB475,6,0,6,1,6,MFG Floor,6
6795,8183L-30,ZRB18AR61E106ME01L,6,0,6,1,6,MFG Floor,6
7177,8344-55,SS34,6,0,6,1,6,MFG Floor,6
7236,8089L-45,UCW1E220MCL1GS,6,0,6,1,6,MFG Floor,6
7419,7996-35,TPA0211DGNR,6,0,6,1,6,MFG Floor,6
8172,6458-8,SN65LBC182D,6,0,6,1,6,MFG Floor,6
12060,8200-35,ERA-3AEB103V,6,0,6,1,6,MFG Floor,6
16072,8271-20,AC0805JRNPO0BN100,6,0,6,1,6,MFG Floor,6
13063,8477L-155,ABM3-8.000MHZ-D2Y-T,6,0,6,1,6,MFG Floor,0
21285,8223-75,LAN8720A-CP-TR,6,0,6,1,6,MFG Floor,6
21320,8532l-165,FTSH-105-01-L-DV-K,6,0,6,1,6,MFG Floor,6
22762,8080L-1-120,FH12-36S-0.5SH55,6,0,6,1,6,MFG Floor,6
6791,7144L-40,MC-306 32.768K-E3:ROHS,6,0,6,1,6,MFG Floor,6
15286,8245L-150,PA4340.223NLT,6,0,6,1,6,MFG Floor,6
35774,8754L-85,BQ29707DSER,6,0,6,1,6,MFG Floor,6
41452,7703ML-1-25,RTE24615,6,0,6,1,6,MFG Floor,6
31417,6846-43,LF347BN,155,150,5,1,5,2103501,0
8997,8080L-150,6A05-T,5,0,5,1,5,MFG Floor,5
5455,7712-60,MMBT4403,5,0,5,1,5,MFG Floor,5
43955,7593-17,MF1/4DCT52R5601F,5,0,5,1,5,MFG Floor,5
19900,8124L-30,LP2992AIM5-3.3/NOPB,5,0,5,1,5,MFG Floor,5
3927,7958-9,MMBT2222ALT1G,5,0,5,1,5,MFG Floor,5
4014,8525ML-1-540,ERJ-3EKF4532V,5,0,5,1,5,MFG Floor,5
13808,8257M-3-145,LM3409HVMY/NOPB,5,0,5,1,5,MFG Floor,5
19899,8119L-32,ESDA14V2SC5,5,0,5,1,5,MFG Floor,5
10118,8080l-540,1-2199298-4,5,0,5,1,5,MFG Floor,5
15843,8271-85,DMN53D0LQ-7,5,0,5,1,5,MFG Floor,5
13658,8316-20,TCAN332DR,5,0,5,1,5,MFG Floor,5
15844,8288-75,SI8380P-IU,5,0,5,1,5,MFG Floor,5
15807,8288-95,ITS4200SMEOHUMA1,5,0,5,1,5,MFG Floor,5
17179,8328-180,S2B-PH-SM4-TBLFSN,5,0,5,1,5,MFG Floor,5
14585,8223L-70,KMR231NGLFS,5,0,5,1,5,MFG Floor,5
11077,8171L-95,40015000440,5,0,5,1,5,MFG Floor,5
16778,6008-58,B22B-XADSS-N-A,5,0,5,1,5,MFG Floor,5
12138,8138M-435,TC1047AVNBTR,5,0,5,1,5,MFG Floor,5
6993,7161-18,MIC2951-02YM TR,5,0,5,1,5,MFG Floor,5
7234,8091L-5,UCW1E101MCL1GS,5,0,5,1,5,MFG Floor,5
38119,7396-260,CD4023BE,48,43,5,1,5,MFG Floor,5
7243,8080L-155,SMAJ5.0CA,5,0,5,1,5,MFG Floor,5
37772,7396-290,DG23-B2LA,5,0,5,1,5,MFG Floor,5
5046,7984-1,"74VHCT125PW,118",5,0,5,1,5,MFG Floor,5
7295,7984-28,EVP-AA802Q,5,0,5,1,5,MFG Floor,5
15293,8245L-65,GRM155R60J475ME47D,5,0,5,1,5,MFG Floor,5
5057,7984-7,MCP73831T-2ACI/OT,5,0,5,1,5,MFG Floor,5
6264,8038-145,PTS645SL50SMTR92 LFS,5,0,5,1,5,MFG Floor,5
8524,8594l-650,MLZ1608M100WT000,5,0,5,2,10,MFG Floor,5
40194,7946L-230,300SP1J1BLKM7QE,5,0,5,1,5,MFG Floor,5
39451,4553-75,REF192GSZ-REEL7,5,0,5,1,5,MFG Floor,5
3976,8525ML-1-205,LTST-C171GKT,5,0,5,1,5,MFG Floor,5
7452,7984-45,APHHS1005SECK,5,0,5,1,5,MFG Floor,5
7465,7984-2,APHHS1005QBC/D,5,0,5,1,5,MFG Floor,5
7758,8525ML-1-415,ERJ-3EKF1212V,5,0,5,1,5,MFG Floor,5
3227,8525ML-1-295,HZ0805E601R-10,5,0,5,1,5,MFG Floor,5
38851,7396-275,CD4051BE,5,0,5,1,5,MFG Floor,5
7776,8525ML-1-195,EMK107ABJ475KA-T,5,0,5,1,5,MFG Floor,5
4060,8160-130,ERJ-6GEYJ105V,5,0,5,1,5,MFG Floor,5
4520,8064-4,GRM31CR60J476ME19L,5,0,5,1,5,MFG Floor,5
7816,8245L-425,AOZ1282CI,5,0,5,1,5,MFG Floor,5
5082,7984-31,CSTCE8M00G55-R0,5,0,5,1,5,MFG Floor,5
8249,7984-80,SMF05CT1G,5,0,5,1,5,MFG Floor,5
5038,7984-25,EVP-AA802Q,5,0,5,1,5,MFG Floor,5
5318,8168L-80,74477110,5,0,5,1,5,MFG Floor,5
28795,7946L-260,MIC2026-1YM,10,5,5,1,5,MFG Floor,0
8663,7984-45,APHHS1005QBC/D,5,0,5,1,5,MFG Floor,5
21172,7331M-36,ATMEGA32U4-AUR,5,0,5,1,5,MFG Floor,5
5691,7584-39,XF2L-1835-1A,5,0,5,1,5,MFG Floor,5
5430,6134-45,LTV-356T,5,0,5,1,5,MFG Floor,5
28272,8384L-55,LP2950CDTX-3.3/NOPB,5,0,5,1,5,MFG Floor,0
19668,8355M-15,ECH-U1H103JX5,5,0,5,1,5,MFG Floor,5
5696,8038-21,ESR03EZPF1002,5,0,5,1,5,MFG Floor,5
6676,7688-21,MIC2297-42YML-TR,5,0,5,1,5,MFG Floor,5
3367,8552L-100,NA555DR,5,0,5,1,5,MFG Floor,5
20201,6753L-99,AQW282SX,5,0,5,1,5,MFG Floor,5
18709,6802-75,MF-USMF020-2,5,0,5,1,5,MFG Floor,0
8410,8016L-3,MK01-B,10,5,5,1,5,MFG Floor,5
3374,8138M-235,0ZCF0185FF2C,4,0,4,1,4,MFG Floor,4
3286,7157-47,LM78L05ACMX/NOPB,4,0,4,1,4,MFG Floor,4
3126,7893L-26,MOCD223R2M,4,0,4,1,4,MFG Floor,4
3107,7893L-16,DRC2543E0L,4,0,4,1,4,MFG Floor,4
17696,8258L-255,SN65LVDS1DBVR,4,0,4,1,4,MFG Floor,4
11085,8171L-190,1990012,4,0,4,1,4,MFG Floor,4
29936,8461l-20,INA260AIPW,4,0,4,1,4,MFG Floor,4
2643,6948L-9,ERJ-6GEYJ222V,4,0,4,1,4,MFG Floor,4
4705,8160-180,LP38692MP-3.3/NOPB,4,0,4,1,4,MFG Floor,4
5048,7984-24,SMF05CT1G,4,0,4,2,8,MFG Floor,4
4452,6753-111,TXS0108EPWR,4,0,4,1,4,MFG Floor,4
21797,8320L-25,B4B-PH-SM4-TBLFSN,4,0,4,1,4,MFG Floor,4
19960,6705-14,PIC18F4520-I/PT,4,0,4,1,4,MFG Floor,4
18889,8266L-70,SM10B-SRSS-TBLFSN,4,0,4,1,4,MFG Floor,4
6708,7996-51,SN74AVC1T45DCKR,4,0,4,1,4,MFG Floor,4
17803,8258L-285,0ZCM0020FF2G,4,0,4,1,4,MFG Floor,0
17778,8258L-105,DMP2065UFDB-7,4,0,4,1,4,MFG Floor,0
17777,8258L-260,7A-24.000MAAE-T,4,0,4,1,4,MFG Floor,4
17486,6753L-109,CLP-110-02-L-D,4,0,4,1,4,MFG Floor,4
12923,7143L-43,MC-30632.768K-E3ROHS,4,0,4,1,4,MFG Floor,4
16607,8279L-350,PCA9615DPJ,4,0,4,1,4,MFG Floor,4
16510,8260L-35,BM02B-SRSS-TBLFSN,4,0,4,1,4,MFG Floor,4
16374,8245L-350,DRV5032FADBZR,4,0,4,1,4,MFG Floor,4
16514,8260L-30,501331-1407,4,0,4,1,4,MFG Floor,4
11277,8141M-55,EMZA250ADA471MJA0G,4,0,4,1,4,MFG Floor,4
17368,6753L-89,1473005-1,4,0,4,1,4,MFG Floor,4
15689,8245L-210,BSC010N04LSATMA1,4,0,4,1,4,MFG Floor,4
17513,8258L-220,EDB4432BBPA-1D-F-R,4,0,4,1,4,1506603,0
20204,6753L-82,BTS740S2,4,0,4,1,4,MFG Floor,4
9604,5477-15,ECQ-P1H224FZW,4,0,4,1,4,MFG Floor,4
21847,8437L-85,H11L1SR2M,4,0,4,1,4,MFG Floor,4
22839,7144L-15,AT45DB321E-SHF-T,4,0,4,1,4,MFG Floor,4
14960,7996-45,MCP73113-06SI/MF,4,0,4,1,4,MFG Floor,0
6257,8328-215,TPS79601DCQR,4,0,4,1,4,MFG Floor,4
5619,8385L-40,C0805C105K5RACTU,4,0,4,1,4,MFG Floor,4
31344,8500-425,OPA350UA/2K5,8,4,4,1,4,1501204,0
5441,8044-8,NPPN151BFCN-RC,4,0,4,1,4,MFG Floor,4
4110,8095-205,"PCA9557BS,118",4,0,4,1,4,MFG Floor,4
39850,7944L-23,G5V-1-DC24,3,0,3,1,3,2103301,3
15501,8342ML-220,502570-0893,3,0,3,1,3,MFG Floor,3
6710,7996-40,ASFL1-20.000MHZ-EK-T,3,0,3,1,3,MFG Floor,3
37783,7396-415,5-102694-2,3,0,3,1,3,MFG Floor,3
33437,8500-370,PIC24EP512GP806-I/MR,6,3,3,1,3,1504002,0
15811,8288-70,LD1085D2M33R,3,0,3,1,3,MFG Floor,3
15652,8245L-120,CDSOT23-SRV05-4,3,0,3,1,3,MFG Floor,3
10739,7783-5,4606X-101-103LF,3,0,3,1,3,MFG Floor,3
44197,8771L-10,89120-0101-HA,3,0,3,1,3,MFG Floor,3
18122,6225L-10,VNH3SP30TR-E,3,0,3,1,3,MFG Floor,3
6702,7996-46,LM2622MMX-ADJ/NOPB,3,0,3,1,3,MFG Floor,3
3060,8080L-510,ULN2803ADWR,3,0,3,1,3,MFG Floor,3
35683,4553-10,747844-3,3,0,3,1,3,MFG Floor,3
31073,8127L-10,1761608-3,6,3,3,1,3,2102303,0
3751,8204-205,C2012X7R1A106M125AC,3,0,3,1,3,MFG Floor,3
21214,8119L-45,FT230XS-R,3,0,3,1,3,MFG Floor,3
21248,7143L-22,MAX3221IPWR,3,0,3,1,3,MFG Floor,3
4563,7890L-36,LTST-C193KGKT-5A,3,0,3,1,3,MFG Floor,3
10335,6846-39,AD558JNZ,3,0,3,1,3,MFG Floor,3
3091,7893L-5,B140-13-F,3,0,3,1,3,MFG Floor,3
3225,7848-16,LM358D,3,0,3,1,3,MFG Floor,3
4400,8133-20,BAT-HLD-001,3,0,3,1,3,MFG Floor,3
3907,7909LA-4,LTST-C190KRKT,3,0,3,2,6,MFG Floor,3
7032,7161-18,MIC2951-02YM TR,3,0,3,1,3,MFG Floor,3
11626,8177M-60,A-2014-1-4-N-T-R,3,0,3,1,3,MFG Floor,3
13872,8328-75,MCP73871-2AAI/ML,3,0,3,1,3,MFG Floor,3
13859,8328-85,PTS645SL50SMTR92LFS,3,0,3,1,3,MFG Floor,3
15803,8288-30,SIT8008BI-13-33E-8.000000G,3,0,3,1,3,MFG Floor,3
13973,7144L-160,FT232RL-REEL,3,0,3,1,3,MFG Floor,3
14076,7144L-210,MAX7414EUA,3,0,3,1,3,MFG Floor,3
16511,8279L-350,PCA9615DPJ,3,0,3,1,3,MFG Floor,3
3956,7158-8,LTST-C191KGKT,3,0,3,1,3,MFG Floor,3
33487,8606M-200,QSE-020-01-H-D-A,2,0,2,1,2,MFG Floor,2
38406,7703ML-3-55,RTE24615,2,0,2,1,2,MFG Floor,2
13852,8328-20,NPPN101BFLC-RC,2,0,2,1,2,MFG Floor,2
13851,8328-170,AST100Q,2,0,2,1,2,MFG Floor,2
13876,8328-90,SDA04H0SBD,2,0,2,1,2,MFG Floor,2
38733,8739L-5,RD367,2,0,2,1,2,MFG Floor,2
22237,8342ML-140,LSL29K-H1J2-1-Z,2,0,2,1,2,MFG Floor,2
22719,8499l-5,STMF446RXT,2,0,2,1,30,MFG Floor,28
4394,6590-37,IPS6041GPBF,2,0,2,1,2,MFG Floor,2
22261,8343ML-165,CBC3225T101MR,3,1,2,2,2,1601004,0
40871,7593-44,CD4023BE,2,0,2,1,2,MFG Floor,2
15284,8245L-390,SN74LVC1G02DCKR,2,0,2,1,2,MFG Floor,2
15146,8266L-145,BSS138W-TP,2,0,2,3,2,MFG Floor,2
35682,4553-5,3433-6302,2,0,2,1,2,MFG Floor,2
8530,7984-125,EVP-AA802Q,2,0,2,1,2,MFG Floor,2
3408,7158-14,ESDA25L,2,0,2,1,2,MFG Floor,2
8238,7984-30,MCP73831T-2ACI/OT,2,0,2,1,2,MFG Floor,2
13600,6753L-104,ADM803TAKSZ-REEL7,2,0,2,1,2,MFG Floor,2
7311,7984-34,U.FL-R-SMT(01),2,0,2,1,2,MFG Floor,2
12902,6948L-25,USBDF01W5,2,0,2,1,2,MFG Floor,2
17408,8258L-85,5044490707,2,0,2,1,2,MFG Floor,2
11325,8141M-370,TC1047AVNBTR,2,0,2,1,2,MFG Floor,2
15570,8261L-20,DRV5032FCDBZT,2,0,2,1,2,MFG Floor,2
11274,8142M-300,V14MLA0805H,2,0,2,1,2,MFG Floor,2
7301,7984-12,MCP73831T-2ACI/OT,2,0,2,1,2,MFG Floor,2
10359,7984-95,MCP73831T-2ACI/OT,2,0,2,1,2,MFG Floor,2
3214,8171L-180,DM3AT-SF-PEJM5,2,0,2,1,2,MFG Floor,2
17419,8258L-95,5044490807,2,0,2,1,2,MFG Floor,2
42247,8500-581,SSQ-120-04-T-D,2,0,2,1,2,MFG Floor,2
31823,8525ML-1-720,FT232RL,2,0,2,1,2,MFG Floor,2
17804,8245L-405,TLV1701AIDCKR,2,0,2,1,2,MFG Floor,2
18049,8045-16,FH12-40S-0.5SH55,2,0,2,1,2,MFG Floor,2
16591,8245L-470,5044490507,2,0,2,1,2,MFG Floor,0
15460,7254T-2,08055C221KAT2A,2,0,2,1,2,1406507,2
11330,8142M-295,VC080503A100DP,2,0,2,1,2,MFG Floor,2
19804,8294M-20,CKG57NX7S1H226M500JH,2,0,2,1,2,MFG Floor,2
9746,7452-7,0705430036,2,0,2,1,2,MFG Floor,2
3753,6590-44,MCP23S17-E/SS,2,0,2,1,2,MFG Floor,2
17781,8258L-75,5044490407,2,0,2,1,2,MFG Floor,2
7010,6463-40,SML-LX23IC-TR,2,0,2,1,2,MFG Floor,2
3389,7158-20,B82464G4474M,2,0,2,1,2,MFG Floor,2
19537,8328-15,FTSH-105-01-L-DV,2,0,2,1,2,MFG Floor,2
4075,8218L-50,TCJB106M035R0200,2,0,2,1,2,MFG Floor,2
5429,8045-16,FH12-40S-0.5SH(55),2,0,2,1,2,MFG Floor,0
6789,8183L-255,ABM3-8.000MHZ-D2Y-T,2,0,2,1,2,MFG Floor,2
3019,6970L-G1-7,S5MC-13-F,2,0,2,1,2,MFG Floor,2
16597,8258L-90,5011903017,2,0,2,1,2,MFG Floor,2
15097,8266L-175,MMSZ4685T1G,1,0,1,1,1,MFG Floor,1
32335,8294M-3-125,CKG57NX7S1H226M500JH,1,0,1,1,1,MFG Floor,1
19771,6758-190,CHS-08TA,1,0,1,1,1,MFG Floor,1
17784,8245L-320,SN65HVD234DR,1,0,1,1,1,MFG Floor,1
9251,8080L-544,CY62126EV30LL-45ZSXI,1,0,1,1,1,MFG Floor,1
11047,7758-250,LMR16010PDDAR,1,0,1,1,1,MFG Floor,1
19773,6463-250,LM22674MR-5.0,1,0,1,1,1,MFG Floor,1
8661,7984-105,ATMEGA328P-AUR,1,0,1,1,1,MFG Floor,1
7314,7686-31,USB2514B-AEZC,1,0,1,1,1,MFG Floor,1
7303,7984-24,SMF05CT1G,1,0,1,1,1,MFG Floor,1
6797,8183L-230,STM32F411RET6,1,0,1,1,1,MFG Floor,0
6782,8183L-235,MCP1826S-3302E/DB,1,0,1,1,1,MFG Floor,1
5465,Pallet-7700,7700 - PALLET,2,1,1,1,1,1506303,0
5464,Pallet-6730,6730 - PALLET,2,1,1,1,1,1506301,0
3101,8223L-75,LAN8720A-CP-TR,1,0,1,1,1,MFG Floor,1
15186,8260L-35,BM02B-SRSS-TBLFSN,1,0,1,1,1,MFG Floor,1
15096,8266L-60,5013310607,1,0,1,1,1,MFG Floor,1
14882,8033-14,BA033FP-E2,1,0,1,1,1,MFG Floor,1
3031,8095-220,FT232RL-REEL,1,0,1,1,1,MFG Floor,1
15639,8245L-415,DRV8301DCAR,1,0,1,1,1,MFG Floor,1
35554,8127L-10,1761608-3,2,1,1,1,1,2204304,0
22867,6588L-77,"LPC2919FBD144/01/,",1,0,1,1,1,MFG Floor,1
17514,8258L-195,MCIMX7D5EVM10SD,1,0,1,1,1,MFG Floor,1
14564,8223L-90,ASE-25.000MHZ-LC-T,1,0,1,1,1,MFG Floor,1
15610,8245L-440,LMV331IDCKR,1,0,1,1,1,MFG Floor,1
9633,7734-60,350432-1,1,0,1,1,1,MFG Floor,1
7065,7944-23,G5V-1-DC24,1,0,1,1,1,MFG Floor,1
4606,4553-55,MSP430F1611IPM,1,0,1,1,1,MFG Floor,1
15283,8245L-420,APX358M8G-13,1,0,1,1,1,MFG Floor,1
15149,8266L-45,ACT1210L-101-2P-TL00,1,0,1,1,1,MFG Floor,1
15145,8266L-150,MAX3053ESAT,1,0,1,1,1,MFG Floor,1
15143,8266L-55,0527452097,1,0,1,1,1,MFG Floor,1
15130,8266L-155,STM32F427VIT6,1,0,1,1,1,MFG Floor,0
15108,8266L-70,SM10B-SRSS-TBLFSN,1,0,1,1,1,MFG Floor,1
15607,8245L-365,TPS630250RNCT,2,1,1,1,1,MFG Floor,0
8535,8256L-320,ECS-.327-12.5-34B-TR,1,0,1,1,1,MFG Floor,1
5063,7984-31,MDBT40-P,1,0,1,1,1,MFG Floor,1
5061,7984-33,ATMEGA328P-AUR,1,0,1,1,1,MFG Floor,1
4422,5189-71,CPC1030NTR,1,0,1,1,1,MFG Floor,1
41535,7254R-15,206705-1,1,0,1,1,1,MFG Floor,1
3945,8247-60,10118194-0001LF,1,0,1,1,1,MFG Floor,1
3681,7972-40,LM555CMM/NOPB,1,0,1,1,1,MFG Floor,1
3678,7996-49,SI4435DDY-T1-GE3,1,0,1,1,1,MFG Floor,1
13810,8257M-3-145,LM3409HVMY/NOPB,1,0,1,1,1,MFG Floor,1
36570,7801L-1-5,0022232031,1,0,1,1,1,MFG Floor,1
18150,5678ML-9,MF1/4DCT52R1001F,0,0,0,1,310,MFG Floor,1025
40200,7946L-250,"74HC14D,653",0,0,0,1,1200,MFG Floor,2400
42982,8804L-5,39-00-0213,0,0,0,1,40,MFG Floor,40
32440,8747L-60,RC0603FR-07100KL,0,0,0,1,110,MFG Floor,0
31273,6779ML-118,1803484,0,0,0,1,7,MFG Floor,14
40180,7946L-140,DS9098P-TRL,0,0,0,1,440,MFG Floor,880
40182,7946L-140,DS9098P-TRL,0,0,0,1,220,MFG Floor,440
40207,7946L-135,RJHSE7360,0,0,0,1,886,MFG Floor,1772
40092,7946L-110,0821-1X1T-36-F,0,0,0,1,16,MFG Floor,32
40156,7946L-125,LD09S33E4GV00LF,0,0,0,1,910,MFG Floor,1820
40082,7946l-120,RJHSE-5380-02,0,0,0,1,168,MFG Floor,336
40083,7946L-120,RJHSE-5380-02,0,0,0,1,448,MFG Floor,896
40111,7946L-120,RJHSE-5380-02,0,0,0,1,448,MFG Floor,896
37939,1557-1-2,C315C220K5G5TA,0,0,0,1,0,MFG Floor,25
37948,6779ML-61,MF1/4DCT52R4701F,0,0,0,1,172,MFG Floor,344
40171,7946L-120,RJHSE-5380-02,0,0,0,1,3,MFG Floor,6
40150,7946L-120,RJHSE-5380-02,0,0,0,1,448,MFG Floor,896
40157,7946L-120,RJHSE-5380-02,0,0,0,1,1,MFG Floor,2
40168,7946L-120,RJHSE-5380-02,0,0,0,1,204,MFG Floor,408
40169,7946L-120,RJHSE-5380-02,0,0,0,1,88,MFG Floor,176
40093,7946L-110,0821-1X1T-36-F,0,0,0,1,34,MFG Floor,68
40088,7946L-110,0821-1X1T-36-F,0,0,0,1,480,MFG Floor,960
40089,7946L-110,0821-1X1T-36-F,0,0,0,1,240,MFG Floor,480
40091,7946L-110,0821-1X1T-36-F,0,0,0,1,40,MFG Floor,80
40095,7946L-105,SI-50170-F,0,0,0,1,24,MFG Floor,48
38203,6779ML-33,1N4150,0,0,0,1,275,MFG Floor,550
38206,6779ML-128,LM6132BIN/NOPB,0,0,0,1,35,MFG Floor,70
40097,7946L-100,SSQ-105-01-L-D,0,0,0,1,600,MFG Floor,1200
40099,7946L-100,SSQ-105-01-L-D,0,0,0,1,800,MFG Floor,1600
40100,7946L-100,SSQ-105-01-L-D,0,0,0,1,50,MFG Floor,100
40087,7946L-95,PPPC252LFBN-RC,0,0,0,1,2100,MFG Floor,4200
40104,7946L-65,C0603C470J5GACTU,0,0,0,1,4000,MFG Floor,8000
37893,7143L-58,MIC5319-3.3YD5-TR,0,0,0,1,10,MFG Floor,20
38131,7801l-f-50,91757A103,0,0,0,1,0,MFG Floor,98
16544,7946L-40,C0603C471K3RACTU,0,0,0,1,280,MFG Floor,560
5277,6705-13,ERJ-8GEYJ472V,0,0,0,1,200,MFG Floor,0
8786,6779ML-62,MF1/4DCT52R1502F,0,0,0,1,100,MFG Floor,200
6815,6779ML-126,LM339AM,0,0,0,1,4,MFG Floor,8
37980,6779ML-61,MF1/4DCT52R4701F,0,0,0,1,50,MFG Floor,100
26275,8440l-65,CRCW08055K76FKEA,140,140,0,1,0,MFG Floor,140
7551,8125L-35,CRCW06031M00FKEA,0,0,0,1,0,MFG Floor,90
7782,8125L-35,CRCW06031M00FKEA,0,0,0,1,0,MFG Floor,120
8622,6779ML-101,MF1/4DCT52R6802F,0,0,0,1,250,MFG Floor,500
36773,7946L-130,PJ-047AH,0,0,0,1,56,MFG Floor,117
22376,8119l-50,EEE-FC1V1R0R,0,0,0,1,0,MFG Floor,16
34083,8657ML-720,CRCW040210K0FKED,0,0,0,1,150,MFG Floor,450
33144,5189-86,RMCF0805JT1K00,0,0,0,2,200,MFG Floor,300
38496,7946L-115,292304-1,0,0,0,1,2,MFG Floor,0
8760,6779ML-97,MF1/4DCT52R4702F,0,0,0,1,100,MFG Floor,200
8766,6779ML-94,MF1/4DCT52R1202F,0,0,0,1,396,MFG Floor,792
19385,7946L-10,C0805C104K5RACTU,0,0,0,1,3000,MFG Floor,6000
38826,7946L-125,LD09S33E4GV00LF,0,0,0,1,116,MFG Floor,232
9351,7750-8,MF1/4DCT52R3300F,0,0,0,1,0,MFG Floor,200
38580,6779ML-5,C322C104K1R5TA7303,0,0,0,1,1675,MFG Floor,3350
9467,7726-37,RN60D4702FB14,0,0,0,2,800,2202104,100
20301,8037-215,MMBT3906LT1G,0,0,0,1,0,MFG Floor,0
9029,6779ML-33,1N4150TR,0,0,0,1,1000,MFG Floor,2000
9815,8179M-40,1755736,0,0,0,1,6,MFG Floor,6
38897,8780L-10,3365/16-300SF,0,0,0,1,1,1602004,200
9953,6671-75,SN75189AN,0,0,0,1,17,MFG Floor,17
17565,6846-10,1N4148TR,0,0,0,1,55,1604002,0
36819,7946L-135,RJHSE7360,0,0,0,1,72,MFG Floor,148
10201,7532-7,DSF050J104,0,0,0,1,0,MFG Floor,4
10316,6252-5,C0805C104J5RACTU,0,0,0,1,600,MFG Floor,600
29601,8657ML-215,B340A-13-F,0,0,0,1,70,MFG Floor,140
39468,8566ML-530,ERJ-3EKF2551V,0,0,0,1,180,MFG Floor,360
30695,6779ML-44,MV3350,0,0,0,1,50,MFG Floor,100
44569,8500L-130,QSC15048S24,0,0,0,1,43,MFG Floor,30
16539,7946L-65,C0603C470J5GACTU,0,0,0,1,540,MFG Floor,1080
10537,7750-45,C1206C104K5RAC7800,0,0,0,1,160,MFG Floor,160
15773,7143L-39,ERJ-3EKF1001V,0,0,0,1,0,MFG Floor,50
2860,8447L-25,T491A475K010AT,0,0,0,1,16,MFG Floor,0
16545,8243-1-45,RMCF0805JT4K70,0,0,0,1,4700,MFG Floor,4700
16547,7946L-20,08056D106KAT2A,0,0,0,1,553,MFG Floor,553
12163,7144l-115,ERJ-3EKF1003V,0,0,0,1,0,MFG Floor,70
12562,8080L-110,C1608X7R1H104K080AE,0,0,0,1,4000,MFG Floor,4000
43718,8791LF-50,91772A106,0,0,0,1,200,1503007,200
30133,8244-60,RMCF0805JT10K0,0,0,0,2,2000,MFG Floor,3000
9109,6779ML-62,MF1/4DCT52R1502F,0,0,0,1,1000,MFG Floor,2000
39576,7946L-120,RJHSE-5380-02,0,0,0,1,71,MFG Floor,142
12989,6779ML-74,MF1/4DCT52R1002F,0,0,0,2,10000,MFG Floor,13800
40059,8771L-20,3365/20,0,0,0,1,0,MFG Floor,300
17275,8245L-190,BSS138W-TP,0,0,0,1,5,MFG Floor,5
40081,7946L-115,292304-1,0,0,0,1,600,MFG Floor,1200
26280,8847L-65,RC0402FR-074K7L,0,0,0,1,530,MFG Floor,1060
17338,8793L-30,CL10A475KP8NNNC,0,0,0,1,32,MFG Floor,64
18352,7143l-13,GMK107BJ105KA-T,0,0,0,1,0,MFG Floor,80
40108,7946L-60,RHA1C151MCN1GS,0,0,0,1,1200,MFG Floor,2400
40110,7946L-120,RJHSE-5380-02,0,0,0,1,29,MFG Floor,58
40109,7946L-120,RJHSE-5380-02,0,0,0,1,23,MFG Floor,46
18791,6463-50,B140-13-F,0,0,0,1,11,MFG Floor,0
19359,7946L-180,RMCF0805JT10K0,0,0,0,2,7600,MFG Floor,7600
19367,8243-1-50,RMCF0805JT1K00,0,0,0,1,5000,MFG Floor,10000
40160,7946L-120,RJHSE-5380-02,0,0,0,1,318,MFG Floor,636
20156,8080L-1-265,DP83848CVVX/NOPB,0,0,0,1,10,MFG Floor,10
16394,8173-1-95,LTR10EVHFLR750,0,0,0,1,80,MFG Floor,80
22500,7946L-10,C0805C104K5RACTU,0,0,0,1,24,MFG Floor,48
8565,6779ML-35,RGP02-20E-E3/54,0,0,0,1,1000,MFG Floor,2000
22834,7144L-230,MCP1826T-3302E/DC,0,0,0,1,0,MFG Floor,0
23167,8080l-2-455,LTST-C190KGKT,0,0,0,1,205,MFG Floor,205
23743,7595-20,C0805C104K5RACTU,0,0,0,1,315,MFG Floor,315
6705,7946L-10,C0805C104K5RACTU,0,0,0,1,20,MFG Floor,40
25079,8385l-10,UUD1A101MCL1GS,0,0,0,1,280,MFG Floor,280
25963,8243-1-50,RMCF0805JT1K00,0,0,0,1,1100,MFG Floor,2200
8611,6779ML-86,MF1/4DCT52R1501F,0,0,0,1,500,MFG Floor,4500
41358,7254R-16,1-66103-7,0,0,0,1,300,MFG Floor,300
21851,8098-85,MF1/4DCT52R1004F,0,0,0,1,745,1604005,0
25134,7946L-35,C0603C103K5RACTU,0,0,0,1,940,MFG Floor,1880
30186,7946l-85,ES3D,0,0,0,1,200,MFG Floor,400
34685,8657ML-55,C0402C103K5RACTU,0,0,0,1,300,MFG Floor,600
32096,5189-1-86,RMCF0805JT1K00,0,0,0,1,0,MFG Floor,2000
37376,8565ml-650,TFP410PAP,4,4,0,1,0,2204401,0
1145,8071-16,MCR10EZPF3570,0,0,0,1,140,MFG Floor,140
44905,8731L-30,39-00-0039,0,0,0,1,40,MFG Floor,40
9259,6779ML-95,MF1/4DCT52R1801F,0,0,0,1,420,MFG Floor,3920
27051,7595-20,C0805C104K5RACTU,0,0,0,1,433,MFG Floor,433
27132,8525ML-1-40,C3216X5R1H106K160AB,0,0,0,1,165,MFG Floor,165
4673,7210-2,LTC4160EUDC-1#PBF,0,0,0,1,4,MFG Floor,4
27153,8594L-1290,1N4148W-7-F,0,0,0,1,95,MFG Floor,95
32271,6590L-A-45,ADUM1401BRWZ-RL,0,0,0,1,0,MFG Floor,15
27399,6970L-1A-24,ERJ-8ENF3903V,0,0,0,1,0,MFG Floor,900
27443,8384L-110,ABM11W-20.0000MHZ-6-K1Z-T3,0,0,0,1,21,MFG Floor,21
32984,7946L-100,MF-LSMF300/24X-2,0,0,0,1,70,MFG Floor,140
36731,8500L-315,OKI-78SR-5/1.5-W36-C,0,0,0,1,1,MFG Floor,1
27574,8384L-110,ABM11W-20.0000MHZ-6-K1Z-T3,0,0,0,1,20,MFG Floor,24
5165,8218L-50,TCJB106M035R0200,0,0,0,1,160,MFG Floor,160
32983,7946l-35,C0603C682K3RACTU,0,0,0,1,350,MFG Floor,700
27442,8384L-115,C0603C120K5RAC7867,0,0,0,1,145,MFG Floor,145
27722,8532l-135,B2100-13-F,0,0,0,1,39,MFG Floor,39
27929,6970-g1-20,CRCW1206100KFKEA,0,0,0,1,0,MFG Floor,1910
28263,8384L-110,ABM11W-20.0000MHZ-6-K1Z-T3,0,0,0,1,6,MFG Floor,6
28536,7143l-61,XA1110,0,0,0,1,0,MFG Floor,186
4665,8411-220,STMPS2141STR,0,0,0,1,3,MFG Floor,3
22711,8384L-60,C1608X7R1H334M080AC,0,0,0,1,87,MFG Floor,87
5579,6588L-70,LT1761ES5-5TRMPBF,0,0,0,1,35,MFG Floor,35
40078,7946L-105,292304-1,0,0,0,3,285,MFG Floor,0
24867,8384L-105,C0603C470J5RAC7867,0,0,0,1,32,MFG Floor,32
4015,8244-80,ULN2803ADWR,0,0,0,1,1,MFG Floor,2
42838,8733L-10,89120-0101-HA,0,0,0,1,105,MFG Floor,105
28583,7848-9,EEE-1VA101XP,0,0,0,1,0,MFG Floor,187
37804,6779ML-80,MF1/4DCT52R2202F,0,0,0,1,265,MFG Floor,530
22879,8384L-30,MCT06030C1001FP500,0,0,0,1,29,MFG Floor,29
29547,7946L-90,MF-LSMF300/24X-2,0,0,0,1,12,1502101,0
37015,7946L-120,RJHSE-5380-02,0,0,0,1,3,MFG Floor,18
36813,7946L-150,"ORWH-SH-105D1F,000",0,0,0,1,57,MFG Floor,57
36812,6779ML-126,LM339N,0,0,0,1,75,MFG Floor,150
2846,6758-25,C0805C103K5RACTU,0,0,0,1,0,MFG Floor,20
2848,8447L-5,C0805C105K4RACTU,0,0,0,1,15,MFG Floor,0
2672,8070-3,GRM1885C1H392JA01D,0,0,0,1,90,MFG Floor,90
37016,7946L-120,RJHSE-5380-02,0,0,0,1,50,MFG Floor,100
1866,7946L-15,C0603C104M5RAC7867,0,0,0,1,3350,MFG Floor,6700
36979,6779ML-26,1287-ST,0,0,0,1,30,MFG Floor,60
640,8584M-165,ERJ-6GEY0R00V,0,0,0,1,1250,MFG Floor,1250
187,6198-5,1N4448WS,0,0,0,1,334,MFG Floor,334
36931,6779ML-49,68WR1KLF,0,0,0,2,40,MFG Floor,60
15254,6463-105,BSS84,0,0,0,1,18,MFG Floor,18
13488,8109L-4,MK01-H,0,0,0,1,0,MFG Floor,317
38697,8813L-4DA-25,"74HC14D,653",0,0,0,1,240,MFG Floor,740
44797,8500-440,OPA350UA/2K5,0,0,0,1,44,MFG Floor,58
44561,8733L-15,3448-89120,0,0,0,1,228,MFG Floor,228
44375,8742L-10,RBC14-14,0,0,0,1,250,MFG Floor,97
44379,8733L-10,89120-0101-HA,0,0,0,1,18,MFG Floor,18
43859,8731L-5,1586027-5,0,0,0,1,59,MFG Floor,118
40080,7946L-115,292304-1,0,0,0,1,600,MFG Floor,1200
38092,6779ML-80,MF1/4DCT52R2202F,0,0,0,1,115,MFG Floor,335
15257,6463-135,ERJ-3EKF2001V,0,0,0,1,100,MFG Floor,100
4277,6588-68,LT1236BIS8-5#PBF,0,0,0,1,50,MFG Floor,50
36774,7946L-145,20021111-00010T4LF,0,0,0,1,60,MFG Floor,120
4682,7210,ERA-2AED102X,0,0,0,1,0,MFG Floor,125
22538,7946L-10,C0805C104K5RACTU,0,0,0,1,140,MFG Floor,280
